nohup: ignoring input
[STAGE] 2026-04-25 09:54:49 START build experiment
[CONFIG] 2026-04-25 09:54:49 paths graph_dir=/root/autodl-tmp/个人项目2/操作数据库/full_graph_export text_dir=/root/autodl-tmp/个人项目2/操作数据库/full_graph_export/text_chunks image_dir=/root/autodl-tmp/个人项目2/图片/64 local_model_root=/root/autodl-tmp/个人项目2/链路预测实验/local_models
[CONFIG] 2026-04-25 09:54:49 models text_encoder=albert_frozen text_model=albert-base-v2 text_model_dir=/root/autodl-tmp/个人项目2/链路预测实验/local_models/text/albert-base-v2 image_encoder=inception_resnet_v2 image_model=inception_resnet_v2.tf_ens_adv_in1k image_model_dir=/root/autodl-tmp/个人项目2/链路预测实验/local_models/image/inception_resnet_v2.tf_ens_adv_in1k graph_encoder=graphsage use_graph=True kge_scorer=complex
[CONFIG] 2026-04-25 09:54:49 cache_root=/root/autodl-tmp/个人项目2/graphkge/cache/full cache_session=20260425_095449_mm_kge_complex_albert_inception_resnet_v2_frozen raw_cache_root=/root/autodl-tmp/个人项目2/graphkge/cache/full/shared_raw
[DATA] 2026-04-25 09:54:56 catalog entities=1706516 art_entities=431773 chunks=85 triples=14297782 relations=353
[DATA] 2026-04-25 09:54:56 splits train=11446322 val=1425779 test=1425681 sample_chunks=0 train_propagation_edges=19987825
[EVAL] 2026-04-25 09:54:56 validation_max_triples=50000 final_test_max_triples=FULL
[STAGE] 2026-04-25 09:55:02 image index cache loaded: /root/autodl-tmp/个人项目2/graphkge/cache/full/image_index/image_index.pkl entries=430969
[STAGE] 2026-04-25 09:55:02 DONE build experiment (13.17s)
[CONFIG] 2026-04-25 09:55:02 training run_dir=/root/autodl-tmp/个人项目2/graphkge/runs/20260425_095449_mm_kge_complex_albert_inception_resnet_v2_frozen cache_session=20260425_095449_mm_kge_complex_albert_inception_resnet_v2_frozen
[STAGE] 2026-04-25 09:55:02 START prebuild raw caches
[STAGE] 2026-04-25 09:55:11 text cache prebuild done missing=0
[STAGE] 2026-04-25 09:55:59 prebuild image raw cache: chunk=1/85 missing=18029 loaded=17977
[STAGE] 2026-04-25 09:56:49 prebuild image raw cache: chunk=2/85 missing=20077 loaded=20050
[STAGE] 2026-04-25 09:57:38 prebuild image raw cache: chunk=3/85 missing=20076 loaded=20026
[STAGE] 2026-04-25 09:58:27 prebuild image raw cache: chunk=4/85 missing=20077 loaded=20044
[STAGE] 2026-04-25 09:59:15 prebuild image raw cache: chunk=5/85 missing=20076 loaded=20044
[STAGE] 2026-04-25 10:00:05 prebuild image raw cache: chunk=6/85 missing=20076 loaded=20019
[STAGE] 2026-04-25 10:00:54 prebuild image raw cache: chunk=7/85 missing=20077 loaded=20056
[STAGE] 2026-04-25 10:01:43 prebuild image raw cache: chunk=8/85 missing=20076 loaded=20020
[STAGE] 2026-04-25 10:02:32 prebuild image raw cache: chunk=9/85 missing=20076 loaded=20025
[STAGE] 2026-04-25 10:03:21 prebuild image raw cache: chunk=10/85 missing=20077 loaded=20044
[STAGE] 2026-04-25 10:04:10 prebuild image raw cache: chunk=11/85 missing=20076 loaded=20020
[STAGE] 2026-04-25 10:04:59 prebuild image raw cache: chunk=12/85 missing=20077 loaded=20046
[STAGE] 2026-04-25 10:05:48 prebuild image raw cache: chunk=13/85 missing=20076 loaded=20034
[STAGE] 2026-04-25 10:06:37 prebuild image raw cache: chunk=14/85 missing=20077 loaded=20018
[STAGE] 2026-04-25 10:07:26 prebuild image raw cache: chunk=15/85 missing=20076 loaded=20054
[STAGE] 2026-04-25 10:08:15 prebuild image raw cache: chunk=16/85 missing=20077 loaded=20051
[STAGE] 2026-04-25 10:09:04 prebuild image raw cache: chunk=17/85 missing=20075 loaded=20019
[STAGE] 2026-04-25 10:09:53 prebuild image raw cache: chunk=18/85 missing=20077 loaded=20051
[STAGE] 2026-04-25 10:10:42 prebuild image raw cache: chunk=19/85 missing=20074 loaded=20020
[STAGE] 2026-04-25 10:11:31 prebuild image raw cache: chunk=20/85 missing=20077 loaded=20037
[STAGE] 2026-04-25 10:12:19 prebuild image raw cache: chunk=21/85 missing=20077 loaded=20034
[STAGE] 2026-04-25 10:12:49 prebuild image raw cache: chunk=28/85 missing=10415 loaded=0
[STAGE] 2026-04-25 10:13:13 image raw cache prebuild done missing=845292 loaded=428835
[STAGE] 2026-04-25 10:13:13 DONE prebuild raw caches (1090.20s)
[STAGE] 2026-04-25 10:13:13 START train
[STAGE] 2026-04-25 10:13:13 epoch start epoch=1/3 steps_per_epoch=22357 global_step=0/67071
[TRAIN] 2026-04-25 10:13:16 step=1/67071 (0.00%) epoch=1/3 epoch_step=1/22357 (0.00%) loss=0.693158 lr=4.00001e-05 elapsed=00:04 eta=66:20:38 val_mrr=NA
[TRAIN] 2026-04-25 10:13:18 step=2/67071 (0.00%) epoch=1/3 epoch_step=2/22357 (0.01%) loss=0.693162 lr=4.00002e-05 elapsed=00:06 eta=52:13:59 val_mrr=NA
[TRAIN] 2026-04-25 10:13:20 step=3/67071 (0.00%) epoch=1/3 epoch_step=3/22357 (0.01%) loss=0.693095 lr=4.00005e-05 elapsed=00:08 eta=47:53:02 val_mrr=NA
[TRAIN] 2026-04-25 10:13:23 step=4/67071 (0.01%) epoch=1/3 epoch_step=4/22357 (0.02%) loss=0.693099 lr=4.00008e-05 elapsed=00:10 eta=46:21:23 val_mrr=NA
[TRAIN] 2026-04-25 10:13:25 step=5/67071 (0.01%) epoch=1/3 epoch_step=5/22357 (0.02%) loss=0.693087 lr=4.00013e-05 elapsed=00:12 eta=44:14:05 val_mrr=NA
[TRAIN] 2026-04-25 10:13:35 step=10/67071 (0.01%) epoch=1/3 epoch_step=10/22357 (0.04%) loss=0.692961 lr=4.00053e-05 elapsed=00:22 eta=41:51:16 val_mrr=NA
[TRAIN] 2026-04-25 10:13:56 step=20/67071 (0.03%) epoch=1/3 epoch_step=20/22357 (0.09%) loss=0.692542 lr=4.00211e-05 elapsed=00:43 eta=40:22:07 val_mrr=NA
[TRAIN] 2026-04-25 10:14:17 step=30/67071 (0.04%) epoch=1/3 epoch_step=30/22357 (0.13%) loss=0.691399 lr=4.00474e-05 elapsed=01:04 eta=39:38:59 val_mrr=NA
[TRAIN] 2026-04-25 10:14:36 step=40/67071 (0.06%) epoch=1/3 epoch_step=40/22357 (0.18%) loss=0.688615 lr=4.00843e-05 elapsed=01:24 eta=39:00:06 val_mrr=NA
[TRAIN] 2026-04-25 10:14:57 step=50/67071 (0.07%) epoch=1/3 epoch_step=50/22357 (0.22%) loss=0.679439 lr=4.01317e-05 elapsed=01:44 eta=38:43:09 val_mrr=NA
[TRAIN] 2026-04-25 10:15:17 step=60/67071 (0.09%) epoch=1/3 epoch_step=60/22357 (0.27%) loss=0.673851 lr=4.01896e-05 elapsed=02:05 eta=38:39:42 val_mrr=NA
[TRAIN] 2026-04-25 10:15:38 step=70/67071 (0.10%) epoch=1/3 epoch_step=70/22357 (0.31%) loss=0.665631 lr=4.02581e-05 elapsed=02:25 eta=38:38:30 val_mrr=NA
[TRAIN] 2026-04-25 10:16:00 step=80/67071 (0.12%) epoch=1/3 epoch_step=80/22357 (0.36%) loss=0.645069 lr=4.03371e-05 elapsed=02:47 eta=38:52:30 val_mrr=NA
[TRAIN] 2026-04-25 10:16:19 step=90/67071 (0.13%) epoch=1/3 epoch_step=90/22357 (0.40%) loss=0.634983 lr=4.04266e-05 elapsed=03:07 eta=38:34:18 val_mrr=NA
[TRAIN] 2026-04-25 10:16:39 step=100/67071 (0.15%) epoch=1/3 epoch_step=100/22357 (0.45%) loss=0.629491 lr=4.05266e-05 elapsed=03:26 eta=38:21:31 val_mrr=NA
[TRAIN] 2026-04-25 10:16:58 step=110/67071 (0.16%) epoch=1/3 epoch_step=110/22357 (0.49%) loss=0.626921 lr=4.06372e-05 elapsed=03:46 eta=38:10:45 val_mrr=NA
[TRAIN] 2026-04-25 10:17:20 step=120/67071 (0.18%) epoch=1/3 epoch_step=120/22357 (0.54%) loss=0.625156 lr=4.07583e-05 elapsed=04:08 eta=38:21:42 val_mrr=NA
[TRAIN] 2026-04-25 10:17:42 step=130/67071 (0.19%) epoch=1/3 epoch_step=130/22357 (0.58%) loss=0.590369 lr=4.08899e-05 elapsed=04:30 eta=38:34:39 val_mrr=NA
[TRAIN] 2026-04-25 10:18:03 step=140/67071 (0.21%) epoch=1/3 epoch_step=140/22357 (0.63%) loss=0.588728 lr=4.1032e-05 elapsed=04:51 eta=38:35:42 val_mrr=NA
[TRAIN] 2026-04-25 10:18:25 step=150/67071 (0.22%) epoch=1/3 epoch_step=150/22357 (0.67%) loss=0.586561 lr=4.11846e-05 elapsed=05:12 eta=38:43:15 val_mrr=NA
[TRAIN] 2026-04-25 10:18:46 step=160/67071 (0.24%) epoch=1/3 epoch_step=160/22357 (0.72%) loss=0.545364 lr=4.13477e-05 elapsed=05:33 eta=38:40:30 val_mrr=NA
[TRAIN] 2026-04-25 10:19:06 step=170/67071 (0.25%) epoch=1/3 epoch_step=170/22357 (0.76%) loss=0.539988 lr=4.15214e-05 elapsed=05:53 eta=38:38:32 val_mrr=NA
[TRAIN] 2026-04-25 10:19:26 step=180/67071 (0.27%) epoch=1/3 epoch_step=180/22357 (0.81%) loss=0.555266 lr=4.17055e-05 elapsed=06:14 eta=38:35:30 val_mrr=NA
[TRAIN] 2026-04-25 10:19:48 step=190/67071 (0.28%) epoch=1/3 epoch_step=190/22357 (0.85%) loss=0.552009 lr=4.19002e-05 elapsed=06:35 eta=38:38:22 val_mrr=NA
[TRAIN] 2026-04-25 10:20:10 step=200/67071 (0.30%) epoch=1/3 epoch_step=200/22357 (0.89%) loss=0.530637 lr=4.21053e-05 elapsed=06:57 eta=38:46:07 val_mrr=NA
[TRAIN] 2026-04-25 10:20:31 step=210/67071 (0.31%) epoch=1/3 epoch_step=210/22357 (0.94%) loss=0.541432 lr=4.23209e-05 elapsed=07:18 eta=38:44:34 val_mrr=NA
[TRAIN] 2026-04-25 10:20:53 step=220/67071 (0.33%) epoch=1/3 epoch_step=220/22357 (0.98%) loss=0.531433 lr=4.2547e-05 elapsed=07:40 eta=38:49:15 val_mrr=NA
[TRAIN] 2026-04-25 10:21:14 step=230/67071 (0.34%) epoch=1/3 epoch_step=230/22357 (1.03%) loss=0.508050 lr=4.27836e-05 elapsed=08:01 eta=38:49:53 val_mrr=NA
[TRAIN] 2026-04-25 10:21:34 step=240/67071 (0.36%) epoch=1/3 epoch_step=240/22357 (1.07%) loss=0.538822 lr=4.30307e-05 elapsed=08:21 eta=38:45:04 val_mrr=NA
[TRAIN] 2026-04-25 10:21:55 step=250/67071 (0.37%) epoch=1/3 epoch_step=250/22357 (1.12%) loss=0.539281 lr=4.32882e-05 elapsed=08:42 eta=38:45:49 val_mrr=NA
[TRAIN] 2026-04-25 10:22:16 step=260/67071 (0.39%) epoch=1/3 epoch_step=260/22357 (1.16%) loss=0.523245 lr=4.35562e-05 elapsed=09:04 eta=38:48:45 val_mrr=NA
[TRAIN] 2026-04-25 10:22:38 step=270/67071 (0.40%) epoch=1/3 epoch_step=270/22357 (1.21%) loss=0.540724 lr=4.38346e-05 elapsed=09:26 eta=38:52:12 val_mrr=NA
[TRAIN] 2026-04-25 10:22:59 step=280/67071 (0.42%) epoch=1/3 epoch_step=280/22357 (1.25%) loss=0.539896 lr=4.41235e-05 elapsed=09:47 eta=38:51:44 val_mrr=NA
[TRAIN] 2026-04-25 10:23:20 step=290/67071 (0.43%) epoch=1/3 epoch_step=290/22357 (1.30%) loss=0.519018 lr=4.44228e-05 elapsed=10:08 eta=38:52:17 val_mrr=NA
[TRAIN] 2026-04-25 10:23:41 step=300/67071 (0.45%) epoch=1/3 epoch_step=300/22357 (1.34%) loss=0.517201 lr=4.47326e-05 elapsed=10:28 eta=38:49:49 val_mrr=NA
[TRAIN] 2026-04-25 10:24:02 step=310/67071 (0.46%) epoch=1/3 epoch_step=310/22357 (1.39%) loss=0.491029 lr=4.50528e-05 elapsed=10:50 eta=38:51:15 val_mrr=NA
[TRAIN] 2026-04-25 10:24:25 step=320/67071 (0.48%) epoch=1/3 epoch_step=320/22357 (1.43%) loss=0.493850 lr=4.53834e-05 elapsed=11:12 eta=38:57:13 val_mrr=NA
[TRAIN] 2026-04-25 10:24:47 step=330/67071 (0.49%) epoch=1/3 epoch_step=330/22357 (1.48%) loss=0.516171 lr=4.57244e-05 elapsed=11:34 eta=38:59:22 val_mrr=NA
[TRAIN] 2026-04-25 10:25:07 step=340/67071 (0.51%) epoch=1/3 epoch_step=340/22357 (1.52%) loss=0.474252 lr=4.60759e-05 elapsed=11:54 eta=38:56:51 val_mrr=NA
[TRAIN] 2026-04-25 10:25:28 step=350/67071 (0.52%) epoch=1/3 epoch_step=350/22357 (1.57%) loss=0.526473 lr=4.64377e-05 elapsed=12:15 eta=38:56:48 val_mrr=NA
[TRAIN] 2026-04-25 10:25:49 step=360/67071 (0.54%) epoch=1/3 epoch_step=360/22357 (1.61%) loss=0.507861 lr=4.681e-05 elapsed=12:36 eta=38:54:54 val_mrr=NA
[TRAIN] 2026-04-25 10:26:09 step=370/67071 (0.55%) epoch=1/3 epoch_step=370/22357 (1.65%) loss=0.517768 lr=4.71926e-05 elapsed=12:56 eta=38:52:56 val_mrr=NA
[TRAIN] 2026-04-25 10:26:29 step=380/67071 (0.57%) epoch=1/3 epoch_step=380/22357 (1.70%) loss=0.504006 lr=4.75856e-05 elapsed=13:16 eta=38:48:00 val_mrr=NA
[TRAIN] 2026-04-25 10:26:50 step=390/67071 (0.58%) epoch=1/3 epoch_step=390/22357 (1.74%) loss=0.484058 lr=4.7989e-05 elapsed=13:38 eta=38:50:25 val_mrr=NA
[TRAIN] 2026-04-25 10:27:13 step=400/67071 (0.60%) epoch=1/3 epoch_step=400/22357 (1.79%) loss=0.514725 lr=4.84027e-05 elapsed=14:00 eta=38:53:45 val_mrr=NA
[TRAIN] 2026-04-25 10:27:34 step=410/67071 (0.61%) epoch=1/3 epoch_step=410/22357 (1.83%) loss=0.479673 lr=4.88268e-05 elapsed=14:21 eta=38:54:20 val_mrr=NA
[TRAIN] 2026-04-25 10:27:55 step=420/67071 (0.63%) epoch=1/3 epoch_step=420/22357 (1.88%) loss=0.474138 lr=4.92612e-05 elapsed=14:42 eta=38:53:48 val_mrr=NA
[TRAIN] 2026-04-25 10:28:16 step=430/67071 (0.64%) epoch=1/3 epoch_step=430/22357 (1.92%) loss=0.495252 lr=4.9706e-05 elapsed=15:03 eta=38:52:25 val_mrr=NA
[TRAIN] 2026-04-25 10:28:36 step=440/67071 (0.66%) epoch=1/3 epoch_step=440/22357 (1.97%) loss=0.471252 lr=5.0161e-05 elapsed=15:24 eta=38:51:21 val_mrr=NA
[TRAIN] 2026-04-25 10:28:58 step=450/67071 (0.67%) epoch=1/3 epoch_step=450/22357 (2.01%) loss=0.459518 lr=5.06264e-05 elapsed=15:45 eta=38:51:52 val_mrr=NA
[TRAIN] 2026-04-25 10:29:18 step=460/67071 (0.69%) epoch=1/3 epoch_step=460/22357 (2.06%) loss=0.465541 lr=5.11021e-05 elapsed=16:06 eta=38:50:24 val_mrr=NA
[TRAIN] 2026-04-25 10:29:38 step=470/67071 (0.70%) epoch=1/3 epoch_step=470/22357 (2.10%) loss=0.482302 lr=5.15881e-05 elapsed=16:26 eta=38:47:37 val_mrr=NA
[TRAIN] 2026-04-25 10:29:59 step=480/67071 (0.72%) epoch=1/3 epoch_step=480/22357 (2.15%) loss=0.466659 lr=5.20843e-05 elapsed=16:46 eta=38:46:33 val_mrr=NA
[TRAIN] 2026-04-25 10:30:20 step=490/67071 (0.73%) epoch=1/3 epoch_step=490/22357 (2.19%) loss=0.474909 lr=5.25909e-05 elapsed=17:07 eta=38:46:34 val_mrr=NA
[STAGE] 2026-04-25 10:30:40 val prep subsets global=50000 art_art=1986 art_any=50000
[STAGE] 2026-04-25 10:30:41 val prep negatives global=50000 art_art=1986 art_any=50000
[STAGE] 2026-04-25 10:30:41 val start step=500 epoch=0 task=relation_ranking subset=global triples=50000 batches=98 eval_batch_size=512
[STAGE] 2026-04-25 10:35:01 val start step=500 epoch=0 task=triple_scoring subset=global triples=50000 batches=98 eval_batch_size=512
[STAGE] 2026-04-25 10:40:36 val start step=500 epoch=0 task=relation_ranking subset=art_art triples=1986 batches=4 eval_batch_size=512
[STAGE] 2026-04-25 10:40:53 val start step=500 epoch=0 task=triple_scoring subset=art_art triples=1986 batches=4 eval_batch_size=512
[STAGE] 2026-04-25 10:41:17 val start step=500 epoch=0 task=relation_ranking subset=art_any triples=50000 batches=98 eval_batch_size=512
[STAGE] 2026-04-25 10:45:43 val start step=500 epoch=0 task=triple_scoring subset=art_any triples=50000 batches=98 eval_batch_size=512
[VAL] 2026-04-25 10:53:47 step=500 epoch=0 mrr=0.055656 aucpr=0.897459 art_art_mrr=0.010222 art_art_aucpr=0.542229 art_any_mrr=0.055728 art_any_aucpr=0.675070
[TRAIN] 2026-04-25 10:53:48 step=500/67071 (0.75%) epoch=1/3 epoch_step=500/22357 (2.24%) loss=0.505631 lr=5.31076e-05 elapsed=40:35 eta=90:03:25 val_mrr=0.055656
[TRAIN] 2026-04-25 10:54:09 step=510/67071 (0.76%) epoch=1/3 epoch_step=510/22357 (2.28%) loss=0.488250 lr=5.36347e-05 elapsed=40:56 eta=89:02:08 val_mrr=0.055656
[TRAIN] 2026-04-25 10:54:31 step=520/67071 (0.78%) epoch=1/3 epoch_step=520/22357 (2.33%) loss=0.453163 lr=5.41719e-05 elapsed=41:18 eta=88:06:05 val_mrr=0.055656
[TRAIN] 2026-04-25 10:54:53 step=530/67071 (0.79%) epoch=1/3 epoch_step=530/22357 (2.37%) loss=0.468606 lr=5.47194e-05 elapsed=41:40 eta=87:11:20 val_mrr=0.055656
[TRAIN] 2026-04-25 10:55:14 step=540/67071 (0.81%) epoch=1/3 epoch_step=540/22357 (2.42%) loss=0.468647 lr=5.52771e-05 elapsed=42:01 eta=86:16:52 val_mrr=0.055656
[TRAIN] 2026-04-25 10:55:35 step=550/67071 (0.82%) epoch=1/3 epoch_step=550/22357 (2.46%) loss=0.471766 lr=5.5845e-05 elapsed=42:22 eta=85:24:59 val_mrr=0.055656
[TRAIN] 2026-04-25 10:55:56 step=560/67071 (0.83%) epoch=1/3 epoch_step=560/22357 (2.50%) loss=0.470204 lr=5.64231e-05 elapsed=42:43 eta=84:33:27 val_mrr=0.055656
[TRAIN] 2026-04-25 10:56:16 step=570/67071 (0.85%) epoch=1/3 epoch_step=570/22357 (2.55%) loss=0.468152 lr=5.70113e-05 elapsed=43:03 eta=83:43:13 val_mrr=0.055656
[TRAIN] 2026-04-25 10:56:36 step=580/67071 (0.86%) epoch=1/3 epoch_step=580/22357 (2.59%) loss=0.452597 lr=5.76098e-05 elapsed=43:24 eta=82:54:50 val_mrr=0.055656
[TRAIN] 2026-04-25 10:56:59 step=590/67071 (0.88%) epoch=1/3 epoch_step=590/22357 (2.64%) loss=0.472120 lr=5.82183e-05 elapsed=43:46 eta=82:12:10 val_mrr=0.055656
[TRAIN] 2026-04-25 10:57:21 step=600/67071 (0.89%) epoch=1/3 epoch_step=600/22357 (2.68%) loss=0.490804 lr=5.8837e-05 elapsed=44:08 eta=81:29:15 val_mrr=0.055656
[TRAIN] 2026-04-25 10:57:41 step=610/67071 (0.91%) epoch=1/3 epoch_step=610/22357 (2.73%) loss=0.452987 lr=5.94658e-05 elapsed=44:29 eta=80:46:10 val_mrr=0.055656
[TRAIN] 2026-04-25 10:58:02 step=620/67071 (0.92%) epoch=1/3 epoch_step=620/22357 (2.77%) loss=0.436574 lr=6.01048e-05 elapsed=44:49 eta=80:03:25 val_mrr=0.055656
[TRAIN] 2026-04-25 10:58:22 step=630/67071 (0.94%) epoch=1/3 epoch_step=630/22357 (2.82%) loss=0.433550 lr=6.07538e-05 elapsed=45:09 eta=79:22:11 val_mrr=0.055656
[TRAIN] 2026-04-25 10:58:43 step=640/67071 (0.95%) epoch=1/3 epoch_step=640/22357 (2.86%) loss=0.482454 lr=6.14129e-05 elapsed=45:30 eta=78:43:18 val_mrr=0.055656
[TRAIN] 2026-04-25 10:59:04 step=650/67071 (0.97%) epoch=1/3 epoch_step=650/22357 (2.91%) loss=0.443042 lr=6.2082e-05 elapsed=45:52 eta=78:06:15 val_mrr=0.055656
[TRAIN] 2026-04-25 10:59:26 step=660/67071 (0.98%) epoch=1/3 epoch_step=660/22357 (2.95%) loss=0.463101 lr=6.27613e-05 elapsed=46:13 eta=77:30:16 val_mrr=0.055656
[TRAIN] 2026-04-25 10:59:47 step=670/67071 (1.00%) epoch=1/3 epoch_step=670/22357 (3.00%) loss=0.443321 lr=6.34505e-05 elapsed=46:34 eta=76:54:50 val_mrr=0.055656
[TRAIN] 2026-04-25 11:00:08 step=680/67071 (1.01%) epoch=1/3 epoch_step=680/22357 (3.04%) loss=0.460949 lr=6.41498e-05 elapsed=46:55 eta=76:21:18 val_mrr=0.055656
[TRAIN] 2026-04-25 11:00:28 step=690/67071 (1.03%) epoch=1/3 epoch_step=690/22357 (3.09%) loss=0.468226 lr=6.4859e-05 elapsed=47:16 eta=75:46:35 val_mrr=0.055656
[TRAIN] 2026-04-25 11:00:49 step=700/67071 (1.04%) epoch=1/3 epoch_step=700/22357 (3.13%) loss=0.437108 lr=6.55783e-05 elapsed=47:36 eta=75:13:23 val_mrr=0.055656
[TRAIN] 2026-04-25 11:01:08 step=710/67071 (1.06%) epoch=1/3 epoch_step=710/22357 (3.18%) loss=0.442951 lr=6.63075e-05 elapsed=47:55 eta=74:38:53 val_mrr=0.055656
[TRAIN] 2026-04-25 11:01:29 step=720/67071 (1.07%) epoch=1/3 epoch_step=720/22357 (3.22%) loss=0.430110 lr=6.70467e-05 elapsed=48:16 eta=74:07:54 val_mrr=0.055656
[TRAIN] 2026-04-25 11:01:50 step=730/67071 (1.09%) epoch=1/3 epoch_step=730/22357 (3.27%) loss=0.403996 lr=6.77958e-05 elapsed=48:37 eta=73:38:01 val_mrr=0.055656
[TRAIN] 2026-04-25 11:02:10 step=740/67071 (1.10%) epoch=1/3 epoch_step=740/22357 (3.31%) loss=0.456899 lr=6.85549e-05 elapsed=48:57 eta=73:08:16 val_mrr=0.055656
[TRAIN] 2026-04-25 11:02:31 step=750/67071 (1.12%) epoch=1/3 epoch_step=750/22357 (3.35%) loss=0.428452 lr=6.93239e-05 elapsed=49:18 eta=72:40:06 val_mrr=0.055656
[TRAIN] 2026-04-25 11:02:52 step=760/67071 (1.13%) epoch=1/3 epoch_step=760/22357 (3.40%) loss=0.439208 lr=7.01027e-05 elapsed=49:39 eta=72:12:00 val_mrr=0.055656
[TRAIN] 2026-04-25 11:03:12 step=770/67071 (1.15%) epoch=1/3 epoch_step=770/22357 (3.44%) loss=0.422275 lr=7.08914e-05 elapsed=50:00 eta=71:44:50 val_mrr=0.055656
[TRAIN] 2026-04-25 11:03:33 step=780/67071 (1.16%) epoch=1/3 epoch_step=780/22357 (3.49%) loss=0.417363 lr=7.169e-05 elapsed=50:20 eta=71:18:14 val_mrr=0.055656
[TRAIN] 2026-04-25 11:03:54 step=790/67071 (1.18%) epoch=1/3 epoch_step=790/22357 (3.53%) loss=0.441608 lr=7.24984e-05 elapsed=50:42 eta=70:53:06 val_mrr=0.055656
[TRAIN] 2026-04-25 11:04:16 step=800/67071 (1.19%) epoch=1/3 epoch_step=800/22357 (3.58%) loss=0.425590 lr=7.33167e-05 elapsed=51:03 eta=70:29:13 val_mrr=0.055656
[TRAIN] 2026-04-25 11:04:37 step=810/67071 (1.21%) epoch=1/3 epoch_step=810/22357 (3.62%) loss=0.390727 lr=7.41447e-05 elapsed=51:24 eta=70:04:45 val_mrr=0.055656
[TRAIN] 2026-04-25 11:04:57 step=820/67071 (1.22%) epoch=1/3 epoch_step=820/22357 (3.67%) loss=0.431662 lr=7.49825e-05 elapsed=51:45 eta=69:40:54 val_mrr=0.055656
[TRAIN] 2026-04-25 11:05:18 step=830/67071 (1.24%) epoch=1/3 epoch_step=830/22357 (3.71%) loss=0.411914 lr=7.58301e-05 elapsed=52:05 eta=69:16:43 val_mrr=0.055656
[TRAIN] 2026-04-25 11:05:39 step=840/67071 (1.25%) epoch=1/3 epoch_step=840/22357 (3.76%) loss=0.418012 lr=7.66875e-05 elapsed=52:26 eta=68:54:07 val_mrr=0.055656
[TRAIN] 2026-04-25 11:05:59 step=850/67071 (1.27%) epoch=1/3 epoch_step=850/22357 (3.80%) loss=0.431474 lr=7.75546e-05 elapsed=52:46 eta=68:31:24 val_mrr=0.055656
[TRAIN] 2026-04-25 11:06:20 step=860/67071 (1.28%) epoch=1/3 epoch_step=860/22357 (3.85%) loss=0.409162 lr=7.84313e-05 elapsed=53:07 eta=68:10:03 val_mrr=0.055656
[TRAIN] 2026-04-25 11:06:41 step=870/67071 (1.30%) epoch=1/3 epoch_step=870/22357 (3.89%) loss=0.419217 lr=7.93178e-05 elapsed=53:28 eta=67:48:58 val_mrr=0.055656
[TRAIN] 2026-04-25 11:07:01 step=880/67071 (1.31%) epoch=1/3 epoch_step=880/22357 (3.94%) loss=0.417222 lr=8.0214e-05 elapsed=53:48 eta=67:27:10 val_mrr=0.055656
[TRAIN] 2026-04-25 11:07:21 step=890/67071 (1.33%) epoch=1/3 epoch_step=890/22357 (3.98%) loss=0.428990 lr=8.11198e-05 elapsed=54:08 eta=67:05:29 val_mrr=0.055656
[TRAIN] 2026-04-25 11:07:42 step=900/67071 (1.34%) epoch=1/3 epoch_step=900/22357 (4.03%) loss=0.389744 lr=8.20352e-05 elapsed=54:30 eta=66:46:34 val_mrr=0.055656
[TRAIN] 2026-04-25 11:08:04 step=910/67071 (1.36%) epoch=1/3 epoch_step=910/22357 (4.07%) loss=0.416293 lr=8.29602e-05 elapsed=54:51 eta=66:27:46 val_mrr=0.055656
[TRAIN] 2026-04-25 11:08:24 step=920/67071 (1.37%) epoch=1/3 epoch_step=920/22357 (4.12%) loss=0.432569 lr=8.38948e-05 elapsed=55:11 eta=66:07:59 val_mrr=0.055656
[TRAIN] 2026-04-25 11:08:45 step=930/67071 (1.39%) epoch=1/3 epoch_step=930/22357 (4.16%) loss=0.400016 lr=8.4839e-05 elapsed=55:33 eta=65:50:23 val_mrr=0.055656
[TRAIN] 2026-04-25 11:09:06 step=940/67071 (1.40%) epoch=1/3 epoch_step=940/22357 (4.20%) loss=0.400908 lr=8.57928e-05 elapsed=55:54 eta=65:32:26 val_mrr=0.055656
[TRAIN] 2026-04-25 11:09:28 step=950/67071 (1.42%) epoch=1/3 epoch_step=950/22357 (4.25%) loss=0.387172 lr=8.67561e-05 elapsed=56:15 eta=65:15:19 val_mrr=0.055656
[TRAIN] 2026-04-25 11:09:48 step=960/67071 (1.43%) epoch=1/3 epoch_step=960/22357 (4.29%) loss=0.371682 lr=8.77289e-05 elapsed=56:35 eta=64:56:54 val_mrr=0.055656
[TRAIN] 2026-04-25 11:10:08 step=970/67071 (1.45%) epoch=1/3 epoch_step=970/22357 (4.34%) loss=0.397273 lr=8.87111e-05 elapsed=56:55 eta=64:38:43 val_mrr=0.055656
[TRAIN] 2026-04-25 11:10:27 step=980/67071 (1.46%) epoch=1/3 epoch_step=980/22357 (4.38%) loss=0.387551 lr=8.97029e-05 elapsed=57:14 eta=64:20:04 val_mrr=0.055656
[TRAIN] 2026-04-25 11:10:48 step=990/67071 (1.48%) epoch=1/3 epoch_step=990/22357 (4.43%) loss=0.384925 lr=9.07041e-05 elapsed=57:35 eta=64:03:37 val_mrr=0.055656
[STAGE] 2026-04-25 11:11:09 val prep subsets global=50000 art_art=1986 art_any=50000
[STAGE] 2026-04-25 11:11:09 val prep negatives global=50000 art_art=1986 art_any=50000
[STAGE] 2026-04-25 11:11:09 val start step=1000 epoch=0 task=relation_ranking subset=global triples=50000 batches=98 eval_batch_size=512
[STAGE] 2026-04-25 11:15:34 val start step=1000 epoch=0 task=triple_scoring subset=global triples=50000 batches=98 eval_batch_size=512
[STAGE] 2026-04-25 11:21:18 val start step=1000 epoch=0 task=relation_ranking subset=art_art triples=1986 batches=4 eval_batch_size=512
[STAGE] 2026-04-25 11:21:36 val start step=1000 epoch=0 task=triple_scoring subset=art_art triples=1986 batches=4 eval_batch_size=512
[STAGE] 2026-04-25 11:22:01 val start step=1000 epoch=0 task=relation_ranking subset=art_any triples=50000 batches=98 eval_batch_size=512
[STAGE] 2026-04-25 11:26:44 val start step=1000 epoch=0 task=triple_scoring subset=art_any triples=50000 batches=98 eval_batch_size=512
[VAL] 2026-04-25 11:35:31 step=1000 epoch=0 mrr=0.119093 aucpr=0.903169 art_art_mrr=0.021440 art_art_aucpr=0.582818 art_any_mrr=0.119126 art_any_aucpr=0.682219
[TRAIN] 2026-04-25 11:35:33 step=1000/67071 (1.49%) epoch=1/3 epoch_step=1000/22357 (4.47%) loss=0.356895 lr=9.17147e-05 elapsed=01:22:20 eta=90:39:51 val_mrr=0.119093
[TRAIN] 2026-04-25 11:35:55 step=1010/67071 (1.51%) epoch=1/3 epoch_step=1010/22357 (4.52%) loss=0.376891 lr=9.27347e-05 elapsed=01:22:42 eta=90:09:26 val_mrr=0.119093
[TRAIN] 2026-04-25 11:36:17 step=1020/67071 (1.52%) epoch=1/3 epoch_step=1020/22357 (4.56%) loss=0.377920 lr=9.37641e-05 elapsed=01:23:04 eta=89:39:15 val_mrr=0.119093
[TRAIN] 2026-04-25 11:36:40 step=1030/67071 (1.54%) epoch=1/3 epoch_step=1030/22357 (4.61%) loss=0.362800 lr=9.48028e-05 elapsed=01:23:27 eta=89:10:48 val_mrr=0.119093
[TRAIN] 2026-04-25 11:37:02 step=1040/67071 (1.55%) epoch=1/3 epoch_step=1040/22357 (4.65%) loss=0.380370 lr=9.58509e-05 elapsed=01:23:50 eta=88:42:24 val_mrr=0.119093
[TRAIN] 2026-04-25 11:37:25 step=1050/67071 (1.57%) epoch=1/3 epoch_step=1050/22357 (4.70%) loss=0.346161 lr=9.69082e-05 elapsed=01:24:13 eta=88:14:48 val_mrr=0.119093
[TRAIN] 2026-04-25 11:37:47 step=1060/67071 (1.58%) epoch=1/3 epoch_step=1060/22357 (4.74%) loss=0.336691 lr=9.79749e-05 elapsed=01:24:34 eta=87:46:23 val_mrr=0.119093
[TRAIN] 2026-04-25 11:38:09 step=1070/67071 (1.60%) epoch=1/3 epoch_step=1070/22357 (4.79%) loss=0.378660 lr=9.90508e-05 elapsed=01:24:56 eta=87:19:22 val_mrr=0.119093
[TRAIN] 2026-04-25 11:38:32 step=1080/67071 (1.61%) epoch=1/3 epoch_step=1080/22357 (4.83%) loss=0.365462 lr=0.000100136 elapsed=01:25:19 eta=86:53:33 val_mrr=0.119093
[TRAIN] 2026-04-25 11:38:54 step=1090/67071 (1.63%) epoch=1/3 epoch_step=1090/22357 (4.88%) loss=0.367083 lr=0.00010123 elapsed=01:25:41 eta=86:27:05 val_mrr=0.119093
[TRAIN] 2026-04-25 11:39:15 step=1100/67071 (1.64%) epoch=1/3 epoch_step=1100/22357 (4.92%) loss=0.373984 lr=0.000102334 elapsed=01:26:03 eta=86:00:27 val_mrr=0.119093
[TRAIN] 2026-04-25 11:39:37 step=1110/67071 (1.65%) epoch=1/3 epoch_step=1110/22357 (4.96%) loss=0.348128 lr=0.000103447 elapsed=01:26:24 eta=85:34:21 val_mrr=0.119093
[TRAIN] 2026-04-25 11:39:58 step=1120/67071 (1.67%) epoch=1/3 epoch_step=1120/22357 (5.01%) loss=0.357555 lr=0.000104569 elapsed=01:26:46 eta=85:08:58 val_mrr=0.119093
[TRAIN] 2026-04-25 11:40:20 step=1130/67071 (1.68%) epoch=1/3 epoch_step=1130/22357 (5.05%) loss=0.335231 lr=0.0001057 elapsed=01:27:07 eta=84:43:41 val_mrr=0.119093
[TRAIN] 2026-04-25 11:40:41 step=1140/67071 (1.70%) epoch=1/3 epoch_step=1140/22357 (5.10%) loss=0.355818 lr=0.00010684 elapsed=01:27:29 eta=84:19:19 val_mrr=0.119093
[TRAIN] 2026-04-25 11:41:03 step=1150/67071 (1.71%) epoch=1/3 epoch_step=1150/22357 (5.14%) loss=0.328309 lr=0.000107989 elapsed=01:27:51 eta=83:55:26 val_mrr=0.119093
[TRAIN] 2026-04-25 11:41:25 step=1160/67071 (1.73%) epoch=1/3 epoch_step=1160/22357 (5.19%) loss=0.356522 lr=0.000109147 elapsed=01:28:13 eta=83:32:17 val_mrr=0.119093
[TRAIN] 2026-04-25 11:41:48 step=1170/67071 (1.74%) epoch=1/3 epoch_step=1170/22357 (5.23%) loss=0.330506 lr=0.000110314 elapsed=01:28:35 eta=83:09:54 val_mrr=0.119093
[TRAIN] 2026-04-25 11:42:10 step=1180/67071 (1.76%) epoch=1/3 epoch_step=1180/22357 (5.28%) loss=0.348865 lr=0.00011149 elapsed=01:28:57 eta=82:47:21 val_mrr=0.119093
[TRAIN] 2026-04-25 11:42:31 step=1190/67071 (1.77%) epoch=1/3 epoch_step=1190/22357 (5.32%) loss=0.365627 lr=0.000112676 elapsed=01:29:18 eta=82:24:17 val_mrr=0.119093
[TRAIN] 2026-04-25 11:42:54 step=1200/67071 (1.79%) epoch=1/3 epoch_step=1200/22357 (5.37%) loss=0.330844 lr=0.00011387 elapsed=01:29:41 eta=82:03:23 val_mrr=0.119093
[TRAIN] 2026-04-25 11:43:16 step=1210/67071 (1.80%) epoch=1/3 epoch_step=1210/22357 (5.41%) loss=0.335238 lr=0.000115073 elapsed=01:30:03 eta=81:41:47 val_mrr=0.119093
[TRAIN] 2026-04-25 11:43:37 step=1220/67071 (1.82%) epoch=1/3 epoch_step=1220/22357 (5.46%) loss=0.334607 lr=0.000116285 elapsed=01:30:25 eta=81:20:01 val_mrr=0.119093
[TRAIN] 2026-04-25 11:43:58 step=1230/67071 (1.83%) epoch=1/3 epoch_step=1230/22357 (5.50%) loss=0.311113 lr=0.000117505 elapsed=01:30:46 eta=80:58:31 val_mrr=0.119093
[TRAIN] 2026-04-25 11:44:20 step=1240/67071 (1.85%) epoch=1/3 epoch_step=1240/22357 (5.55%) loss=0.331373 lr=0.000118735 elapsed=01:31:07 eta=80:37:42 val_mrr=0.119093
[TRAIN] 2026-04-25 11:44:42 step=1250/67071 (1.86%) epoch=1/3 epoch_step=1250/22357 (5.59%) loss=0.332831 lr=0.000119973 elapsed=01:31:29 eta=80:17:14 val_mrr=0.119093
[TRAIN] 2026-04-25 11:45:03 step=1260/67071 (1.88%) epoch=1/3 epoch_step=1260/22357 (5.64%) loss=0.339372 lr=0.00012122 elapsed=01:31:50 eta=79:56:52 val_mrr=0.119093
[TRAIN] 2026-04-25 11:45:25 step=1270/67071 (1.89%) epoch=1/3 epoch_step=1270/22357 (5.68%) loss=0.342942 lr=0.000122476 elapsed=01:32:12 eta=79:37:26 val_mrr=0.119093
[TRAIN] 2026-04-25 11:45:47 step=1280/67071 (1.91%) epoch=1/3 epoch_step=1280/22357 (5.73%) loss=0.329279 lr=0.000123741 elapsed=01:32:34 eta=79:17:50 val_mrr=0.119093
[TRAIN] 2026-04-25 11:46:08 step=1290/67071 (1.92%) epoch=1/3 epoch_step=1290/22357 (5.77%) loss=0.326085 lr=0.000125014 elapsed=01:32:55 eta=78:58:25 val_mrr=0.119093
[TRAIN] 2026-04-25 11:46:31 step=1300/67071 (1.94%) epoch=1/3 epoch_step=1300/22357 (5.81%) loss=0.311381 lr=0.000126296 elapsed=01:33:18 eta=78:40:23 val_mrr=0.119093
[TRAIN] 2026-04-25 11:46:50 step=1310/67071 (1.95%) epoch=1/3 epoch_step=1310/22357 (5.86%) loss=0.322820 lr=0.000127587 elapsed=01:33:38 eta=78:20:04 val_mrr=0.119093
[TRAIN] 2026-04-25 11:47:13 step=1320/67071 (1.97%) epoch=1/3 epoch_step=1320/22357 (5.90%) loss=0.307519 lr=0.000128886 elapsed=01:34:01 eta=78:02:53 val_mrr=0.119093
[TRAIN] 2026-04-25 11:47:35 step=1330/67071 (1.98%) epoch=1/3 epoch_step=1330/22357 (5.95%) loss=0.331033 lr=0.000130194 elapsed=01:34:22 eta=77:44:51 val_mrr=0.119093
[TRAIN] 2026-04-25 11:47:57 step=1340/67071 (2.00%) epoch=1/3 epoch_step=1340/22357 (5.99%) loss=0.294866 lr=0.000131511 elapsed=01:34:45 eta=77:27:37 val_mrr=0.119093
[TRAIN] 2026-04-25 11:48:19 step=1350/67071 (2.01%) epoch=1/3 epoch_step=1350/22357 (6.04%) loss=0.304777 lr=0.000132836 elapsed=01:35:06 eta=77:09:36 val_mrr=0.119093
[TRAIN] 2026-04-25 11:48:41 step=1360/67071 (2.03%) epoch=1/3 epoch_step=1360/22357 (6.08%) loss=0.331693 lr=0.000134169 elapsed=01:35:28 eta=76:52:45 val_mrr=0.119093
[TRAIN] 2026-04-25 11:49:02 step=1370/67071 (2.04%) epoch=1/3 epoch_step=1370/22357 (6.13%) loss=0.321707 lr=0.000135511 elapsed=01:35:49 eta=76:35:16 val_mrr=0.119093
[TRAIN] 2026-04-25 11:49:23 step=1380/67071 (2.06%) epoch=1/3 epoch_step=1380/22357 (6.17%) loss=0.306265 lr=0.000136861 elapsed=01:36:10 eta=76:17:49 val_mrr=0.119093
[TRAIN] 2026-04-25 11:49:43 step=1390/67071 (2.07%) epoch=1/3 epoch_step=1390/22357 (6.22%) loss=0.331541 lr=0.00013822 elapsed=01:36:31 eta=76:00:28 val_mrr=0.119093
[TRAIN] 2026-04-25 11:50:05 step=1400/67071 (2.09%) epoch=1/3 epoch_step=1400/22357 (6.26%) loss=0.289120 lr=0.000139587 elapsed=01:36:52 eta=75:44:08 val_mrr=0.119093
[TRAIN] 2026-04-25 11:50:27 step=1410/67071 (2.10%) epoch=1/3 epoch_step=1410/22357 (6.31%) loss=0.318405 lr=0.000140963 elapsed=01:37:14 eta=75:28:04 val_mrr=0.119093
[TRAIN] 2026-04-25 11:50:49 step=1420/67071 (2.12%) epoch=1/3 epoch_step=1420/22357 (6.35%) loss=0.307996 lr=0.000142346 elapsed=01:37:36 eta=75:12:15 val_mrr=0.119093
[TRAIN] 2026-04-25 11:51:10 step=1430/67071 (2.13%) epoch=1/3 epoch_step=1430/22357 (6.40%) loss=0.277763 lr=0.000143739 elapsed=01:37:57 eta=74:56:26 val_mrr=0.119093
[TRAIN] 2026-04-25 11:51:31 step=1440/67071 (2.15%) epoch=1/3 epoch_step=1440/22357 (6.44%) loss=0.316344 lr=0.000145139 elapsed=01:38:18 eta=74:40:27 val_mrr=0.119093
[TRAIN] 2026-04-25 11:51:51 step=1450/67071 (2.16%) epoch=1/3 epoch_step=1450/22357 (6.49%) loss=0.329243 lr=0.000146547 elapsed=01:38:39 eta=74:24:15 val_mrr=0.119093
[TRAIN] 2026-04-25 11:52:13 step=1460/67071 (2.18%) epoch=1/3 epoch_step=1460/22357 (6.53%) loss=0.328251 lr=0.000147964 elapsed=01:39:00 eta=74:08:54 val_mrr=0.119093
[TRAIN] 2026-04-25 11:52:35 step=1470/67071 (2.19%) epoch=1/3 epoch_step=1470/22357 (6.58%) loss=0.338925 lr=0.000149389 elapsed=01:39:22 eta=73:54:29 val_mrr=0.119093
[TRAIN] 2026-04-25 11:52:56 step=1480/67071 (2.21%) epoch=1/3 epoch_step=1480/22357 (6.62%) loss=0.278392 lr=0.000150822 elapsed=01:39:44 eta=73:39:46 val_mrr=0.119093
[TRAIN] 2026-04-25 11:53:18 step=1490/67071 (2.22%) epoch=1/3 epoch_step=1490/22357 (6.66%) loss=0.310474 lr=0.000152263 elapsed=01:40:06 eta=73:25:41 val_mrr=0.119093
[STAGE] 2026-04-25 11:53:40 val prep subsets global=50000 art_art=1986 art_any=50000
[STAGE] 2026-04-25 11:53:40 val prep negatives global=50000 art_art=1986 art_any=50000
[STAGE] 2026-04-25 11:53:40 val start step=1500 epoch=0 task=relation_ranking subset=global triples=50000 batches=98 eval_batch_size=512
[STAGE] 2026-04-25 11:58:36 val start step=1500 epoch=0 task=triple_scoring subset=global triples=50000 batches=98 eval_batch_size=512
[STAGE] 2026-04-25 12:05:12 val start step=1500 epoch=0 task=relation_ranking subset=art_art triples=1986 batches=4 eval_batch_size=512
[STAGE] 2026-04-25 12:05:32 val start step=1500 epoch=0 task=triple_scoring subset=art_art triples=1986 batches=4 eval_batch_size=512
[STAGE] 2026-04-25 12:05:59 val start step=1500 epoch=0 task=relation_ranking subset=art_any triples=50000 batches=98 eval_batch_size=512
[STAGE] 2026-04-25 12:11:12 val start step=1500 epoch=0 task=triple_scoring subset=art_any triples=50000 batches=98 eval_batch_size=512
[VAL] 2026-04-25 12:20:35 step=1500 epoch=0 mrr=0.194949 aucpr=0.901828 art_art_mrr=0.030186 art_art_aucpr=0.638580 art_any_mrr=0.194589 art_any_aucpr=0.696110
[TRAIN] 2026-04-25 12:20:37 step=1500/67071 (2.24%) epoch=1/3 epoch_step=1500/22357 (6.71%) loss=0.337769 lr=0.000153713 elapsed=02:07:24 eta=92:49:13 val_mrr=0.194949
[TRAIN] 2026-04-25 12:21:01 step=1510/67071 (2.25%) epoch=1/3 epoch_step=1510/22357 (6.75%) loss=0.349804 lr=0.00015517 elapsed=02:07:49 eta=92:29:19 val_mrr=0.194949
[TRAIN] 2026-04-25 12:21:26 step=1520/67071 (2.27%) epoch=1/3 epoch_step=1520/22357 (6.80%) loss=0.306825 lr=0.000156635 elapsed=02:08:13 eta=92:09:45 val_mrr=0.194949
[TRAIN] 2026-04-25 12:21:51 step=1530/67071 (2.28%) epoch=1/3 epoch_step=1530/22357 (6.84%) loss=0.279250 lr=0.000158108 elapsed=02:08:38 eta=91:50:13 val_mrr=0.194949
[TRAIN] 2026-04-25 12:22:14 step=1540/67071 (2.30%) epoch=1/3 epoch_step=1540/22357 (6.89%) loss=0.318547 lr=0.00015959 elapsed=02:09:02 eta=91:30:35 val_mrr=0.194949
[TRAIN] 2026-04-25 12:22:38 step=1550/67071 (2.31%) epoch=1/3 epoch_step=1550/22357 (6.93%) loss=0.267799 lr=0.000161079 elapsed=02:09:26 eta=91:11:12 val_mrr=0.194949
[TRAIN] 2026-04-25 12:23:02 step=1560/67071 (2.33%) epoch=1/3 epoch_step=1560/22357 (6.98%) loss=0.330481 lr=0.000162576 elapsed=02:09:50 eta=90:52:01 val_mrr=0.194949
[TRAIN] 2026-04-25 12:23:27 step=1570/67071 (2.34%) epoch=1/3 epoch_step=1570/22357 (7.02%) loss=0.338470 lr=0.00016408 elapsed=02:10:14 eta=90:33:39 val_mrr=0.194949
[TRAIN] 2026-04-25 12:23:51 step=1580/67071 (2.36%) epoch=1/3 epoch_step=1580/22357 (7.07%) loss=0.291177 lr=0.000165593 elapsed=02:10:38 eta=90:15:03 val_mrr=0.194949
[TRAIN] 2026-04-25 12:24:15 step=1590/67071 (2.37%) epoch=1/3 epoch_step=1590/22357 (7.11%) loss=0.275293 lr=0.000167114 elapsed=02:11:03 eta=89:56:53 val_mrr=0.194949
[TRAIN] 2026-04-25 12:24:40 step=1600/67071 (2.39%) epoch=1/3 epoch_step=1600/22357 (7.16%) loss=0.310742 lr=0.000168642 elapsed=02:11:28 eta=89:39:14 val_mrr=0.194949
[TRAIN] 2026-04-25 12:25:04 step=1610/67071 (2.40%) epoch=1/3 epoch_step=1610/22357 (7.20%) loss=0.353293 lr=0.000170178 elapsed=02:11:52 eta=89:21:20 val_mrr=0.194949
[TRAIN] 2026-04-25 12:25:28 step=1620/67071 (2.42%) epoch=1/3 epoch_step=1620/22357 (7.25%) loss=0.306607 lr=0.000171721 elapsed=02:12:16 eta=89:03:36 val_mrr=0.194949
[TRAIN] 2026-04-25 12:25:53 step=1630/67071 (2.43%) epoch=1/3 epoch_step=1630/22357 (7.29%) loss=0.311689 lr=0.000173272 elapsed=02:12:41 eta=88:46:42 val_mrr=0.194949
[TRAIN] 2026-04-25 12:26:17 step=1640/67071 (2.45%) epoch=1/3 epoch_step=1640/22357 (7.34%) loss=0.291429 lr=0.000174831 elapsed=02:13:05 eta=88:29:27 val_mrr=0.194949
[TRAIN] 2026-04-25 12:26:42 step=1650/67071 (2.46%) epoch=1/3 epoch_step=1650/22357 (7.38%) loss=0.281641 lr=0.000176397 elapsed=02:13:29 eta=88:12:39 val_mrr=0.194949
[TRAIN] 2026-04-25 12:27:06 step=1660/67071 (2.47%) epoch=1/3 epoch_step=1660/22357 (7.42%) loss=0.302865 lr=0.000177971 elapsed=02:13:53 eta=87:55:30 val_mrr=0.194949
[TRAIN] 2026-04-25 12:27:30 step=1670/67071 (2.49%) epoch=1/3 epoch_step=1670/22357 (7.47%) loss=0.308136 lr=0.000179553 elapsed=02:14:17 eta=87:39:05 val_mrr=0.194949
[TRAIN] 2026-04-25 12:27:55 step=1680/67071 (2.50%) epoch=1/3 epoch_step=1680/22357 (7.51%) loss=0.300531 lr=0.000181142 elapsed=02:14:42 eta=87:22:59 val_mrr=0.194949
[TRAIN] 2026-04-25 12:28:19 step=1690/67071 (2.52%) epoch=1/3 epoch_step=1690/22357 (7.56%) loss=0.292018 lr=0.000182738 elapsed=02:15:06 eta=87:06:45 val_mrr=0.194949
[TRAIN] 2026-04-25 12:28:44 step=1700/67071 (2.53%) epoch=1/3 epoch_step=1700/22357 (7.60%) loss=0.302583 lr=0.000184342 elapsed=02:15:31 eta=86:51:15 val_mrr=0.194949
[TRAIN] 2026-04-25 12:29:09 step=1710/67071 (2.55%) epoch=1/3 epoch_step=1710/22357 (7.65%) loss=0.298880 lr=0.000185953 elapsed=02:15:56 eta=86:36:03 val_mrr=0.194949
[TRAIN] 2026-04-25 12:29:33 step=1720/67071 (2.56%) epoch=1/3 epoch_step=1720/22357 (7.69%) loss=0.290927 lr=0.000187571 elapsed=02:16:20 eta=86:20:08 val_mrr=0.194949
[TRAIN] 2026-04-25 12:29:56 step=1730/67071 (2.58%) epoch=1/3 epoch_step=1730/22357 (7.74%) loss=0.319869 lr=0.000189197 elapsed=02:16:43 eta=86:03:46 val_mrr=0.194949
[TRAIN] 2026-04-25 12:30:19 step=1740/67071 (2.59%) epoch=1/3 epoch_step=1740/22357 (7.78%) loss=0.286719 lr=0.00019083 elapsed=02:17:07 eta=85:47:58 val_mrr=0.194949
[TRAIN] 2026-04-25 12:30:42 step=1750/67071 (2.61%) epoch=1/3 epoch_step=1750/22357 (7.83%) loss=0.285559 lr=0.00019247 elapsed=02:17:30 eta=85:32:10 val_mrr=0.194949
[TRAIN] 2026-04-25 12:31:05 step=1760/67071 (2.62%) epoch=1/3 epoch_step=1760/22357 (7.87%) loss=0.293085 lr=0.000194118 elapsed=02:17:53 eta=85:16:31 val_mrr=0.194949
[TRAIN] 2026-04-25 12:31:28 step=1770/67071 (2.64%) epoch=1/3 epoch_step=1770/22357 (7.92%) loss=0.285105 lr=0.000195772 elapsed=02:18:15 eta=85:00:34 val_mrr=0.194949
[TRAIN] 2026-04-25 12:31:50 step=1780/67071 (2.65%) epoch=1/3 epoch_step=1780/22357 (7.96%) loss=0.314441 lr=0.000197434 elapsed=02:18:38 eta=84:44:50 val_mrr=0.194949
[TRAIN] 2026-04-25 12:32:12 step=1790/67071 (2.67%) epoch=1/3 epoch_step=1790/22357 (8.01%) loss=0.250358 lr=0.000199103 elapsed=02:19:00 eta=84:29:06 val_mrr=0.194949
[TRAIN] 2026-04-25 12:32:35 step=1800/67071 (2.68%) epoch=1/3 epoch_step=1800/22357 (8.05%) loss=0.301484 lr=0.000200778 elapsed=02:19:23 eta=84:14:02 val_mrr=0.194949
[TRAIN] 2026-04-25 12:32:58 step=1810/67071 (2.70%) epoch=1/3 epoch_step=1810/22357 (8.10%) loss=0.305283 lr=0.000202461 elapsed=02:19:45 eta=83:58:53 val_mrr=0.194949
[TRAIN] 2026-04-25 12:33:20 step=1820/67071 (2.71%) epoch=1/3 epoch_step=1820/22357 (8.14%) loss=0.266188 lr=0.000204151 elapsed=02:20:07 eta=83:43:38 val_mrr=0.194949
[TRAIN] 2026-04-25 12:33:42 step=1830/67071 (2.73%) epoch=1/3 epoch_step=1830/22357 (8.19%) loss=0.291764 lr=0.000205848 elapsed=02:20:30 eta=83:28:49 val_mrr=0.194949
[TRAIN] 2026-04-25 12:34:05 step=1840/67071 (2.74%) epoch=1/3 epoch_step=1840/22357 (8.23%) loss=0.275544 lr=0.000207551 elapsed=02:20:52 eta=83:13:58 val_mrr=0.194949
[TRAIN] 2026-04-25 12:34:27 step=1850/67071 (2.76%) epoch=1/3 epoch_step=1850/22357 (8.27%) loss=0.290644 lr=0.000209262 elapsed=02:21:14 eta=82:59:21 val_mrr=0.194949
[TRAIN] 2026-04-25 12:34:49 step=1860/67071 (2.77%) epoch=1/3 epoch_step=1860/22357 (8.32%) loss=0.274183 lr=0.000210979 elapsed=02:21:37 eta=82:44:49 val_mrr=0.194949
[TRAIN] 2026-04-25 12:35:12 step=1870/67071 (2.79%) epoch=1/3 epoch_step=1870/22357 (8.36%) loss=0.288907 lr=0.000212703 elapsed=02:21:59 eta=82:30:31 val_mrr=0.194949
[TRAIN] 2026-04-25 12:35:34 step=1880/67071 (2.80%) epoch=1/3 epoch_step=1880/22357 (8.41%) loss=0.270541 lr=0.000214434 elapsed=02:22:21 eta=82:16:06 val_mrr=0.194949
[TRAIN] 2026-04-25 12:35:56 step=1890/67071 (2.82%) epoch=1/3 epoch_step=1890/22357 (8.45%) loss=0.304237 lr=0.000216171 elapsed=02:22:44 eta=82:02:20 val_mrr=0.194949
[TRAIN] 2026-04-25 12:36:19 step=1900/67071 (2.83%) epoch=1/3 epoch_step=1900/22357 (8.50%) loss=0.286206 lr=0.000217915 elapsed=02:23:06 eta=81:48:41 val_mrr=0.194949
[TRAIN] 2026-04-25 12:36:42 step=1910/67071 (2.85%) epoch=1/3 epoch_step=1910/22357 (8.54%) loss=0.278319 lr=0.000219666 elapsed=02:23:29 eta=81:35:05 val_mrr=0.194949
[TRAIN] 2026-04-25 12:37:04 step=1920/67071 (2.86%) epoch=1/3 epoch_step=1920/22357 (8.59%) loss=0.265774 lr=0.000221424 elapsed=02:23:51 eta=81:21:28 val_mrr=0.194949
[TRAIN] 2026-04-25 12:37:26 step=1930/67071 (2.88%) epoch=1/3 epoch_step=1930/22357 (8.63%) loss=0.314640 lr=0.000223188 elapsed=02:24:13 eta=81:07:33 val_mrr=0.194949
[TRAIN] 2026-04-25 12:37:48 step=1940/67071 (2.89%) epoch=1/3 epoch_step=1940/22357 (8.68%) loss=0.252423 lr=0.000224958 elapsed=02:24:35 eta=80:54:18 val_mrr=0.194949
[TRAIN] 2026-04-25 12:38:10 step=1950/67071 (2.91%) epoch=1/3 epoch_step=1950/22357 (8.72%) loss=0.263295 lr=0.000226735 elapsed=02:24:58 eta=80:41:05 val_mrr=0.194949
[TRAIN] 2026-04-25 12:38:32 step=1960/67071 (2.92%) epoch=1/3 epoch_step=1960/22357 (8.77%) loss=0.288365 lr=0.000228518 elapsed=02:25:20 eta=80:27:48 val_mrr=0.194949
[TRAIN] 2026-04-25 12:38:54 step=1970/67071 (2.94%) epoch=1/3 epoch_step=1970/22357 (8.81%) loss=0.302148 lr=0.000230308 elapsed=02:25:42 eta=80:14:34 val_mrr=0.194949
[TRAIN] 2026-04-25 12:39:16 step=1980/67071 (2.95%) epoch=1/3 epoch_step=1980/22357 (8.86%) loss=0.304804 lr=0.000232104 elapsed=02:26:04 eta=80:01:37 val_mrr=0.194949
[TRAIN] 2026-04-25 12:39:38 step=1990/67071 (2.97%) epoch=1/3 epoch_step=1990/22357 (8.90%) loss=0.272626 lr=0.000233907 elapsed=02:26:25 eta=79:48:31 val_mrr=0.194949
[STAGE] 2026-04-25 12:40:00 val prep subsets global=50000 art_art=1986 art_any=50000
[STAGE] 2026-04-25 12:40:01 val prep negatives global=50000 art_art=1986 art_any=50000
[STAGE] 2026-04-25 12:40:01 val start step=2000 epoch=0 task=relation_ranking subset=global triples=50000 batches=98 eval_batch_size=512
[STAGE] 2026-04-25 12:44:29 val start step=2000 epoch=0 task=triple_scoring subset=global triples=50000 batches=98 eval_batch_size=512
[STAGE] 2026-04-25 12:50:13 val start step=2000 epoch=0 task=relation_ranking subset=art_art triples=1986 batches=4 eval_batch_size=512
[STAGE] 2026-04-25 12:50:30 val start step=2000 epoch=0 task=triple_scoring subset=art_art triples=1986 batches=4 eval_batch_size=512
[STAGE] 2026-04-25 12:50:53 val start step=2000 epoch=0 task=relation_ranking subset=art_any triples=50000 batches=98 eval_batch_size=512
[STAGE] 2026-04-25 12:55:22 val start step=2000 epoch=0 task=triple_scoring subset=art_any triples=50000 batches=98 eval_batch_size=512
[VAL] 2026-04-25 13:03:33 step=2000 epoch=0 mrr=0.171941 aucpr=0.911659 art_art_mrr=0.045898 art_art_aucpr=0.677947 art_any_mrr=0.172015 art_any_aucpr=0.731242
[TRAIN] 2026-04-25 13:03:33 step=2000/67071 (2.98%) epoch=1/3 epoch_step=2000/22357 (8.95%) loss=0.255224 lr=0.000235715 elapsed=02:50:21 eta=92:22:16 val_mrr=0.194949
[TRAIN] 2026-04-25 13:03:55 step=2010/67071 (3.00%) epoch=1/3 epoch_step=2010/22357 (8.99%) loss=0.301635 lr=0.00023753 elapsed=02:50:42 eta=92:05:28 val_mrr=0.194949
[TRAIN] 2026-04-25 13:04:17 step=2020/67071 (3.01%) epoch=1/3 epoch_step=2020/22357 (9.04%) loss=0.255607 lr=0.000239351 elapsed=02:51:04 eta=91:49:01 val_mrr=0.194949
[TRAIN] 2026-04-25 13:04:38 step=2030/67071 (3.03%) epoch=1/3 epoch_step=2030/22357 (9.08%) loss=0.313503 lr=0.000241179 elapsed=02:51:26 eta=91:32:31 val_mrr=0.194949
[TRAIN] 2026-04-25 13:04:59 step=2040/67071 (3.04%) epoch=1/3 epoch_step=2040/22357 (9.12%) loss=0.272047 lr=0.000243012 elapsed=02:51:46 eta=91:15:32 val_mrr=0.194949
[TRAIN] 2026-04-25 13:05:19 step=2050/67071 (3.06%) epoch=1/3 epoch_step=2050/22357 (9.17%) loss=0.308370 lr=0.000244852 elapsed=02:52:07 eta=90:59:01 val_mrr=0.194949
[TRAIN] 2026-04-25 13:05:42 step=2060/67071 (3.07%) epoch=1/3 epoch_step=2060/22357 (9.21%) loss=0.290078 lr=0.000246697 elapsed=02:52:29 eta=90:43:18 val_mrr=0.194949
[TRAIN] 2026-04-25 13:06:03 step=2070/67071 (3.09%) epoch=1/3 epoch_step=2070/22357 (9.26%) loss=0.270939 lr=0.000248549 elapsed=02:52:50 eta=90:27:27 val_mrr=0.194949
[TRAIN] 2026-04-25 13:06:24 step=2080/67071 (3.10%) epoch=1/3 epoch_step=2080/22357 (9.30%) loss=0.252212 lr=0.000250406 elapsed=02:53:12 eta=90:11:40 val_mrr=0.194949
[TRAIN] 2026-04-25 13:06:46 step=2090/67071 (3.12%) epoch=1/3 epoch_step=2090/22357 (9.35%) loss=0.288379 lr=0.00025227 elapsed=02:53:33 eta=89:56:06 val_mrr=0.194949
[TRAIN] 2026-04-25 13:07:08 step=2100/67071 (3.13%) epoch=1/3 epoch_step=2100/22357 (9.39%) loss=0.273550 lr=0.000254139 elapsed=02:53:55 eta=89:40:59 val_mrr=0.194949
[TRAIN] 2026-04-25 13:07:29 step=2110/67071 (3.15%) epoch=1/3 epoch_step=2110/22357 (9.44%) loss=0.293086 lr=0.000256014 elapsed=02:54:17 eta=89:25:27 val_mrr=0.194949
[TRAIN] 2026-04-25 13:07:51 step=2120/67071 (3.16%) epoch=1/3 epoch_step=2120/22357 (9.48%) loss=0.271127 lr=0.000257895 elapsed=02:54:38 eta=89:10:17 val_mrr=0.194949
[TRAIN] 2026-04-25 13:08:12 step=2130/67071 (3.18%) epoch=1/3 epoch_step=2130/22357 (9.53%) loss=0.284540 lr=0.000259782 elapsed=02:54:59 eta=88:55:09 val_mrr=0.194949
[TRAIN] 2026-04-25 13:08:34 step=2140/67071 (3.19%) epoch=1/3 epoch_step=2140/22357 (9.57%) loss=0.275621 lr=0.000261674 elapsed=02:55:21 eta=88:40:37 val_mrr=0.194949
[TRAIN] 2026-04-25 13:08:55 step=2150/67071 (3.21%) epoch=1/3 epoch_step=2150/22357 (9.62%) loss=0.283372 lr=0.000263572 elapsed=02:55:43 eta=88:25:45 val_mrr=0.194949
[TRAIN] 2026-04-25 13:09:17 step=2160/67071 (3.22%) epoch=1/3 epoch_step=2160/22357 (9.66%) loss=0.296669 lr=0.000265476 elapsed=02:56:04 eta=88:11:04 val_mrr=0.194949
[TRAIN] 2026-04-25 13:09:37 step=2170/67071 (3.24%) epoch=1/3 epoch_step=2170/22357 (9.71%) loss=0.257731 lr=0.000267385 elapsed=02:56:24 eta=87:55:58 val_mrr=0.194949
[TRAIN] 2026-04-25 13:09:59 step=2180/67071 (3.25%) epoch=1/3 epoch_step=2180/22357 (9.75%) loss=0.304599 lr=0.0002693 elapsed=02:56:47 eta=87:42:00 val_mrr=0.194949
[TRAIN] 2026-04-25 13:10:22 step=2190/67071 (3.27%) epoch=1/3 epoch_step=2190/22357 (9.80%) loss=0.278566 lr=0.00027122 elapsed=02:57:09 eta=87:28:26 val_mrr=0.194949
[TRAIN] 2026-04-25 13:10:45 step=2200/67071 (3.28%) epoch=1/3 epoch_step=2200/22357 (9.84%) loss=0.303480 lr=0.000273146 elapsed=02:57:32 eta=87:14:54 val_mrr=0.194949
[TRAIN] 2026-04-25 13:11:07 step=2210/67071 (3.30%) epoch=1/3 epoch_step=2210/22357 (9.89%) loss=0.258398 lr=0.000275077 elapsed=02:57:54 eta=87:01:07 val_mrr=0.194949
[TRAIN] 2026-04-25 13:11:28 step=2220/67071 (3.31%) epoch=1/3 epoch_step=2220/22357 (9.93%) loss=0.266034 lr=0.000277014 elapsed=02:58:16 eta=86:47:29 val_mrr=0.194949
[TRAIN] 2026-04-25 13:11:50 step=2230/67071 (3.32%) epoch=1/3 epoch_step=2230/22357 (9.97%) loss=0.269301 lr=0.000278956 elapsed=02:58:37 eta=86:33:40 val_mrr=0.194949
[TRAIN] 2026-04-25 13:12:11 step=2240/67071 (3.34%) epoch=1/3 epoch_step=2240/22357 (10.02%) loss=0.259850 lr=0.000280903 elapsed=02:58:58 eta=86:19:51 val_mrr=0.194949
[TRAIN] 2026-04-25 13:12:33 step=2250/67071 (3.35%) epoch=1/3 epoch_step=2250/22357 (10.06%) loss=0.286734 lr=0.000282855 elapsed=02:59:20 eta=86:06:31 val_mrr=0.194949
[TRAIN] 2026-04-25 13:12:55 step=2260/67071 (3.37%) epoch=1/3 epoch_step=2260/22357 (10.11%) loss=0.299066 lr=0.000284813 elapsed=02:59:42 eta=85:53:22 val_mrr=0.194949
[TRAIN] 2026-04-25 13:13:17 step=2270/67071 (3.38%) epoch=1/3 epoch_step=2270/22357 (10.15%) loss=0.290842 lr=0.000286776 elapsed=03:00:04 eta=85:40:23 val_mrr=0.194949
[TRAIN] 2026-04-25 13:13:39 step=2280/67071 (3.40%) epoch=1/3 epoch_step=2280/22357 (10.20%) loss=0.277867 lr=0.000288744 elapsed=03:00:26 eta=85:27:27 val_mrr=0.194949
[TRAIN] 2026-04-25 13:14:00 step=2290/67071 (3.41%) epoch=1/3 epoch_step=2290/22357 (10.24%) loss=0.265676 lr=0.000290717 elapsed=03:00:48 eta=85:14:24 val_mrr=0.194949
[TRAIN] 2026-04-25 13:14:22 step=2300/67071 (3.43%) epoch=1/3 epoch_step=2300/22357 (10.29%) loss=0.252934 lr=0.000292695 elapsed=03:01:10 eta=85:01:46 val_mrr=0.194949
[TRAIN] 2026-04-25 13:14:44 step=2310/67071 (3.44%) epoch=1/3 epoch_step=2310/22357 (10.33%) loss=0.266172 lr=0.000294678 elapsed=03:01:31 eta=84:48:57 val_mrr=0.194949
[TRAIN] 2026-04-25 13:15:06 step=2320/67071 (3.46%) epoch=1/3 epoch_step=2320/22357 (10.38%) loss=0.236570 lr=0.000296666 elapsed=03:01:53 eta=84:36:27 val_mrr=0.194949
[TRAIN] 2026-04-25 13:15:28 step=2330/67071 (3.47%) epoch=1/3 epoch_step=2330/22357 (10.42%) loss=0.284936 lr=0.000298659 elapsed=03:02:16 eta=84:24:14 val_mrr=0.194949
[TRAIN] 2026-04-25 13:15:51 step=2340/67071 (3.49%) epoch=1/3 epoch_step=2340/22357 (10.47%) loss=0.240624 lr=0.000300656 elapsed=03:02:38 eta=84:12:18 val_mrr=0.194949
[TRAIN] 2026-04-25 13:16:13 step=2350/67071 (3.50%) epoch=1/3 epoch_step=2350/22357 (10.51%) loss=0.276906 lr=0.000302659 elapsed=03:03:00 eta=84:00:06 val_mrr=0.194949
[TRAIN] 2026-04-25 13:16:34 step=2360/67071 (3.52%) epoch=1/3 epoch_step=2360/22357 (10.56%) loss=0.271127 lr=0.000304666 elapsed=03:03:22 eta=83:47:48 val_mrr=0.194949
[TRAIN] 2026-04-25 13:16:57 step=2370/67071 (3.53%) epoch=1/3 epoch_step=2370/22357 (10.60%) loss=0.275387 lr=0.000306678 elapsed=03:03:44 eta=83:36:02 val_mrr=0.194949
[TRAIN] 2026-04-25 13:17:20 step=2380/67071 (3.55%) epoch=1/3 epoch_step=2380/22357 (10.65%) loss=0.252120 lr=0.000308695 elapsed=03:04:07 eta=83:24:31 val_mrr=0.194949
[TRAIN] 2026-04-25 13:17:43 step=2390/67071 (3.56%) epoch=1/3 epoch_step=2390/22357 (10.69%) loss=0.241951 lr=0.000310716 elapsed=03:04:30 eta=83:13:17 val_mrr=0.194949
[TRAIN] 2026-04-25 13:18:06 step=2400/67071 (3.58%) epoch=1/3 epoch_step=2400/22357 (10.73%) loss=0.281814 lr=0.000312742 elapsed=03:04:53 eta=83:01:58 val_mrr=0.194949
[TRAIN] 2026-04-25 13:18:28 step=2410/67071 (3.59%) epoch=1/3 epoch_step=2410/22357 (10.78%) loss=0.284017 lr=0.000314773 elapsed=03:05:16 eta=82:50:40 val_mrr=0.194949
[TRAIN] 2026-04-25 13:18:51 step=2420/67071 (3.61%) epoch=1/3 epoch_step=2420/22357 (10.82%) loss=0.294025 lr=0.000316808 elapsed=03:05:39 eta=82:39:32 val_mrr=0.194949
[TRAIN] 2026-04-25 13:19:13 step=2430/67071 (3.62%) epoch=1/3 epoch_step=2430/22357 (10.87%) loss=0.286309 lr=0.000318847 elapsed=03:06:01 eta=82:28:12 val_mrr=0.194949
[TRAIN] 2026-04-25 13:19:36 step=2440/67071 (3.64%) epoch=1/3 epoch_step=2440/22357 (10.91%) loss=0.266873 lr=0.000320891 elapsed=03:06:23 eta=82:17:04 val_mrr=0.194949
[TRAIN] 2026-04-25 13:19:58 step=2450/67071 (3.65%) epoch=1/3 epoch_step=2450/22357 (10.96%) loss=0.275987 lr=0.000322939 elapsed=03:06:46 eta=82:05:58 val_mrr=0.194949
[TRAIN] 2026-04-25 13:20:21 step=2460/67071 (3.67%) epoch=1/3 epoch_step=2460/22357 (11.00%) loss=0.281083 lr=0.000324992 elapsed=03:07:09 eta=81:55:15 val_mrr=0.194949
[TRAIN] 2026-04-25 13:20:45 step=2470/67071 (3.68%) epoch=1/3 epoch_step=2470/22357 (11.05%) loss=0.277145 lr=0.000327049 elapsed=03:07:32 eta=81:44:46 val_mrr=0.194949
[TRAIN] 2026-04-25 13:21:07 step=2480/67071 (3.70%) epoch=1/3 epoch_step=2480/22357 (11.09%) loss=0.269640 lr=0.00032911 elapsed=03:07:55 eta=81:34:06 val_mrr=0.194949
[TRAIN] 2026-04-25 13:21:30 step=2490/67071 (3.71%) epoch=1/3 epoch_step=2490/22357 (11.14%) loss=0.301965 lr=0.000331175 elapsed=03:08:17 eta=81:23:29 val_mrr=0.194949
[STAGE] 2026-04-25 13:21:52 val prep subsets global=50000 art_art=1986 art_any=50000
[STAGE] 2026-04-25 13:21:52 val prep negatives global=50000 art_art=1986 art_any=50000
[STAGE] 2026-04-25 13:21:52 val start step=2500 epoch=0 task=relation_ranking subset=global triples=50000 batches=98 eval_batch_size=512
[STAGE] 2026-04-25 13:26:38 val start step=2500 epoch=0 task=triple_scoring subset=global triples=50000 batches=98 eval_batch_size=512
[STAGE] 2026-04-25 13:32:46 val start step=2500 epoch=0 task=relation_ranking subset=art_art triples=1986 batches=4 eval_batch_size=512
[STAGE] 2026-04-25 13:33:06 val start step=2500 epoch=0 task=triple_scoring subset=art_art triples=1986 batches=4 eval_batch_size=512
[STAGE] 2026-04-25 13:33:33 val start step=2500 epoch=0 task=relation_ranking subset=art_any triples=50000 batches=98 eval_batch_size=512
[STAGE] 2026-04-25 13:38:35 val start step=2500 epoch=0 task=triple_scoring subset=art_any triples=50000 batches=98 eval_batch_size=512
[VAL] 2026-04-25 13:47:25 step=2500 epoch=0 mrr=0.263073 aucpr=0.942283 art_art_mrr=0.116052 art_art_aucpr=0.685745 art_any_mrr=0.263764 art_any_aucpr=0.803779
[TRAIN] 2026-04-25 13:47:26 step=2500/67071 (3.73%) epoch=1/3 epoch_step=2500/22357 (11.18%) loss=0.270342 lr=0.000333244 elapsed=03:34:13 eta=92:13:02 val_mrr=0.263073
[TRAIN] 2026-04-25 13:47:49 step=2510/67071 (3.74%) epoch=1/3 epoch_step=2510/22357 (11.23%) loss=0.275428 lr=0.000335318 elapsed=03:34:36 eta=91:59:49 val_mrr=0.263073
[TRAIN] 2026-04-25 13:48:12 step=2520/67071 (3.76%) epoch=1/3 epoch_step=2520/22357 (11.27%) loss=0.250706 lr=0.000337395 elapsed=03:34:59 eta=91:46:57 val_mrr=0.263073
[TRAIN] 2026-04-25 13:48:35 step=2530/67071 (3.77%) epoch=1/3 epoch_step=2530/22357 (11.32%) loss=0.236786 lr=0.000339477 elapsed=03:35:23 eta=91:34:25 val_mrr=0.263073
[TRAIN] 2026-04-25 13:48:58 step=2540/67071 (3.79%) epoch=1/3 epoch_step=2540/22357 (11.36%) loss=0.263775 lr=0.000341562 elapsed=03:35:46 eta=91:21:38 val_mrr=0.263073
[TRAIN] 2026-04-25 13:49:21 step=2550/67071 (3.80%) epoch=1/3 epoch_step=2550/22357 (11.41%) loss=0.267330 lr=0.000343652 elapsed=03:36:08 eta=91:08:51 val_mrr=0.263073
[TRAIN] 2026-04-25 13:49:44 step=2560/67071 (3.82%) epoch=1/3 epoch_step=2560/22357 (11.45%) loss=0.235779 lr=0.000345745 elapsed=03:36:32 eta=90:56:24 val_mrr=0.263073
[TRAIN] 2026-04-25 13:50:08 step=2570/67071 (3.83%) epoch=1/3 epoch_step=2570/22357 (11.50%) loss=0.257596 lr=0.000347842 elapsed=03:36:56 eta=90:44:21 val_mrr=0.263073
[TRAIN] 2026-04-25 13:50:31 step=2580/67071 (3.85%) epoch=1/3 epoch_step=2580/22357 (11.54%) loss=0.270962 lr=0.000349943 elapsed=03:37:19 eta=90:32:02 val_mrr=0.263073
[TRAIN] 2026-04-25 13:50:55 step=2590/67071 (3.86%) epoch=1/3 epoch_step=2590/22357 (11.58%) loss=0.240997 lr=0.000352048 elapsed=03:37:42 eta=90:20:04 val_mrr=0.263073
[TRAIN] 2026-04-25 13:51:19 step=2600/67071 (3.88%) epoch=1/3 epoch_step=2600/22357 (11.63%) loss=0.250534 lr=0.000354156 elapsed=03:38:06 eta=90:08:10 val_mrr=0.263073
[TRAIN] 2026-04-25 13:51:42 step=2610/67071 (3.89%) epoch=1/3 epoch_step=2610/22357 (11.67%) loss=0.239598 lr=0.000356268 elapsed=03:38:30 eta=89:56:15 val_mrr=0.263073
[TRAIN] 2026-04-25 13:52:06 step=2620/67071 (3.91%) epoch=1/3 epoch_step=2620/22357 (11.72%) loss=0.251773 lr=0.000358384 elapsed=03:38:53 eta=89:44:38 val_mrr=0.263073
[TRAIN] 2026-04-25 13:52:29 step=2630/67071 (3.92%) epoch=1/3 epoch_step=2630/22357 (11.76%) loss=0.263076 lr=0.000360503 elapsed=03:39:17 eta=89:32:49 val_mrr=0.263073
[TRAIN] 2026-04-25 13:52:53 step=2640/67071 (3.94%) epoch=1/3 epoch_step=2640/22357 (11.81%) loss=0.267421 lr=0.000362626 elapsed=03:39:40 eta=89:21:14 val_mrr=0.263073
[TRAIN] 2026-04-25 13:53:16 step=2650/67071 (3.95%) epoch=1/3 epoch_step=2650/22357 (11.85%) loss=0.274365 lr=0.000364752 elapsed=03:40:04 eta=89:09:36 val_mrr=0.263073
[TRAIN] 2026-04-25 13:53:39 step=2660/67071 (3.97%) epoch=1/3 epoch_step=2660/22357 (11.90%) loss=0.244879 lr=0.000366881 elapsed=03:40:26 eta=88:57:54 val_mrr=0.263073
[TRAIN] 2026-04-25 13:54:02 step=2670/67071 (3.98%) epoch=1/3 epoch_step=2670/22357 (11.94%) loss=0.257217 lr=0.000369014 elapsed=03:40:49 eta=88:46:08 val_mrr=0.263073
[TRAIN] 2026-04-25 13:54:25 step=2680/67071 (4.00%) epoch=1/3 epoch_step=2680/22357 (11.99%) loss=0.284642 lr=0.00037115 elapsed=03:41:12 eta=88:34:44 val_mrr=0.263073
[TRAIN] 2026-04-25 13:54:48 step=2690/67071 (4.01%) epoch=1/3 epoch_step=2690/22357 (12.03%) loss=0.226344 lr=0.00037329 elapsed=03:41:35 eta=88:23:25 val_mrr=0.263073
[TRAIN] 2026-04-25 13:55:10 step=2700/67071 (4.03%) epoch=1/3 epoch_step=2700/22357 (12.08%) loss=0.231521 lr=0.000375432 elapsed=03:41:58 eta=88:11:48 val_mrr=0.263073
[TRAIN] 2026-04-25 13:55:31 step=2710/67071 (4.04%) epoch=1/3 epoch_step=2710/22357 (12.12%) loss=0.228568 lr=0.000377578 elapsed=03:42:19 eta=87:59:47 val_mrr=0.263073
[TRAIN] 2026-04-25 13:55:53 step=2720/67071 (4.06%) epoch=1/3 epoch_step=2720/22357 (12.17%) loss=0.257315 lr=0.000379727 elapsed=03:42:40 eta=87:48:02 val_mrr=0.263073
[TRAIN] 2026-04-25 13:56:14 step=2730/67071 (4.07%) epoch=1/3 epoch_step=2730/22357 (12.21%) loss=0.243432 lr=0.000381879 elapsed=03:43:02 eta=87:36:22 val_mrr=0.263073
[TRAIN] 2026-04-25 13:56:36 step=2740/67071 (4.09%) epoch=1/3 epoch_step=2740/22357 (12.26%) loss=0.244938 lr=0.000384034 elapsed=03:43:23 eta=87:24:47 val_mrr=0.263073
[TRAIN] 2026-04-25 13:56:56 step=2750/67071 (4.10%) epoch=1/3 epoch_step=2750/22357 (12.30%) loss=0.247790 lr=0.000386192 elapsed=03:43:44 eta=87:12:56 val_mrr=0.263073
[TRAIN] 2026-04-25 13:57:17 step=2760/67071 (4.12%) epoch=1/3 epoch_step=2760/22357 (12.35%) loss=0.242200 lr=0.000388353 elapsed=03:44:04 eta=87:01:08 val_mrr=0.263073
[TRAIN] 2026-04-25 13:57:39 step=2770/67071 (4.13%) epoch=1/3 epoch_step=2770/22357 (12.39%) loss=0.231929 lr=0.000390517 elapsed=03:44:26 eta=86:49:51 val_mrr=0.263073
[TRAIN] 2026-04-25 13:58:00 step=2780/67071 (4.14%) epoch=1/3 epoch_step=2780/22357 (12.43%) loss=0.241658 lr=0.000392684 elapsed=03:44:47 eta=86:38:24 val_mrr=0.263073
[TRAIN] 2026-04-25 13:58:21 step=2790/67071 (4.16%) epoch=1/3 epoch_step=2790/22357 (12.48%) loss=0.288740 lr=0.000394853 elapsed=03:45:09 eta=86:27:17 val_mrr=0.263073
[TRAIN] 2026-04-25 13:58:43 step=2800/67071 (4.17%) epoch=1/3 epoch_step=2800/22357 (12.52%) loss=0.248552 lr=0.000397025 elapsed=03:45:30 eta=86:16:08 val_mrr=0.263073
[TRAIN] 2026-04-25 13:59:04 step=2810/67071 (4.19%) epoch=1/3 epoch_step=2810/22357 (12.57%) loss=0.258945 lr=0.0003992 elapsed=03:45:51 eta=86:04:59 val_mrr=0.263073
[TRAIN] 2026-04-25 13:59:25 step=2820/67071 (4.20%) epoch=1/3 epoch_step=2820/22357 (12.61%) loss=0.244978 lr=0.000401378 elapsed=03:46:12 eta=85:53:51 val_mrr=0.263073
[TRAIN] 2026-04-25 13:59:46 step=2830/67071 (4.22%) epoch=1/3 epoch_step=2830/22357 (12.66%) loss=0.229803 lr=0.000403558 elapsed=03:46:33 eta=85:42:50 val_mrr=0.263073
[TRAIN] 2026-04-25 14:00:08 step=2840/67071 (4.23%) epoch=1/3 epoch_step=2840/22357 (12.70%) loss=0.255490 lr=0.000405741 elapsed=03:46:55 eta=85:32:13 val_mrr=0.263073
[TRAIN] 2026-04-25 14:00:30 step=2850/67071 (4.25%) epoch=1/3 epoch_step=2850/22357 (12.75%) loss=0.235287 lr=0.000407926 elapsed=03:47:17 eta=85:21:34 val_mrr=0.263073
[TRAIN] 2026-04-25 14:00:52 step=2860/67071 (4.26%) epoch=1/3 epoch_step=2860/22357 (12.79%) loss=0.249983 lr=0.000410114 elapsed=03:47:39 eta=85:11:02 val_mrr=0.263073
[TRAIN] 2026-04-25 14:01:13 step=2870/67071 (4.28%) epoch=1/3 epoch_step=2870/22357 (12.84%) loss=0.242408 lr=0.000412304 elapsed=03:48:00 eta=85:00:18 val_mrr=0.263073
[TRAIN] 2026-04-25 14:01:34 step=2880/67071 (4.29%) epoch=1/3 epoch_step=2880/22357 (12.88%) loss=0.262058 lr=0.000414496 elapsed=03:48:22 eta=84:49:50 val_mrr=0.263073
[TRAIN] 2026-04-25 14:01:55 step=2890/67071 (4.31%) epoch=1/3 epoch_step=2890/22357 (12.93%) loss=0.236152 lr=0.000416691 elapsed=03:48:42 eta=84:39:01 val_mrr=0.263073
[TRAIN] 2026-04-25 14:02:16 step=2900/67071 (4.32%) epoch=1/3 epoch_step=2900/22357 (12.97%) loss=0.232332 lr=0.000418888 elapsed=03:49:04 eta=84:28:40 val_mrr=0.263073
[TRAIN] 2026-04-25 14:02:38 step=2910/67071 (4.34%) epoch=1/3 epoch_step=2910/22357 (13.02%) loss=0.275305 lr=0.000421088 elapsed=03:49:25 eta=84:18:25 val_mrr=0.263073
[TRAIN] 2026-04-25 14:03:00 step=2920/67071 (4.35%) epoch=1/3 epoch_step=2920/22357 (13.06%) loss=0.233560 lr=0.000423289 elapsed=03:49:47 eta=84:08:13 val_mrr=0.263073
[TRAIN] 2026-04-25 14:03:22 step=2930/67071 (4.37%) epoch=1/3 epoch_step=2930/22357 (13.11%) loss=0.262551 lr=0.000425493 elapsed=03:50:09 eta=83:58:16 val_mrr=0.263073
[TRAIN] 2026-04-25 14:03:43 step=2940/67071 (4.38%) epoch=1/3 epoch_step=2940/22357 (13.15%) loss=0.221059 lr=0.000427698 elapsed=03:50:30 eta=83:48:07 val_mrr=0.263073
[TRAIN] 2026-04-25 14:04:04 step=2950/67071 (4.40%) epoch=1/3 epoch_step=2950/22357 (13.19%) loss=0.263115 lr=0.000429906 elapsed=03:50:51 eta=83:37:48 val_mrr=0.263073
[TRAIN] 2026-04-25 14:04:24 step=2960/67071 (4.41%) epoch=1/3 epoch_step=2960/22357 (13.24%) loss=0.243144 lr=0.000432116 elapsed=03:51:12 eta=83:27:30 val_mrr=0.263073
[TRAIN] 2026-04-25 14:04:45 step=2970/67071 (4.43%) epoch=1/3 epoch_step=2970/22357 (13.28%) loss=0.224182 lr=0.000434327 elapsed=03:51:33 eta=83:17:25 val_mrr=0.263073
[TRAIN] 2026-04-25 14:05:07 step=2980/67071 (4.44%) epoch=1/3 epoch_step=2980/22357 (13.33%) loss=0.284381 lr=0.000436541 elapsed=03:51:54 eta=83:07:34 val_mrr=0.263073
[TRAIN] 2026-04-25 14:05:29 step=2990/67071 (4.46%) epoch=1/3 epoch_step=2990/22357 (13.37%) loss=0.273333 lr=0.000438756 elapsed=03:52:16 eta=82:58:03 val_mrr=0.263073
[STAGE] 2026-04-25 14:05:51 val prep subsets global=50000 art_art=1986 art_any=50000
[STAGE] 2026-04-25 14:05:51 val prep negatives global=50000 art_art=1986 art_any=50000
[STAGE] 2026-04-25 14:05:51 val start step=3000 epoch=0 task=relation_ranking subset=global triples=50000 batches=98 eval_batch_size=512
[STAGE] 2026-04-25 14:10:17 val start step=3000 epoch=0 task=triple_scoring subset=global triples=50000 batches=98 eval_batch_size=512
[STAGE] 2026-04-25 14:16:09 val start step=3000 epoch=0 task=relation_ranking subset=art_art triples=1986 batches=4 eval_batch_size=512
[STAGE] 2026-04-25 14:16:25 val start step=3000 epoch=0 task=triple_scoring subset=art_art triples=1986 batches=4 eval_batch_size=512
[STAGE] 2026-04-25 14:16:48 val start step=3000 epoch=0 task=relation_ranking subset=art_any triples=50000 batches=98 eval_batch_size=512
[STAGE] 2026-04-25 14:21:23 val start step=3000 epoch=0 task=triple_scoring subset=art_any triples=50000 batches=98 eval_batch_size=512
[VAL] 2026-04-25 14:29:39 step=3000 epoch=0 mrr=0.334704 aucpr=0.947242 art_art_mrr=0.198860 art_art_aucpr=0.719075 art_any_mrr=0.334085 art_any_aucpr=0.817491
[TRAIN] 2026-04-25 14:29:40 step=3000/67071 (4.47%) epoch=1/3 epoch_step=3000/22357 (13.42%) loss=0.264177 lr=0.000440973 elapsed=04:16:28 eta=91:17:14 val_mrr=0.334704
[TRAIN] 2026-04-25 14:30:02 step=3010/67071 (4.49%) epoch=1/3 epoch_step=3010/22357 (13.46%) loss=0.233797 lr=0.000443192 elapsed=04:16:49 eta=91:05:46 val_mrr=0.334704
[TRAIN] 2026-04-25 14:30:24 step=3020/67071 (4.50%) epoch=1/3 epoch_step=3020/22357 (13.51%) loss=0.208599 lr=0.000445412 elapsed=04:17:12 eta=90:54:50 val_mrr=0.334704
[TRAIN] 2026-04-25 14:30:46 step=3030/67071 (4.52%) epoch=1/3 epoch_step=3030/22357 (13.55%) loss=0.225439 lr=0.000447634 elapsed=04:17:34 eta=90:43:40 val_mrr=0.334704
[TRAIN] 2026-04-25 14:31:09 step=3040/67071 (4.53%) epoch=1/3 epoch_step=3040/22357 (13.60%) loss=0.247937 lr=0.000449858 elapsed=04:17:56 eta=90:32:48 val_mrr=0.334704
[TRAIN] 2026-04-25 14:31:31 step=3050/67071 (4.55%) epoch=1/3 epoch_step=3050/22357 (13.64%) loss=0.234513 lr=0.000452083 elapsed=04:18:18 eta=90:21:52 val_mrr=0.334704
[TRAIN] 2026-04-25 14:31:53 step=3060/67071 (4.56%) epoch=1/3 epoch_step=3060/22357 (13.69%) loss=0.190019 lr=0.00045431 elapsed=04:18:40 eta=90:10:56 val_mrr=0.334704
[TRAIN] 2026-04-25 14:32:14 step=3070/67071 (4.58%) epoch=1/3 epoch_step=3070/22357 (13.73%) loss=0.235885 lr=0.000456538 elapsed=04:19:02 eta=90:00:00 val_mrr=0.334704
[TRAIN] 2026-04-25 14:32:37 step=3080/67071 (4.59%) epoch=1/3 epoch_step=3080/22357 (13.78%) loss=0.210934 lr=0.000458768 elapsed=04:19:24 eta=89:49:21 val_mrr=0.334704
[TRAIN] 2026-04-25 14:32:59 step=3090/67071 (4.61%) epoch=1/3 epoch_step=3090/22357 (13.82%) loss=0.207602 lr=0.000460999 elapsed=04:19:46 eta=89:38:51 val_mrr=0.334704
[TRAIN] 2026-04-25 14:33:21 step=3100/67071 (4.62%) epoch=1/3 epoch_step=3100/22357 (13.87%) loss=0.235905 lr=0.000463231 elapsed=04:20:08 eta=89:28:09 val_mrr=0.334704
[TRAIN] 2026-04-25 14:33:42 step=3110/67071 (4.64%) epoch=1/3 epoch_step=3110/22357 (13.91%) loss=0.238700 lr=0.000465465 elapsed=04:20:29 eta=89:17:12 val_mrr=0.334704
[TRAIN] 2026-04-25 14:34:04 step=3120/67071 (4.65%) epoch=1/3 epoch_step=3120/22357 (13.96%) loss=0.262879 lr=0.000467699 elapsed=04:20:51 eta=89:06:51 val_mrr=0.334704
[TRAIN] 2026-04-25 14:34:26 step=3130/67071 (4.67%) epoch=1/3 epoch_step=3130/22357 (14.00%) loss=0.232351 lr=0.000469935 elapsed=04:21:13 eta=88:56:18 val_mrr=0.334704
[TRAIN] 2026-04-25 14:34:48 step=3140/67071 (4.68%) epoch=1/3 epoch_step=3140/22357 (14.04%) loss=0.287162 lr=0.000472172 elapsed=04:21:35 eta=88:45:56 val_mrr=0.334704
[TRAIN] 2026-04-25 14:35:10 step=3150/67071 (4.70%) epoch=1/3 epoch_step=3150/22357 (14.09%) loss=0.245800 lr=0.00047441 elapsed=04:21:58 eta=88:35:47 val_mrr=0.334704
[TRAIN] 2026-04-25 14:35:32 step=3160/67071 (4.71%) epoch=1/3 epoch_step=3160/22357 (14.13%) loss=0.244602 lr=0.000476649 elapsed=04:22:19 eta=88:25:20 val_mrr=0.334704
[TRAIN] 2026-04-25 14:35:54 step=3170/67071 (4.73%) epoch=1/3 epoch_step=3170/22357 (14.18%) loss=0.228475 lr=0.000478889 elapsed=04:22:41 eta=88:15:09 val_mrr=0.334704
[TRAIN] 2026-04-25 14:36:14 step=3180/67071 (4.74%) epoch=1/3 epoch_step=3180/22357 (14.22%) loss=0.219732 lr=0.00048113 elapsed=04:23:02 eta=88:04:40 val_mrr=0.334704
[TRAIN] 2026-04-25 14:36:37 step=3190/67071 (4.76%) epoch=1/3 epoch_step=3190/22357 (14.27%) loss=0.210227 lr=0.000483371 elapsed=04:23:24 eta=87:54:48 val_mrr=0.334704
[TRAIN] 2026-04-25 14:37:01 step=3200/67071 (4.77%) epoch=1/3 epoch_step=3200/22357 (14.31%) loss=0.265279 lr=0.000485614 elapsed=04:23:48 eta=87:45:22 val_mrr=0.334704
[TRAIN] 2026-04-25 14:37:23 step=3210/67071 (4.79%) epoch=1/3 epoch_step=3210/22357 (14.36%) loss=0.256125 lr=0.000487857 elapsed=04:24:10 eta=87:35:30 val_mrr=0.334704
[TRAIN] 2026-04-25 14:37:45 step=3220/67071 (4.80%) epoch=1/3 epoch_step=3220/22357 (14.40%) loss=0.239595 lr=0.000490101 elapsed=04:24:32 eta=87:25:36 val_mrr=0.334704
[TRAIN] 2026-04-25 14:38:06 step=3230/67071 (4.82%) epoch=1/3 epoch_step=3230/22357 (14.45%) loss=0.220913 lr=0.000492346 elapsed=04:24:54 eta=87:15:38 val_mrr=0.334704
[TRAIN] 2026-04-25 14:38:27 step=3240/67071 (4.83%) epoch=1/3 epoch_step=3240/22357 (14.49%) loss=0.255113 lr=0.000494591 elapsed=04:25:15 eta=87:05:36 val_mrr=0.334704
[TRAIN] 2026-04-25 14:38:49 step=3250/67071 (4.85%) epoch=1/3 epoch_step=3250/22357 (14.54%) loss=0.272395 lr=0.000496837 elapsed=04:25:37 eta=86:55:55 val_mrr=0.334704
[TRAIN] 2026-04-25 14:39:12 step=3260/67071 (4.86%) epoch=1/3 epoch_step=3260/22357 (14.58%) loss=0.222462 lr=0.000499083 elapsed=04:25:59 eta=86:46:27 val_mrr=0.334704
[TRAIN] 2026-04-25 14:39:33 step=3270/67071 (4.88%) epoch=1/3 epoch_step=3270/22357 (14.63%) loss=0.245659 lr=0.00050133 elapsed=04:26:21 eta=86:36:41 val_mrr=0.334704
[TRAIN] 2026-04-25 14:39:55 step=3280/67071 (4.89%) epoch=1/3 epoch_step=3280/22357 (14.67%) loss=0.261911 lr=0.000503577 elapsed=04:26:43 eta=86:27:11 val_mrr=0.334704
[TRAIN] 2026-04-25 14:40:18 step=3290/67071 (4.91%) epoch=1/3 epoch_step=3290/22357 (14.72%) loss=0.194208 lr=0.000505824 elapsed=04:27:05 eta=86:17:51 val_mrr=0.334704
[TRAIN] 2026-04-25 14:40:43 step=3300/67071 (4.92%) epoch=1/3 epoch_step=3300/22357 (14.76%) loss=0.261113 lr=0.000508072 elapsed=04:27:31 eta=86:09:30 val_mrr=0.334704
[TRAIN] 2026-04-25 14:41:06 step=3310/67071 (4.94%) epoch=1/3 epoch_step=3310/22357 (14.81%) loss=0.243229 lr=0.00051032 elapsed=04:27:53 eta=86:00:17 val_mrr=0.334704
[TRAIN] 2026-04-25 14:41:28 step=3320/67071 (4.95%) epoch=1/3 epoch_step=3320/22357 (14.85%) loss=0.251663 lr=0.000512569 elapsed=04:28:15 eta=85:51:02 val_mrr=0.334704
[TRAIN] 2026-04-25 14:41:51 step=3330/67071 (4.96%) epoch=1/3 epoch_step=3330/22357 (14.89%) loss=0.254965 lr=0.000514817 elapsed=04:28:38 eta=85:41:59 val_mrr=0.334704
[TRAIN] 2026-04-25 14:42:12 step=3340/67071 (4.98%) epoch=1/3 epoch_step=3340/22357 (14.94%) loss=0.268256 lr=0.000517066 elapsed=04:29:00 eta=85:32:46 val_mrr=0.334704
[TRAIN] 2026-04-25 14:42:35 step=3350/67071 (4.99%) epoch=1/3 epoch_step=3350/22357 (14.98%) loss=0.217928 lr=0.000519314 elapsed=04:29:22 eta=85:23:40 val_mrr=0.334704
[TRAIN] 2026-04-25 14:42:56 step=3360/67071 (5.01%) epoch=1/3 epoch_step=3360/22357 (15.03%) loss=0.241938 lr=0.000521563 elapsed=04:29:43 eta=85:14:21 val_mrr=0.334704
[TRAIN] 2026-04-25 14:43:18 step=3370/67071 (5.02%) epoch=1/3 epoch_step=3370/22357 (15.07%) loss=0.225361 lr=0.000523811 elapsed=04:30:05 eta=85:05:12 val_mrr=0.334704
[TRAIN] 2026-04-25 14:43:39 step=3380/67071 (5.04%) epoch=1/3 epoch_step=3380/22357 (15.12%) loss=0.228290 lr=0.00052606 elapsed=04:30:26 eta=84:55:59 val_mrr=0.334704
[TRAIN] 2026-04-25 14:44:02 step=3390/67071 (5.05%) epoch=1/3 epoch_step=3390/22357 (15.16%) loss=0.235222 lr=0.000528308 elapsed=04:30:49 eta=84:47:20 val_mrr=0.334704
[TRAIN] 2026-04-25 14:44:25 step=3400/67071 (5.07%) epoch=1/3 epoch_step=3400/22357 (15.21%) loss=0.268141 lr=0.000530557 elapsed=04:31:12 eta=84:38:41 val_mrr=0.334704
[TRAIN] 2026-04-25 14:44:46 step=3410/67071 (5.08%) epoch=1/3 epoch_step=3410/22357 (15.25%) loss=0.204287 lr=0.000532805 elapsed=04:31:34 eta=84:29:45 val_mrr=0.334704
[TRAIN] 2026-04-25 14:45:08 step=3420/67071 (5.10%) epoch=1/3 epoch_step=3420/22357 (15.30%) loss=0.264570 lr=0.000535052 elapsed=04:31:56 eta=84:20:57 val_mrr=0.334704
[TRAIN] 2026-04-25 14:45:31 step=3430/67071 (5.11%) epoch=1/3 epoch_step=3430/22357 (15.34%) loss=0.232315 lr=0.0005373 elapsed=04:32:19 eta=84:12:34 val_mrr=0.334704
[TRAIN] 2026-04-25 14:45:54 step=3440/67071 (5.13%) epoch=1/3 epoch_step=3440/22357 (15.39%) loss=0.223667 lr=0.000539547 elapsed=04:32:41 eta=84:03:56 val_mrr=0.334704
[TRAIN] 2026-04-25 14:46:16 step=3450/67071 (5.14%) epoch=1/3 epoch_step=3450/22357 (15.43%) loss=0.257372 lr=0.000541793 elapsed=04:33:03 eta=83:55:17 val_mrr=0.334704
[TRAIN] 2026-04-25 14:46:38 step=3460/67071 (5.16%) epoch=1/3 epoch_step=3460/22357 (15.48%) loss=0.235194 lr=0.000544039 elapsed=04:33:25 eta=83:46:40 val_mrr=0.334704
[TRAIN] 2026-04-25 14:46:59 step=3470/67071 (5.17%) epoch=1/3 epoch_step=3470/22357 (15.52%) loss=0.242496 lr=0.000546285 elapsed=04:33:46 eta=83:37:58 val_mrr=0.334704
[TRAIN] 2026-04-25 14:47:21 step=3480/67071 (5.19%) epoch=1/3 epoch_step=3480/22357 (15.57%) loss=0.256775 lr=0.00054853 elapsed=04:34:09 eta=83:29:34 val_mrr=0.334704
[TRAIN] 2026-04-25 14:47:43 step=3490/67071 (5.20%) epoch=1/3 epoch_step=3490/22357 (15.61%) loss=0.257250 lr=0.000550774 elapsed=04:34:30 eta=83:21:00 val_mrr=0.334704
[STAGE] 2026-04-25 14:48:04 val prep subsets global=50000 art_art=1986 art_any=50000
[STAGE] 2026-04-25 14:48:04 val prep negatives global=50000 art_art=1986 art_any=50000
[STAGE] 2026-04-25 14:48:04 val start step=3500 epoch=0 task=relation_ranking subset=global triples=50000 batches=98 eval_batch_size=512
[STAGE] 2026-04-25 14:52:44 val start step=3500 epoch=0 task=triple_scoring subset=global triples=50000 batches=98 eval_batch_size=512
[STAGE] 2026-04-25 14:58:41 val start step=3500 epoch=0 task=relation_ranking subset=art_art triples=1986 batches=4 eval_batch_size=512
[STAGE] 2026-04-25 14:58:59 val start step=3500 epoch=0 task=triple_scoring subset=art_art triples=1986 batches=4 eval_batch_size=512
[STAGE] 2026-04-25 14:59:24 val start step=3500 epoch=0 task=relation_ranking subset=art_any triples=50000 batches=98 eval_batch_size=512
[STAGE] 2026-04-25 15:04:02 val start step=3500 epoch=0 task=triple_scoring subset=art_any triples=50000 batches=98 eval_batch_size=512
[VAL] 2026-04-25 15:12:32 step=3500 epoch=0 mrr=0.397141 aucpr=0.956873 art_art_mrr=0.149475 art_art_aucpr=0.749158 art_any_mrr=0.396099 art_any_aucpr=0.848219
[TRAIN] 2026-04-25 15:12:33 step=3500/67071 (5.22%) epoch=1/3 epoch_step=3500/22357 (15.66%) loss=0.266385 lr=0.000553018 elapsed=04:59:20 eta=90:36:57 val_mrr=0.397141
[TRAIN] 2026-04-25 15:12:55 step=3510/67071 (5.23%) epoch=1/3 epoch_step=3510/22357 (15.70%) loss=0.231293 lr=0.000555261 elapsed=04:59:42 eta=90:27:10 val_mrr=0.397141
[TRAIN] 2026-04-25 15:13:17 step=3520/67071 (5.25%) epoch=1/3 epoch_step=3520/22357 (15.74%) loss=0.239570 lr=0.000557503 elapsed=05:00:04 eta=90:17:35 val_mrr=0.397141
[TRAIN] 2026-04-25 15:13:38 step=3530/67071 (5.26%) epoch=1/3 epoch_step=3530/22357 (15.79%) loss=0.252606 lr=0.000559744 elapsed=05:00:26 eta=90:07:46 val_mrr=0.397141
[TRAIN] 2026-04-25 15:14:00 step=3540/67071 (5.28%) epoch=1/3 epoch_step=3540/22357 (15.83%) loss=0.247314 lr=0.000561985 elapsed=05:00:48 eta=89:58:16 val_mrr=0.397141
[TRAIN] 2026-04-25 15:14:22 step=3550/67071 (5.29%) epoch=1/3 epoch_step=3550/22357 (15.88%) loss=0.233503 lr=0.000564224 elapsed=05:01:10 eta=89:48:47 val_mrr=0.397141
[TRAIN] 2026-04-25 15:14:44 step=3560/67071 (5.31%) epoch=1/3 epoch_step=3560/22357 (15.92%) loss=0.242356 lr=0.000566463 elapsed=05:01:32 eta=89:39:17 val_mrr=0.397141
[TRAIN] 2026-04-25 15:15:05 step=3570/67071 (5.32%) epoch=1/3 epoch_step=3570/22357 (15.97%) loss=0.232376 lr=0.0005687 elapsed=05:01:52 eta=89:29:25 val_mrr=0.397141
[TRAIN] 2026-04-25 15:15:26 step=3580/67071 (5.34%) epoch=1/3 epoch_step=3580/22357 (16.01%) loss=0.243506 lr=0.000570937 elapsed=05:02:13 eta=89:19:54 val_mrr=0.397141
[TRAIN] 2026-04-25 15:15:48 step=3590/67071 (5.35%) epoch=1/3 epoch_step=3590/22357 (16.06%) loss=0.207516 lr=0.000573172 elapsed=05:02:36 eta=89:10:41 val_mrr=0.397141
[TRAIN] 2026-04-25 15:16:11 step=3600/67071 (5.37%) epoch=1/3 epoch_step=3600/22357 (16.10%) loss=0.227126 lr=0.000575407 elapsed=05:02:58 eta=89:01:34 val_mrr=0.397141
[TRAIN] 2026-04-25 15:16:32 step=3610/67071 (5.38%) epoch=1/3 epoch_step=3610/22357 (16.15%) loss=0.250787 lr=0.00057764 elapsed=05:03:19 eta=88:52:04 val_mrr=0.397141
[TRAIN] 2026-04-25 15:16:52 step=3620/67071 (5.40%) epoch=1/3 epoch_step=3620/22357 (16.19%) loss=0.226255 lr=0.000579871 elapsed=05:03:39 eta=88:42:22 val_mrr=0.397141
[TRAIN] 2026-04-25 15:17:13 step=3630/67071 (5.41%) epoch=1/3 epoch_step=3630/22357 (16.24%) loss=0.244383 lr=0.000582102 elapsed=05:04:01 eta=88:33:08 val_mrr=0.397141
[TRAIN] 2026-04-25 15:17:35 step=3640/67071 (5.43%) epoch=1/3 epoch_step=3640/22357 (16.28%) loss=0.224538 lr=0.000584331 elapsed=05:04:22 eta=88:23:56 val_mrr=0.397141
[TRAIN] 2026-04-25 15:17:57 step=3650/67071 (5.44%) epoch=1/3 epoch_step=3650/22357 (16.33%) loss=0.225173 lr=0.000586558 elapsed=05:04:45 eta=88:15:05 val_mrr=0.397141
[TRAIN] 2026-04-25 15:18:19 step=3660/67071 (5.46%) epoch=1/3 epoch_step=3660/22357 (16.37%) loss=0.247240 lr=0.000588785 elapsed=05:05:07 eta=88:06:11 val_mrr=0.397141
[TRAIN] 2026-04-25 15:18:42 step=3670/67071 (5.47%) epoch=1/3 epoch_step=3670/22357 (16.42%) loss=0.238382 lr=0.000591009 elapsed=05:05:29 eta=87:57:25 val_mrr=0.397141
[TRAIN] 2026-04-25 15:19:03 step=3680/67071 (5.49%) epoch=1/3 epoch_step=3680/22357 (16.46%) loss=0.219843 lr=0.000593232 elapsed=05:05:50 eta=87:48:20 val_mrr=0.397141
[TRAIN] 2026-04-25 15:19:25 step=3690/67071 (5.50%) epoch=1/3 epoch_step=3690/22357 (16.50%) loss=0.238081 lr=0.000595454 elapsed=05:06:12 eta=87:39:29 val_mrr=0.397141
[TRAIN] 2026-04-25 15:19:46 step=3700/67071 (5.52%) epoch=1/3 epoch_step=3700/22357 (16.55%) loss=0.237652 lr=0.000597674 elapsed=05:06:34 eta=87:30:34 val_mrr=0.397141
[TRAIN] 2026-04-25 15:20:08 step=3710/67071 (5.53%) epoch=1/3 epoch_step=3710/22357 (16.59%) loss=0.241306 lr=0.000599892 elapsed=05:06:55 eta=87:21:42 val_mrr=0.397141
[TRAIN] 2026-04-25 15:20:29 step=3720/67071 (5.55%) epoch=1/3 epoch_step=3720/22357 (16.64%) loss=0.270332 lr=0.000602108 elapsed=05:07:17 eta=87:12:57 val_mrr=0.397141
[TRAIN] 2026-04-25 15:20:51 step=3730/67071 (5.56%) epoch=1/3 epoch_step=3730/22357 (16.68%) loss=0.225640 lr=0.000604323 elapsed=05:07:38 eta=87:04:04 val_mrr=0.397141
[TRAIN] 2026-04-25 15:21:13 step=3740/67071 (5.58%) epoch=1/3 epoch_step=3740/22357 (16.73%) loss=0.256067 lr=0.000606536 elapsed=05:08:00 eta=86:55:28 val_mrr=0.397141
[TRAIN] 2026-04-25 15:21:34 step=3750/67071 (5.59%) epoch=1/3 epoch_step=3750/22357 (16.77%) loss=0.232980 lr=0.000608746 elapsed=05:08:22 eta=86:46:53 val_mrr=0.397141
[TRAIN] 2026-04-25 15:21:55 step=3760/67071 (5.61%) epoch=1/3 epoch_step=3760/22357 (16.82%) loss=0.228519 lr=0.000610955 elapsed=05:08:42 eta=86:38:01 val_mrr=0.397141
[TRAIN] 2026-04-25 15:22:17 step=3770/67071 (5.62%) epoch=1/3 epoch_step=3770/22357 (16.86%) loss=0.210504 lr=0.000613162 elapsed=05:09:04 eta=86:29:32 val_mrr=0.397141
[TRAIN] 2026-04-25 15:22:39 step=3780/67071 (5.64%) epoch=1/3 epoch_step=3780/22357 (16.91%) loss=0.263259 lr=0.000615367 elapsed=05:09:26 eta=86:21:05 val_mrr=0.397141
[TRAIN] 2026-04-25 15:23:01 step=3790/67071 (5.65%) epoch=1/3 epoch_step=3790/22357 (16.95%) loss=0.222407 lr=0.00061757 elapsed=05:09:48 eta=86:12:45 val_mrr=0.397141
[TRAIN] 2026-04-25 15:23:23 step=3800/67071 (5.67%) epoch=1/3 epoch_step=3800/22357 (17.00%) loss=0.239135 lr=0.00061977 elapsed=05:10:11 eta=86:04:30 val_mrr=0.397141
[TRAIN] 2026-04-25 15:23:45 step=3810/67071 (5.68%) epoch=1/3 epoch_step=3810/22357 (17.04%) loss=0.219328 lr=0.000621969 elapsed=05:10:33 eta=85:56:18 val_mrr=0.397141
[TRAIN] 2026-04-25 15:24:08 step=3820/67071 (5.70%) epoch=1/3 epoch_step=3820/22357 (17.09%) loss=0.267338 lr=0.000624165 elapsed=05:10:55 eta=85:48:09 val_mrr=0.397141
[TRAIN] 2026-04-25 15:24:29 step=3830/67071 (5.71%) epoch=1/3 epoch_step=3830/22357 (17.13%) loss=0.216940 lr=0.000626359 elapsed=05:11:17 eta=85:39:48 val_mrr=0.397141
[TRAIN] 2026-04-25 15:24:50 step=3840/67071 (5.73%) epoch=1/3 epoch_step=3840/22357 (17.18%) loss=0.220535 lr=0.000628551 elapsed=05:11:38 eta=85:31:25 val_mrr=0.397141
[TRAIN] 2026-04-25 15:25:12 step=3850/67071 (5.74%) epoch=1/3 epoch_step=3850/22357 (17.22%) loss=0.241415 lr=0.00063074 elapsed=05:12:00 eta=85:23:15 val_mrr=0.397141
[TRAIN] 2026-04-25 15:25:35 step=3860/67071 (5.76%) epoch=1/3 epoch_step=3860/22357 (17.27%) loss=0.237049 lr=0.000632927 elapsed=05:12:22 eta=85:15:21 val_mrr=0.397141
[TRAIN] 2026-04-25 15:25:57 step=3870/67071 (5.77%) epoch=1/3 epoch_step=3870/22357 (17.31%) loss=0.273027 lr=0.000635111 elapsed=05:12:44 eta=85:07:16 val_mrr=0.397141
[TRAIN] 2026-04-25 15:26:18 step=3880/67071 (5.78%) epoch=1/3 epoch_step=3880/22357 (17.35%) loss=0.228379 lr=0.000637293 elapsed=05:13:05 eta=84:59:04 val_mrr=0.397141
[TRAIN] 2026-04-25 15:26:39 step=3890/67071 (5.80%) epoch=1/3 epoch_step=3890/22357 (17.40%) loss=0.219291 lr=0.000639472 elapsed=05:13:26 eta=84:50:47 val_mrr=0.397141
[TRAIN] 2026-04-25 15:27:02 step=3900/67071 (5.81%) epoch=1/3 epoch_step=3900/22357 (17.44%) loss=0.236731 lr=0.000641648 elapsed=05:13:49 eta=84:43:05 val_mrr=0.397141
[TRAIN] 2026-04-25 15:27:22 step=3910/67071 (5.83%) epoch=1/3 epoch_step=3910/22357 (17.49%) loss=0.244273 lr=0.000643822 elapsed=05:14:10 eta=84:34:54 val_mrr=0.397141
[TRAIN] 2026-04-25 15:27:44 step=3920/67071 (5.84%) epoch=1/3 epoch_step=3920/22357 (17.53%) loss=0.227924 lr=0.000645993 elapsed=05:14:32 eta=84:27:02 val_mrr=0.397141
[TRAIN] 2026-04-25 15:28:06 step=3930/67071 (5.86%) epoch=1/3 epoch_step=3930/22357 (17.58%) loss=0.239568 lr=0.000648162 elapsed=05:14:53 eta=84:19:05 val_mrr=0.397141
[TRAIN] 2026-04-25 15:28:27 step=3940/67071 (5.87%) epoch=1/3 epoch_step=3940/22357 (17.62%) loss=0.241058 lr=0.000650327 elapsed=05:15:15 eta=84:11:13 val_mrr=0.397141
[TRAIN] 2026-04-25 15:28:48 step=3950/67071 (5.89%) epoch=1/3 epoch_step=3950/22357 (17.67%) loss=0.242263 lr=0.00065249 elapsed=05:15:36 eta=84:03:14 val_mrr=0.397141
[TRAIN] 2026-04-25 15:29:09 step=3960/67071 (5.90%) epoch=1/3 epoch_step=3960/22357 (17.71%) loss=0.239110 lr=0.00065465 elapsed=05:15:57 eta=83:55:12 val_mrr=0.397141
[TRAIN] 2026-04-25 15:29:30 step=3970/67071 (5.92%) epoch=1/3 epoch_step=3970/22357 (17.76%) loss=0.257798 lr=0.000656807 elapsed=05:16:18 eta=83:47:21 val_mrr=0.397141
[TRAIN] 2026-04-25 15:29:52 step=3980/67071 (5.93%) epoch=1/3 epoch_step=3980/22357 (17.80%) loss=0.261969 lr=0.000658961 elapsed=05:16:39 eta=83:39:33 val_mrr=0.397141
[TRAIN] 2026-04-25 15:30:13 step=3990/67071 (5.95%) epoch=1/3 epoch_step=3990/22357 (17.85%) loss=0.249774 lr=0.000661112 elapsed=05:17:00 eta=83:31:49 val_mrr=0.397141
[STAGE] 2026-04-25 15:30:35 val prep subsets global=50000 art_art=1986 art_any=50000
[STAGE] 2026-04-25 15:30:36 val prep negatives global=50000 art_art=1986 art_any=50000
[STAGE] 2026-04-25 15:30:36 val start step=4000 epoch=0 task=relation_ranking subset=global triples=50000 batches=98 eval_batch_size=512
[STAGE] 2026-04-25 15:35:14 val start step=4000 epoch=0 task=triple_scoring subset=global triples=50000 batches=98 eval_batch_size=512
[STAGE] 2026-04-25 15:41:08 val start step=4000 epoch=0 task=relation_ranking subset=art_art triples=1986 batches=4 eval_batch_size=512
[STAGE] 2026-04-25 15:41:25 val start step=4000 epoch=0 task=triple_scoring subset=art_art triples=1986 batches=4 eval_batch_size=512
[STAGE] 2026-04-25 15:41:49 val start step=4000 epoch=0 task=relation_ranking subset=art_any triples=50000 batches=98 eval_batch_size=512
[STAGE] 2026-04-25 15:46:25 val start step=4000 epoch=0 task=triple_scoring subset=art_any triples=50000 batches=98 eval_batch_size=512
[VAL] 2026-04-25 15:54:42 step=4000 epoch=0 mrr=0.398281 aucpr=0.956688 art_art_mrr=0.292765 art_art_aucpr=0.780996 art_any_mrr=0.397595 art_any_aucpr=0.849256
[TRAIN] 2026-04-25 15:54:43 step=4000/67071 (5.96%) epoch=1/3 epoch_step=4000/22357 (17.89%) loss=0.219096 lr=0.000663259 elapsed=05:41:31 eta=89:44:52 val_mrr=0.398281
[TRAIN] 2026-04-25 15:55:05 step=4010/67071 (5.98%) epoch=1/3 epoch_step=4010/22357 (17.94%) loss=0.223564 lr=0.000665404 elapsed=05:41:53 eta=89:36:20 val_mrr=0.398281
[TRAIN] 2026-04-25 15:55:27 step=4020/67071 (5.99%) epoch=1/3 epoch_step=4020/22357 (17.98%) loss=0.233073 lr=0.000667545 elapsed=05:42:14 eta=89:27:47 val_mrr=0.398281
[TRAIN] 2026-04-25 15:55:49 step=4030/67071 (6.01%) epoch=1/3 epoch_step=4030/22357 (18.03%) loss=0.221272 lr=0.000669683 elapsed=05:42:36 eta=89:19:17 val_mrr=0.398281
[TRAIN] 2026-04-25 15:56:10 step=4040/67071 (6.02%) epoch=1/3 epoch_step=4040/22357 (18.07%) loss=0.236853 lr=0.000671818 elapsed=05:42:58 eta=89:10:46 val_mrr=0.398281
[TRAIN] 2026-04-25 15:56:32 step=4050/67071 (6.04%) epoch=1/3 epoch_step=4050/22357 (18.12%) loss=0.177435 lr=0.00067395 elapsed=05:43:19 eta=89:02:21 val_mrr=0.398281
[TRAIN] 2026-04-25 15:56:54 step=4060/67071 (6.05%) epoch=1/3 epoch_step=4060/22357 (18.16%) loss=0.215719 lr=0.000676078 elapsed=05:43:41 eta=88:53:55 val_mrr=0.398281
[TRAIN] 2026-04-25 15:57:15 step=4070/67071 (6.07%) epoch=1/3 epoch_step=4070/22357 (18.20%) loss=0.220465 lr=0.000678203 elapsed=05:44:03 eta=88:45:36 val_mrr=0.398281
[TRAIN] 2026-04-25 15:57:38 step=4080/67071 (6.08%) epoch=1/3 epoch_step=4080/22357 (18.25%) loss=0.215762 lr=0.000680324 elapsed=05:44:25 eta=88:37:25 val_mrr=0.398281
[TRAIN] 2026-04-25 15:57:59 step=4090/67071 (6.10%) epoch=1/3 epoch_step=4090/22357 (18.29%) loss=0.223127 lr=0.000682442 elapsed=05:44:46 eta=88:29:05 val_mrr=0.398281
[TRAIN] 2026-04-25 15:58:21 step=4100/67071 (6.11%) epoch=1/3 epoch_step=4100/22357 (18.34%) loss=0.203775 lr=0.000684556 elapsed=05:45:08 eta=88:20:52 val_mrr=0.398281
[TRAIN] 2026-04-25 15:58:42 step=4110/67071 (6.13%) epoch=1/3 epoch_step=4110/22357 (18.38%) loss=0.216252 lr=0.000686666 elapsed=05:45:30 eta=88:12:37 val_mrr=0.398281
[TRAIN] 2026-04-25 15:59:04 step=4120/67071 (6.14%) epoch=1/3 epoch_step=4120/22357 (18.43%) loss=0.253757 lr=0.000688773 elapsed=05:45:52 eta=88:04:33 val_mrr=0.398281
[TRAIN] 2026-04-25 15:59:26 step=4130/67071 (6.16%) epoch=1/3 epoch_step=4130/22357 (18.47%) loss=0.177064 lr=0.000690876 elapsed=05:46:14 eta=87:56:28 val_mrr=0.398281
[TRAIN] 2026-04-25 15:59:47 step=4140/67071 (6.17%) epoch=1/3 epoch_step=4140/22357 (18.52%) loss=0.214119 lr=0.000692976 elapsed=05:46:35 eta=87:48:17 val_mrr=0.398281
[TRAIN] 2026-04-25 16:00:09 step=4150/67071 (6.19%) epoch=1/3 epoch_step=4150/22357 (18.56%) loss=0.223155 lr=0.000695072 elapsed=05:46:57 eta=87:40:16 val_mrr=0.398281
[TRAIN] 2026-04-25 16:00:32 step=4160/67071 (6.20%) epoch=1/3 epoch_step=4160/22357 (18.61%) loss=0.212414 lr=0.000697163 elapsed=05:47:19 eta=87:32:31 val_mrr=0.398281
[TRAIN] 2026-04-25 16:00:54 step=4170/67071 (6.22%) epoch=1/3 epoch_step=4170/22357 (18.65%) loss=0.235335 lr=0.000699251 elapsed=05:47:41 eta=87:24:29 val_mrr=0.398281
[TRAIN] 2026-04-25 16:01:16 step=4180/67071 (6.23%) epoch=1/3 epoch_step=4180/22357 (18.70%) loss=0.254904 lr=0.000701335 elapsed=05:48:04 eta=87:16:49 val_mrr=0.398281
[TRAIN] 2026-04-25 16:01:39 step=4190/67071 (6.25%) epoch=1/3 epoch_step=4190/22357 (18.74%) loss=0.213128 lr=0.000703415 elapsed=05:48:26 eta=87:09:11 val_mrr=0.398281
[TRAIN] 2026-04-25 16:02:02 step=4200/67071 (6.26%) epoch=1/3 epoch_step=4200/22357 (18.79%) loss=0.205512 lr=0.000705491 elapsed=05:48:50 eta=87:01:43 val_mrr=0.398281
[TRAIN] 2026-04-25 16:02:25 step=4210/67071 (6.28%) epoch=1/3 epoch_step=4210/22357 (18.83%) loss=0.240636 lr=0.000707563 elapsed=05:49:12 eta=86:54:06 val_mrr=0.398281
[TRAIN] 2026-04-25 16:02:47 step=4220/67071 (6.29%) epoch=1/3 epoch_step=4220/22357 (18.88%) loss=0.256912 lr=0.000709631 elapsed=05:49:34 eta=86:46:19 val_mrr=0.398281
[TRAIN] 2026-04-25 16:03:09 step=4230/67071 (6.31%) epoch=1/3 epoch_step=4230/22357 (18.92%) loss=0.234703 lr=0.000711695 elapsed=05:49:56 eta=86:38:39 val_mrr=0.398281
[TRAIN] 2026-04-25 16:03:32 step=4240/67071 (6.32%) epoch=1/3 epoch_step=4240/22357 (18.96%) loss=0.209005 lr=0.000713754 elapsed=05:50:19 eta=86:31:13 val_mrr=0.398281
[TRAIN] 2026-04-25 16:03:54 step=4250/67071 (6.34%) epoch=1/3 epoch_step=4250/22357 (19.01%) loss=0.238081 lr=0.000715809 elapsed=05:50:41 eta=86:23:38 val_mrr=0.398281
[TRAIN] 2026-04-25 16:04:16 step=4260/67071 (6.35%) epoch=1/3 epoch_step=4260/22357 (19.05%) loss=0.226640 lr=0.00071786 elapsed=05:51:04 eta=86:16:09 val_mrr=0.398281
[TRAIN] 2026-04-25 16:04:38 step=4270/67071 (6.37%) epoch=1/3 epoch_step=4270/22357 (19.10%) loss=0.215025 lr=0.000719907 elapsed=05:51:25 eta=86:08:32 val_mrr=0.398281
[TRAIN] 2026-04-25 16:05:00 step=4280/67071 (6.38%) epoch=1/3 epoch_step=4280/22357 (19.14%) loss=0.234230 lr=0.000721949 elapsed=05:51:48 eta=86:01:07 val_mrr=0.398281
[TRAIN] 2026-04-25 16:05:23 step=4290/67071 (6.40%) epoch=1/3 epoch_step=4290/22357 (19.19%) loss=0.211580 lr=0.000723987 elapsed=05:52:11 eta=85:53:50 val_mrr=0.398281
[TRAIN] 2026-04-25 16:05:46 step=4300/67071 (6.41%) epoch=1/3 epoch_step=4300/22357 (19.23%) loss=0.227872 lr=0.00072602 elapsed=05:52:33 eta=85:46:33 val_mrr=0.398281
[TRAIN] 2026-04-25 16:06:08 step=4310/67071 (6.43%) epoch=1/3 epoch_step=4310/22357 (19.28%) loss=0.209278 lr=0.000728049 elapsed=05:52:55 eta=85:39:05 val_mrr=0.398281
[TRAIN] 2026-04-25 16:06:30 step=4320/67071 (6.44%) epoch=1/3 epoch_step=4320/22357 (19.32%) loss=0.195944 lr=0.000730073 elapsed=05:53:17 eta=85:31:44 val_mrr=0.398281
[TRAIN] 2026-04-25 16:06:52 step=4330/67071 (6.46%) epoch=1/3 epoch_step=4330/22357 (19.37%) loss=0.222812 lr=0.000732092 elapsed=05:53:39 eta=85:24:20 val_mrr=0.398281
[TRAIN] 2026-04-25 16:07:12 step=4340/67071 (6.47%) epoch=1/3 epoch_step=4340/22357 (19.41%) loss=0.217758 lr=0.000734107 elapsed=05:54:00 eta=85:16:42 val_mrr=0.398281
[TRAIN] 2026-04-25 16:07:33 step=4350/67071 (6.49%) epoch=1/3 epoch_step=4350/22357 (19.46%) loss=0.229331 lr=0.000736117 elapsed=05:54:21 eta=85:09:08 val_mrr=0.398281
[TRAIN] 2026-04-25 16:07:55 step=4360/67071 (6.50%) epoch=1/3 epoch_step=4360/22357 (19.50%) loss=0.233587 lr=0.000738123 elapsed=05:54:42 eta=85:01:47 val_mrr=0.398281
[TRAIN] 2026-04-25 16:08:16 step=4370/67071 (6.52%) epoch=1/3 epoch_step=4370/22357 (19.55%) loss=0.226979 lr=0.000740123 elapsed=05:55:04 eta=84:54:27 val_mrr=0.398281
[TRAIN] 2026-04-25 16:08:38 step=4380/67071 (6.53%) epoch=1/3 epoch_step=4380/22357 (19.59%) loss=0.232054 lr=0.000742119 elapsed=05:55:26 eta=84:47:16 val_mrr=0.398281
[TRAIN] 2026-04-25 16:09:02 step=4390/67071 (6.55%) epoch=1/3 epoch_step=4390/22357 (19.64%) loss=0.234618 lr=0.00074411 elapsed=05:55:49 eta=84:40:25 val_mrr=0.398281
[TRAIN] 2026-04-25 16:09:24 step=4400/67071 (6.56%) epoch=1/3 epoch_step=4400/22357 (19.68%) loss=0.237628 lr=0.000746096 elapsed=05:56:12 eta=84:33:27 val_mrr=0.398281
[TRAIN] 2026-04-25 16:09:45 step=4410/67071 (6.58%) epoch=1/3 epoch_step=4410/22357 (19.73%) loss=0.237116 lr=0.000748077 elapsed=05:56:32 eta=84:25:58 val_mrr=0.398281
[TRAIN] 2026-04-25 16:10:06 step=4420/67071 (6.59%) epoch=1/3 epoch_step=4420/22357 (19.77%) loss=0.257370 lr=0.000750053 elapsed=05:56:53 eta=84:18:38 val_mrr=0.398281
[TRAIN] 2026-04-25 16:10:29 step=4430/67071 (6.60%) epoch=1/3 epoch_step=4430/22357 (19.81%) loss=0.243983 lr=0.000752024 elapsed=05:57:16 eta=84:11:47 val_mrr=0.398281
[TRAIN] 2026-04-25 16:10:50 step=4440/67071 (6.62%) epoch=1/3 epoch_step=4440/22357 (19.86%) loss=0.269813 lr=0.00075399 elapsed=05:57:37 eta=84:04:37 val_mrr=0.398281
[TRAIN] 2026-04-25 16:11:11 step=4450/67071 (6.63%) epoch=1/3 epoch_step=4450/22357 (19.90%) loss=0.271660 lr=0.000755951 elapsed=05:57:59 eta=83:57:32 val_mrr=0.398281
[TRAIN] 2026-04-25 16:11:33 step=4460/67071 (6.65%) epoch=1/3 epoch_step=4460/22357 (19.95%) loss=0.246629 lr=0.000757907 elapsed=05:58:20 eta=83:50:27 val_mrr=0.398281
[TRAIN] 2026-04-25 16:11:54 step=4470/67071 (6.66%) epoch=1/3 epoch_step=4470/22357 (19.99%) loss=0.225321 lr=0.000759857 elapsed=05:58:42 eta=83:43:26 val_mrr=0.398281
[TRAIN] 2026-04-25 16:12:19 step=4480/67071 (6.68%) epoch=1/3 epoch_step=4480/22357 (20.04%) loss=0.216453 lr=0.000761802 elapsed=05:59:06 eta=83:37:06 val_mrr=0.398281
[TRAIN] 2026-04-25 16:12:42 step=4490/67071 (6.69%) epoch=1/3 epoch_step=4490/22357 (20.08%) loss=0.212709 lr=0.000763742 elapsed=05:59:29 eta=83:30:26 val_mrr=0.398281
[STAGE] 2026-04-25 16:13:04 val prep subsets global=50000 art_art=1986 art_any=50000
[STAGE] 2026-04-25 16:13:05 val prep negatives global=50000 art_art=1986 art_any=50000
[STAGE] 2026-04-25 16:13:05 val start step=4500 epoch=0 task=relation_ranking subset=global triples=50000 batches=98 eval_batch_size=512
[STAGE] 2026-04-25 16:17:45 val start step=4500 epoch=0 task=triple_scoring subset=global triples=50000 batches=98 eval_batch_size=512
[STAGE] 2026-04-25 16:23:37 val start step=4500 epoch=0 task=relation_ranking subset=art_art triples=1986 batches=4 eval_batch_size=512
[STAGE] 2026-04-25 16:23:54 val start step=4500 epoch=0 task=triple_scoring subset=art_art triples=1986 batches=4 eval_batch_size=512
[STAGE] 2026-04-25 16:24:19 val start step=4500 epoch=0 task=relation_ranking subset=art_any triples=50000 batches=98 eval_batch_size=512
[STAGE] 2026-04-25 16:28:57 val start step=4500 epoch=0 task=triple_scoring subset=art_any triples=50000 batches=98 eval_batch_size=512
[VAL] 2026-04-25 16:37:27 step=4500 epoch=0 mrr=0.399553 aucpr=0.956708 art_art_mrr=0.235366 art_art_aucpr=0.735212 art_any_mrr=0.399143 art_any_aucpr=0.849211
[TRAIN] 2026-04-25 16:37:28 step=4500/67071 (6.71%) epoch=1/3 epoch_step=4500/22357 (20.13%) loss=0.213917 lr=0.000765677 elapsed=06:24:16 eta=89:02:59 val_mrr=0.399553
[TRAIN] 2026-04-25 16:37:49 step=4510/67071 (6.72%) epoch=1/3 epoch_step=4510/22357 (20.17%) loss=0.232978 lr=0.000767606 elapsed=06:24:37 eta=88:55:12 val_mrr=0.399553
[TRAIN] 2026-04-25 16:38:10 step=4520/67071 (6.74%) epoch=1/3 epoch_step=4520/22357 (20.22%) loss=0.208643 lr=0.000769529 elapsed=06:24:58 eta=88:47:24 val_mrr=0.399553
[TRAIN] 2026-04-25 16:38:33 step=4530/67071 (6.75%) epoch=1/3 epoch_step=4530/22357 (20.26%) loss=0.247138 lr=0.000771448 elapsed=06:25:21 eta=88:40:01 val_mrr=0.399553
[TRAIN] 2026-04-25 16:38:56 step=4540/67071 (6.77%) epoch=1/3 epoch_step=4540/22357 (20.31%) loss=0.256335 lr=0.00077336 elapsed=06:25:44 eta=88:32:44 val_mrr=0.399553
[TRAIN] 2026-04-25 16:39:19 step=4550/67071 (6.78%) epoch=1/3 epoch_step=4550/22357 (20.35%) loss=0.207670 lr=0.000775267 elapsed=06:26:06 eta=88:25:22 val_mrr=0.399553
[TRAIN] 2026-04-25 16:39:42 step=4560/67071 (6.80%) epoch=1/3 epoch_step=4560/22357 (20.40%) loss=0.223365 lr=0.000777169 elapsed=06:26:29 eta=88:18:08 val_mrr=0.399553
[TRAIN] 2026-04-25 16:40:04 step=4570/67071 (6.81%) epoch=1/3 epoch_step=4570/22357 (20.44%) loss=0.218905 lr=0.000779065 elapsed=06:26:51 eta=88:10:42 val_mrr=0.399553
[TRAIN] 2026-04-25 16:40:25 step=4580/67071 (6.83%) epoch=1/3 epoch_step=4580/22357 (20.49%) loss=0.224065 lr=0.000780955 elapsed=06:27:12 eta=88:03:05 val_mrr=0.399553
[TRAIN] 2026-04-25 16:40:46 step=4590/67071 (6.84%) epoch=1/3 epoch_step=4590/22357 (20.53%) loss=0.211906 lr=0.000782839 elapsed=06:27:34 eta=87:55:36 val_mrr=0.399553
[TRAIN] 2026-04-25 16:41:09 step=4600/67071 (6.86%) epoch=1/3 epoch_step=4600/22357 (20.58%) loss=0.212444 lr=0.000784718 elapsed=06:27:56 eta=87:48:25 val_mrr=0.399553
[TRAIN] 2026-04-25 16:41:31 step=4610/67071 (6.87%) epoch=1/3 epoch_step=4610/22357 (20.62%) loss=0.203002 lr=0.000786591 elapsed=06:28:19 eta=87:41:14 val_mrr=0.399553
[TRAIN] 2026-04-25 16:41:53 step=4620/67071 (6.89%) epoch=1/3 epoch_step=4620/22357 (20.66%) loss=0.218435 lr=0.000788458 elapsed=06:28:40 eta=87:33:52 val_mrr=0.399553
[TRAIN] 2026-04-25 16:42:15 step=4630/67071 (6.90%) epoch=1/3 epoch_step=4630/22357 (20.71%) loss=0.227060 lr=0.000790319 elapsed=06:29:03 eta=87:26:43 val_mrr=0.399553
[TRAIN] 2026-04-25 16:42:37 step=4640/67071 (6.92%) epoch=1/3 epoch_step=4640/22357 (20.75%) loss=0.222931 lr=0.000792174 elapsed=06:29:25 eta=87:19:30 val_mrr=0.399553
[TRAIN] 2026-04-25 16:42:59 step=4650/67071 (6.93%) epoch=1/3 epoch_step=4650/22357 (20.80%) loss=0.206551 lr=0.000794023 elapsed=06:29:46 eta=87:12:13 val_mrr=0.399553
[TRAIN] 2026-04-25 16:43:20 step=4660/67071 (6.95%) epoch=1/3 epoch_step=4660/22357 (20.84%) loss=0.214335 lr=0.000795866 elapsed=06:30:07 eta=87:04:50 val_mrr=0.399553
[TRAIN] 2026-04-25 16:43:42 step=4670/67071 (6.96%) epoch=1/3 epoch_step=4670/22357 (20.89%) loss=0.222897 lr=0.000797704 elapsed=06:30:29 eta=86:57:39 val_mrr=0.399553
[TRAIN] 2026-04-25 16:44:03 step=4680/67071 (6.98%) epoch=1/3 epoch_step=4680/22357 (20.93%) loss=0.213708 lr=0.000799535 elapsed=06:30:51 eta=86:50:30 val_mrr=0.399553
[TRAIN] 2026-04-25 16:44:25 step=4690/67071 (6.99%) epoch=1/3 epoch_step=4690/22357 (20.98%) loss=0.240508 lr=0.00080136 elapsed=06:31:13 eta=86:43:28 val_mrr=0.399553
[TRAIN] 2026-04-25 16:44:48 step=4700/67071 (7.01%) epoch=1/3 epoch_step=4700/22357 (21.02%) loss=0.208343 lr=0.000803178 elapsed=06:31:36 eta=86:36:36 val_mrr=0.399553
[TRAIN] 2026-04-25 16:45:10 step=4710/67071 (7.02%) epoch=1/3 epoch_step=4710/22357 (21.07%) loss=0.266079 lr=0.000804991 elapsed=06:31:57 eta=86:29:30 val_mrr=0.399553
[TRAIN] 2026-04-25 16:45:31 step=4720/67071 (7.04%) epoch=1/3 epoch_step=4720/22357 (21.11%) loss=0.239593 lr=0.000806797 elapsed=06:32:19 eta=86:22:25 val_mrr=0.399553
[TRAIN] 2026-04-25 16:45:54 step=4730/67071 (7.05%) epoch=1/3 epoch_step=4730/22357 (21.16%) loss=0.223292 lr=0.000808597 elapsed=06:32:41 eta=86:15:33 val_mrr=0.399553
[TRAIN] 2026-04-25 16:46:15 step=4740/67071 (7.07%) epoch=1/3 epoch_step=4740/22357 (21.20%) loss=0.218393 lr=0.000810391 elapsed=06:33:03 eta=86:08:34 val_mrr=0.399553
[TRAIN] 2026-04-25 16:46:37 step=4750/67071 (7.08%) epoch=1/3 epoch_step=4750/22357 (21.25%) loss=0.232405 lr=0.000812178 elapsed=06:33:24 eta=86:01:33 val_mrr=0.399553
[TRAIN] 2026-04-25 16:46:58 step=4760/67071 (7.10%) epoch=1/3 epoch_step=4760/22357 (21.29%) loss=0.208933 lr=0.000813959 elapsed=06:33:46 eta=85:54:32 val_mrr=0.399553
[TRAIN] 2026-04-25 16:47:21 step=4770/67071 (7.11%) epoch=1/3 epoch_step=4770/22357 (21.34%) loss=0.230520 lr=0.000815733 elapsed=06:34:08 eta=85:47:48 val_mrr=0.399553
[TRAIN] 2026-04-25 16:47:42 step=4780/67071 (7.13%) epoch=1/3 epoch_step=4780/22357 (21.38%) loss=0.231082 lr=0.000817501 elapsed=06:34:29 eta=85:40:43 val_mrr=0.399553
[TRAIN] 2026-04-25 16:48:03 step=4790/67071 (7.14%) epoch=1/3 epoch_step=4790/22357 (21.43%) loss=0.199834 lr=0.000819263 elapsed=06:34:50 eta=85:33:43 val_mrr=0.399553
[TRAIN] 2026-04-25 16:48:25 step=4800/67071 (7.16%) epoch=1/3 epoch_step=4800/22357 (21.47%) loss=0.208406 lr=0.000821017 elapsed=06:35:13 eta=85:27:09 val_mrr=0.399553
[TRAIN] 2026-04-25 16:48:48 step=4810/67071 (7.17%) epoch=1/3 epoch_step=4810/22357 (21.51%) loss=0.186009 lr=0.000822766 elapsed=06:35:36 eta=85:20:35 val_mrr=0.399553
[TRAIN] 2026-04-25 16:49:10 step=4820/67071 (7.19%) epoch=1/3 epoch_step=4820/22357 (21.56%) loss=0.223332 lr=0.000824507 elapsed=06:35:57 eta=85:13:50 val_mrr=0.399553
[TRAIN] 2026-04-25 16:49:32 step=4830/67071 (7.20%) epoch=1/3 epoch_step=4830/22357 (21.60%) loss=0.221256 lr=0.000826242 elapsed=06:36:19 eta=85:07:08 val_mrr=0.399553
[TRAIN] 2026-04-25 16:49:53 step=4840/67071 (7.22%) epoch=1/3 epoch_step=4840/22357 (21.65%) loss=0.223994 lr=0.00082797 elapsed=06:36:40 eta=85:00:17 val_mrr=0.399553
[TRAIN] 2026-04-25 16:50:16 step=4850/67071 (7.23%) epoch=1/3 epoch_step=4850/22357 (21.69%) loss=0.239498 lr=0.000829692 elapsed=06:37:03 eta=84:53:48 val_mrr=0.399553
[TRAIN] 2026-04-25 16:50:38 step=4860/67071 (7.25%) epoch=1/3 epoch_step=4860/22357 (21.74%) loss=0.244009 lr=0.000831406 elapsed=06:37:26 eta=84:47:20 val_mrr=0.399553
[TRAIN] 2026-04-25 16:51:01 step=4870/67071 (7.26%) epoch=1/3 epoch_step=4870/22357 (21.78%) loss=0.206996 lr=0.000833114 elapsed=06:37:48 eta=84:40:53 val_mrr=0.399553
[TRAIN] 2026-04-25 16:51:23 step=4880/67071 (7.28%) epoch=1/3 epoch_step=4880/22357 (21.83%) loss=0.212152 lr=0.000834815 elapsed=06:38:10 eta=84:34:16 val_mrr=0.399553
[TRAIN] 2026-04-25 16:51:44 step=4890/67071 (7.29%) epoch=1/3 epoch_step=4890/22357 (21.87%) loss=0.215856 lr=0.000836509 elapsed=06:38:32 eta=84:27:38 val_mrr=0.399553
[TRAIN] 2026-04-25 16:52:06 step=4900/67071 (7.31%) epoch=1/3 epoch_step=4900/22357 (21.92%) loss=0.213905 lr=0.000838196 elapsed=06:38:53 eta=84:21:07 val_mrr=0.399553
[TRAIN] 2026-04-25 16:52:28 step=4910/67071 (7.32%) epoch=1/3 epoch_step=4910/22357 (21.96%) loss=0.227242 lr=0.000839876 elapsed=06:39:15 eta=84:14:36 val_mrr=0.399553
[TRAIN] 2026-04-25 16:52:50 step=4920/67071 (7.34%) epoch=1/3 epoch_step=4920/22357 (22.01%) loss=0.243621 lr=0.000841549 elapsed=06:39:37 eta=84:08:06 val_mrr=0.399553
[TRAIN] 2026-04-25 16:53:12 step=4930/67071 (7.35%) epoch=1/3 epoch_step=4930/22357 (22.05%) loss=0.215248 lr=0.000843215 elapsed=06:39:59 eta=84:01:46 val_mrr=0.399553
[TRAIN] 2026-04-25 16:53:35 step=4940/67071 (7.37%) epoch=1/3 epoch_step=4940/22357 (22.10%) loss=0.213856 lr=0.000844874 elapsed=06:40:23 eta=83:55:35 val_mrr=0.399553
[TRAIN] 2026-04-25 16:53:57 step=4950/67071 (7.38%) epoch=1/3 epoch_step=4950/22357 (22.14%) loss=0.223996 lr=0.000846526 elapsed=06:40:44 eta=83:49:08 val_mrr=0.399553
[TRAIN] 2026-04-25 16:54:19 step=4960/67071 (7.40%) epoch=1/3 epoch_step=4960/22357 (22.19%) loss=0.240036 lr=0.00084817 elapsed=06:41:06 eta=83:42:43 val_mrr=0.399553
[TRAIN] 2026-04-25 16:54:40 step=4970/67071 (7.41%) epoch=1/3 epoch_step=4970/22357 (22.23%) loss=0.217663 lr=0.000849808 elapsed=06:41:28 eta=83:36:20 val_mrr=0.399553
[TRAIN] 2026-04-25 16:55:04 step=4980/67071 (7.42%) epoch=1/3 epoch_step=4980/22357 (22.27%) loss=0.254808 lr=0.000851438 elapsed=06:41:51 eta=83:30:20 val_mrr=0.399553
[TRAIN] 2026-04-25 16:55:26 step=4990/67071 (7.44%) epoch=1/3 epoch_step=4990/22357 (22.32%) loss=0.225506 lr=0.000853061 elapsed=06:42:13 eta=83:24:02 val_mrr=0.399553
[STAGE] 2026-04-25 16:55:47 val prep subsets global=50000 art_art=1986 art_any=50000
[STAGE] 2026-04-25 16:55:47 val prep negatives global=50000 art_art=1986 art_any=50000
[STAGE] 2026-04-25 16:55:47 val start step=5000 epoch=0 task=relation_ranking subset=global triples=50000 batches=98 eval_batch_size=512
[STAGE] 2026-04-25 17:00:27 val start step=5000 epoch=0 task=triple_scoring subset=global triples=50000 batches=98 eval_batch_size=512
[STAGE] 2026-04-25 17:06:21 val start step=5000 epoch=0 task=relation_ranking subset=art_art triples=1986 batches=4 eval_batch_size=512
[STAGE] 2026-04-25 17:06:40 val start step=5000 epoch=0 task=triple_scoring subset=art_art triples=1986 batches=4 eval_batch_size=512
[STAGE] 2026-04-25 17:07:05 val start step=5000 epoch=0 task=relation_ranking subset=art_any triples=50000 batches=98 eval_batch_size=512
[STAGE] 2026-04-25 17:11:45 val start step=5000 epoch=0 task=triple_scoring subset=art_any triples=50000 batches=98 eval_batch_size=512
[VAL] 2026-04-25 17:20:10 step=5000 epoch=0 mrr=0.376741 aucpr=0.963521 art_art_mrr=0.259733 art_art_aucpr=0.807195 art_any_mrr=0.375807 art_any_aucpr=0.886030
[TRAIN] 2026-04-25 17:20:11 step=5000/67071 (7.45%) epoch=1/3 epoch_step=5000/22357 (22.36%) loss=0.207107 lr=0.000854676 elapsed=07:06:58 eta=88:20:28 val_mrr=0.399553
[TRAIN] 2026-04-25 17:20:33 step=5010/67071 (7.47%) epoch=1/3 epoch_step=5010/22357 (22.41%) loss=0.224895 lr=0.000856285 elapsed=07:07:21 eta=88:13:42 val_mrr=0.399553
[TRAIN] 2026-04-25 17:20:55 step=5020/67071 (7.48%) epoch=1/3 epoch_step=5020/22357 (22.45%) loss=0.226797 lr=0.000857885 elapsed=07:07:42 eta=88:06:44 val_mrr=0.399553
[TRAIN] 2026-04-25 17:21:16 step=5030/67071 (7.50%) epoch=1/3 epoch_step=5030/22357 (22.50%) loss=0.240329 lr=0.000859479 elapsed=07:08:03 eta=87:59:43 val_mrr=0.399553
[TRAIN] 2026-04-25 17:21:37 step=5040/67071 (7.51%) epoch=1/3 epoch_step=5040/22357 (22.54%) loss=0.200663 lr=0.000861065 elapsed=07:08:24 eta=87:52:40 val_mrr=0.399553
[TRAIN] 2026-04-25 17:21:59 step=5050/67071 (7.53%) epoch=1/3 epoch_step=5050/22357 (22.59%) loss=0.217357 lr=0.000862643 elapsed=07:08:46 eta=87:45:51 val_mrr=0.399553
[TRAIN] 2026-04-25 17:22:20 step=5060/67071 (7.54%) epoch=1/3 epoch_step=5060/22357 (22.63%) loss=0.208673 lr=0.000864214 elapsed=07:09:07 eta=87:38:54 val_mrr=0.399553
[TRAIN] 2026-04-25 17:22:42 step=5070/67071 (7.56%) epoch=1/3 epoch_step=5070/22357 (22.68%) loss=0.231338 lr=0.000865778 elapsed=07:09:29 eta=87:32:14 val_mrr=0.399553
[TRAIN] 2026-04-25 17:23:04 step=5080/67071 (7.57%) epoch=1/3 epoch_step=5080/22357 (22.72%) loss=0.213585 lr=0.000867334 elapsed=07:09:51 eta=87:25:30 val_mrr=0.399553
[TRAIN] 2026-04-25 17:23:26 step=5090/67071 (7.59%) epoch=1/3 epoch_step=5090/22357 (22.77%) loss=0.241610 lr=0.000868882 elapsed=07:10:13 eta=87:18:48 val_mrr=0.399553
[TRAIN] 2026-04-25 17:23:49 step=5100/67071 (7.60%) epoch=1/3 epoch_step=5100/22357 (22.81%) loss=0.229732 lr=0.000870422 elapsed=07:10:36 eta=87:12:21 val_mrr=0.399553
[TRAIN] 2026-04-25 17:24:11 step=5110/67071 (7.62%) epoch=1/3 epoch_step=5110/22357 (22.86%) loss=0.225133 lr=0.000871955 elapsed=07:10:59 eta=87:05:46 val_mrr=0.399553
[TRAIN] 2026-04-25 17:24:32 step=5120/67071 (7.63%) epoch=1/3 epoch_step=5120/22357 (22.90%) loss=0.226609 lr=0.00087348 elapsed=07:11:19 eta=86:58:54 val_mrr=0.399553
[TRAIN] 2026-04-25 17:24:53 step=5130/67071 (7.65%) epoch=1/3 epoch_step=5130/22357 (22.95%) loss=0.255114 lr=0.000874998 elapsed=07:11:41 eta=86:52:12 val_mrr=0.399553
[TRAIN] 2026-04-25 17:25:15 step=5140/67071 (7.66%) epoch=1/3 epoch_step=5140/22357 (22.99%) loss=0.236716 lr=0.000876507 elapsed=07:12:02 eta=86:45:34 val_mrr=0.399553
[TRAIN] 2026-04-25 17:25:37 step=5150/67071 (7.68%) epoch=1/3 epoch_step=5150/22357 (23.04%) loss=0.188949 lr=0.000878009 elapsed=07:12:25 eta=86:39:05 val_mrr=0.399553
[TRAIN] 2026-04-25 17:26:00 step=5160/67071 (7.69%) epoch=1/3 epoch_step=5160/22357 (23.08%) loss=0.239496 lr=0.000879503 elapsed=07:12:47 eta=86:32:38 val_mrr=0.399553
[TRAIN] 2026-04-25 17:26:21 step=5170/67071 (7.71%) epoch=1/3 epoch_step=5170/22357 (23.12%) loss=0.214057 lr=0.000880989 elapsed=07:13:09 eta=86:26:06 val_mrr=0.399553
[TRAIN] 2026-04-25 17:26:43 step=5180/67071 (7.72%) epoch=1/3 epoch_step=5180/22357 (23.17%) loss=0.226357 lr=0.000882467 elapsed=07:13:30 eta=86:19:31 val_mrr=0.399553
[TRAIN] 2026-04-25 17:27:04 step=5190/67071 (7.74%) epoch=1/3 epoch_step=5190/22357 (23.21%) loss=0.205852 lr=0.000883937 elapsed=07:13:52 eta=86:12:58 val_mrr=0.399553
[TRAIN] 2026-04-25 17:27:26 step=5200/67071 (7.75%) epoch=1/3 epoch_step=5200/22357 (23.26%) loss=0.245987 lr=0.000885399 elapsed=07:14:14 eta=86:06:34 val_mrr=0.399553
[TRAIN] 2026-04-25 17:27:48 step=5210/67071 (7.77%) epoch=1/3 epoch_step=5210/22357 (23.30%) loss=0.224532 lr=0.000886854 elapsed=07:14:36 eta=86:00:10 val_mrr=0.399553
[TRAIN] 2026-04-25 17:28:11 step=5220/67071 (7.78%) epoch=1/3 epoch_step=5220/22357 (23.35%) loss=0.253782 lr=0.0008883 elapsed=07:14:58 eta=85:53:52 val_mrr=0.399553
[TRAIN] 2026-04-25 17:28:32 step=5230/67071 (7.80%) epoch=1/3 epoch_step=5230/22357 (23.39%) loss=0.214899 lr=0.000889738 elapsed=07:15:19 eta=85:47:22 val_mrr=0.399553
[TRAIN] 2026-04-25 17:28:54 step=5240/67071 (7.81%) epoch=1/3 epoch_step=5240/22357 (23.44%) loss=0.233404 lr=0.000891168 elapsed=07:15:41 eta=85:41:04 val_mrr=0.399553
[TRAIN] 2026-04-25 17:29:16 step=5250/67071 (7.83%) epoch=1/3 epoch_step=5250/22357 (23.48%) loss=0.266304 lr=0.000892589 elapsed=07:16:03 eta=85:34:45 val_mrr=0.399553
[TRAIN] 2026-04-25 17:29:38 step=5260/67071 (7.84%) epoch=1/3 epoch_step=5260/22357 (23.53%) loss=0.218820 lr=0.000894003 elapsed=07:16:25 eta=85:28:23 val_mrr=0.399553
[TRAIN] 2026-04-25 17:29:58 step=5270/67071 (7.86%) epoch=1/3 epoch_step=5270/22357 (23.57%) loss=0.223067 lr=0.000895408 elapsed=07:16:45 eta=85:21:48 val_mrr=0.399553
[TRAIN] 2026-04-25 17:30:20 step=5280/67071 (7.87%) epoch=1/3 epoch_step=5280/22357 (23.62%) loss=0.213909 lr=0.000896805 elapsed=07:17:07 eta=85:15:34 val_mrr=0.399553
[TRAIN] 2026-04-25 17:30:41 step=5290/67071 (7.89%) epoch=1/3 epoch_step=5290/22357 (23.66%) loss=0.197527 lr=0.000898194 elapsed=07:17:29 eta=85:09:15 val_mrr=0.399553
[TRAIN] 2026-04-25 17:31:04 step=5300/67071 (7.90%) epoch=1/3 epoch_step=5300/22357 (23.71%) loss=0.228565 lr=0.000899575 elapsed=07:17:51 eta=85:03:09 val_mrr=0.399553
[TRAIN] 2026-04-25 17:31:24 step=5310/67071 (7.92%) epoch=1/3 epoch_step=5310/22357 (23.75%) loss=0.211748 lr=0.000900947 elapsed=07:18:12 eta=84:56:39 val_mrr=0.399553
[TRAIN] 2026-04-25 17:31:46 step=5320/67071 (7.93%) epoch=1/3 epoch_step=5320/22357 (23.80%) loss=0.245912 lr=0.000902311 elapsed=07:18:33 eta=84:50:24 val_mrr=0.399553
[TRAIN] 2026-04-25 17:32:07 step=5330/67071 (7.95%) epoch=1/3 epoch_step=5330/22357 (23.84%) loss=0.235069 lr=0.000903666 elapsed=07:18:54 eta=84:44:03 val_mrr=0.399553
[TRAIN] 2026-04-25 17:32:28 step=5340/67071 (7.96%) epoch=1/3 epoch_step=5340/22357 (23.89%) loss=0.232460 lr=0.000905013 elapsed=07:19:16 eta=84:37:53 val_mrr=0.399553
[TRAIN] 2026-04-25 17:32:50 step=5350/67071 (7.98%) epoch=1/3 epoch_step=5350/22357 (23.93%) loss=0.210367 lr=0.000906352 elapsed=07:19:38 eta=84:31:48 val_mrr=0.399553
[TRAIN] 2026-04-25 17:33:11 step=5360/67071 (7.99%) epoch=1/3 epoch_step=5360/22357 (23.97%) loss=0.237501 lr=0.000907682 elapsed=07:19:58 eta=84:25:31 val_mrr=0.399553
[TRAIN] 2026-04-25 17:33:33 step=5370/67071 (8.01%) epoch=1/3 epoch_step=5370/22357 (24.02%) loss=0.225283 lr=0.000909004 elapsed=07:20:20 eta=84:19:25 val_mrr=0.399553
[TRAIN] 2026-04-25 17:33:53 step=5380/67071 (8.02%) epoch=1/3 epoch_step=5380/22357 (24.06%) loss=0.221857 lr=0.000910317 elapsed=07:20:40 eta=84:13:05 val_mrr=0.399553
[TRAIN] 2026-04-25 17:34:14 step=5390/67071 (8.04%) epoch=1/3 epoch_step=5390/22357 (24.11%) loss=0.220991 lr=0.000911621 elapsed=07:21:02 eta=84:06:55 val_mrr=0.399553
[TRAIN] 2026-04-25 17:34:36 step=5400/67071 (8.05%) epoch=1/3 epoch_step=5400/22357 (24.15%) loss=0.204636 lr=0.000912917 elapsed=07:21:23 eta=84:00:54 val_mrr=0.399553
[TRAIN] 2026-04-25 17:34:58 step=5410/67071 (8.07%) epoch=1/3 epoch_step=5410/22357 (24.20%) loss=0.232015 lr=0.000914205 elapsed=07:21:46 eta=83:54:59 val_mrr=0.399553
[TRAIN] 2026-04-25 17:35:20 step=5420/67071 (8.08%) epoch=1/3 epoch_step=5420/22357 (24.24%) loss=0.174847 lr=0.000915483 elapsed=07:22:07 eta=83:49:03 val_mrr=0.399553
[TRAIN] 2026-04-25 17:35:42 step=5430/67071 (8.10%) epoch=1/3 epoch_step=5430/22357 (24.29%) loss=0.206103 lr=0.000916753 elapsed=07:22:30 eta=83:43:09 val_mrr=0.399553
[TRAIN] 2026-04-25 17:36:04 step=5440/67071 (8.11%) epoch=1/3 epoch_step=5440/22357 (24.33%) loss=0.236730 lr=0.000918014 elapsed=07:22:51 eta=83:37:13 val_mrr=0.399553
[TRAIN] 2026-04-25 17:36:25 step=5450/67071 (8.13%) epoch=1/3 epoch_step=5450/22357 (24.38%) loss=0.202990 lr=0.000919267 elapsed=07:23:13 eta=83:31:12 val_mrr=0.399553
[TRAIN] 2026-04-25 17:36:47 step=5460/67071 (8.14%) epoch=1/3 epoch_step=5460/22357 (24.42%) loss=0.225121 lr=0.000920511 elapsed=07:23:34 eta=83:25:16 val_mrr=0.399553
[TRAIN] 2026-04-25 17:37:08 step=5470/67071 (8.16%) epoch=1/3 epoch_step=5470/22357 (24.47%) loss=0.195665 lr=0.000921746 elapsed=07:23:55 eta=83:19:15 val_mrr=0.399553
[TRAIN] 2026-04-25 17:37:29 step=5480/67071 (8.17%) epoch=1/3 epoch_step=5480/22357 (24.51%) loss=0.194959 lr=0.000922972 elapsed=07:24:17 eta=83:13:22 val_mrr=0.399553
[TRAIN] 2026-04-25 17:37:51 step=5490/67071 (8.19%) epoch=1/3 epoch_step=5490/22357 (24.56%) loss=0.215294 lr=0.000924189 elapsed=07:24:38 eta=83:07:24 val_mrr=0.399553
[STAGE] 2026-04-25 17:38:13 val prep subsets global=50000 art_art=1986 art_any=50000
[STAGE] 2026-04-25 17:38:13 val prep negatives global=50000 art_art=1986 art_any=50000
[STAGE] 2026-04-25 17:38:13 val start step=5500 epoch=0 task=relation_ranking subset=global triples=50000 batches=98 eval_batch_size=512
[STAGE] 2026-04-25 17:42:52 val start step=5500 epoch=0 task=triple_scoring subset=global triples=50000 batches=98 eval_batch_size=512
[STAGE] 2026-04-25 17:48:43 val start step=5500 epoch=0 task=relation_ranking subset=art_art triples=1986 batches=4 eval_batch_size=512
[STAGE] 2026-04-25 17:49:01 val start step=5500 epoch=0 task=triple_scoring subset=art_art triples=1986 batches=4 eval_batch_size=512
[STAGE] 2026-04-25 17:49:24 val start step=5500 epoch=0 task=relation_ranking subset=art_any triples=50000 batches=98 eval_batch_size=512
[STAGE] 2026-04-25 17:53:55 val start step=5500 epoch=0 task=triple_scoring subset=art_any triples=50000 batches=98 eval_batch_size=512
[VAL] 2026-04-25 18:02:16 step=5500 epoch=0 mrr=0.383957 aucpr=0.964857 art_art_mrr=0.256136 art_art_aucpr=0.804772 art_any_mrr=0.383614 art_any_aucpr=0.883875
[TRAIN] 2026-04-25 18:02:18 step=5500/67071 (8.20%) epoch=1/3 epoch_step=5500/22357 (24.60%) loss=0.224449 lr=0.000925398 elapsed=07:49:05 eta=87:31:18 val_mrr=0.399553
[TRAIN] 2026-04-25 18:02:40 step=5510/67071 (8.22%) epoch=1/3 epoch_step=5510/22357 (24.65%) loss=0.197749 lr=0.000926597 elapsed=07:49:27 eta=87:24:59 val_mrr=0.399553
[TRAIN] 2026-04-25 18:03:01 step=5520/67071 (8.23%) epoch=1/3 epoch_step=5520/22357 (24.69%) loss=0.256211 lr=0.000927788 elapsed=07:49:49 eta=87:18:40 val_mrr=0.399553
[TRAIN] 2026-04-25 18:03:23 step=5530/67071 (8.24%) epoch=1/3 epoch_step=5530/22357 (24.73%) loss=0.223168 lr=0.000928969 elapsed=07:50:10 eta=87:12:19 val_mrr=0.399553
[TRAIN] 2026-04-25 18:03:44 step=5540/67071 (8.26%) epoch=1/3 epoch_step=5540/22357 (24.78%) loss=0.207325 lr=0.000930142 elapsed=07:50:32 eta=87:06:02 val_mrr=0.399553
[TRAIN] 2026-04-25 18:04:06 step=5550/67071 (8.27%) epoch=1/3 epoch_step=5550/22357 (24.82%) loss=0.186017 lr=0.000931306 elapsed=07:50:54 eta=86:59:49 val_mrr=0.399553
[TRAIN] 2026-04-25 18:04:28 step=5560/67071 (8.29%) epoch=1/3 epoch_step=5560/22357 (24.87%) loss=0.250234 lr=0.000932461 elapsed=07:51:15 eta=86:53:33 val_mrr=0.399553
[TRAIN] 2026-04-25 18:04:49 step=5570/67071 (8.30%) epoch=1/3 epoch_step=5570/22357 (24.91%) loss=0.217111 lr=0.000933606 elapsed=07:51:37 eta=86:47:16 val_mrr=0.399553
[TRAIN] 2026-04-25 18:05:10 step=5580/67071 (8.32%) epoch=1/3 epoch_step=5580/22357 (24.96%) loss=0.234157 lr=0.000934743 elapsed=07:51:57 eta=86:40:51 val_mrr=0.399553
[TRAIN] 2026-04-25 18:05:31 step=5590/67071 (8.33%) epoch=1/3 epoch_step=5590/22357 (25.00%) loss=0.198780 lr=0.00093587 elapsed=07:52:18 eta=86:34:36 val_mrr=0.399553
[TRAIN] 2026-04-25 18:05:53 step=5600/67071 (8.35%) epoch=1/3 epoch_step=5600/22357 (25.05%) loss=0.211215 lr=0.000936988 elapsed=07:52:41 eta=86:28:33 val_mrr=0.399553
[TRAIN] 2026-04-25 18:06:15 step=5610/67071 (8.36%) epoch=1/3 epoch_step=5610/22357 (25.09%) loss=0.214792 lr=0.000938098 elapsed=07:53:02 eta=86:22:24 val_mrr=0.399553
[TRAIN] 2026-04-25 18:06:36 step=5620/67071 (8.38%) epoch=1/3 epoch_step=5620/22357 (25.14%) loss=0.237608 lr=0.000939198 elapsed=07:53:23 eta=86:16:09 val_mrr=0.399553
[TRAIN] 2026-04-25 18:06:58 step=5630/67071 (8.39%) epoch=1/3 epoch_step=5630/22357 (25.18%) loss=0.227700 lr=0.000940288 elapsed=07:53:45 eta=86:10:06 val_mrr=0.399553
[TRAIN] 2026-04-25 18:07:20 step=5640/67071 (8.41%) epoch=1/3 epoch_step=5640/22357 (25.23%) loss=0.225302 lr=0.00094137 elapsed=07:54:08 eta=86:04:11 val_mrr=0.399553
[TRAIN] 2026-04-25 18:07:42 step=5650/67071 (8.42%) epoch=1/3 epoch_step=5650/22357 (25.27%) loss=0.189974 lr=0.000942442 elapsed=07:54:29 eta=85:58:08 val_mrr=0.399553
[TRAIN] 2026-04-25 18:08:04 step=5660/67071 (8.44%) epoch=1/3 epoch_step=5660/22357 (25.32%) loss=0.226483 lr=0.000943505 elapsed=07:54:51 eta=85:52:06 val_mrr=0.399553
[TRAIN] 2026-04-25 18:08:24 step=5670/67071 (8.45%) epoch=1/3 epoch_step=5670/22357 (25.36%) loss=0.226706 lr=0.000944559 elapsed=07:55:11 eta=85:45:50 val_mrr=0.399553
[TRAIN] 2026-04-25 18:08:44 step=5680/67071 (8.47%) epoch=1/3 epoch_step=5680/22357 (25.41%) loss=0.220302 lr=0.000945603 elapsed=07:55:32 eta=85:39:37 val_mrr=0.399553
[TRAIN] 2026-04-25 18:09:05 step=5690/67071 (8.48%) epoch=1/3 epoch_step=5690/22357 (25.45%) loss=0.219158 lr=0.000946639 elapsed=07:55:53 eta=85:33:33 val_mrr=0.399553
[TRAIN] 2026-04-25 18:09:28 step=5700/67071 (8.50%) epoch=1/3 epoch_step=5700/22357 (25.50%) loss=0.206186 lr=0.000947664 elapsed=07:56:15 eta=85:27:47 val_mrr=0.399553
[TRAIN] 2026-04-25 18:09:49 step=5710/67071 (8.51%) epoch=1/3 epoch_step=5710/22357 (25.54%) loss=0.216900 lr=0.000948681 elapsed=07:56:37 eta=85:21:46 val_mrr=0.399553
[TRAIN] 2026-04-25 18:10:10 step=5720/67071 (8.53%) epoch=1/3 epoch_step=5720/22357 (25.58%) loss=0.233109 lr=0.000949688 elapsed=07:56:57 eta=85:15:38 val_mrr=0.399553
[TRAIN] 2026-04-25 18:10:31 step=5730/67071 (8.54%) epoch=1/3 epoch_step=5730/22357 (25.63%) loss=0.204335 lr=0.000950685 elapsed=07:57:19 eta=85:09:45 val_mrr=0.399553
[TRAIN] 2026-04-25 18:10:53 step=5740/67071 (8.56%) epoch=1/3 epoch_step=5740/22357 (25.67%) loss=0.236126 lr=0.000951673 elapsed=07:57:40 eta=85:03:49 val_mrr=0.399553
[TRAIN] 2026-04-25 18:11:13 step=5750/67071 (8.57%) epoch=1/3 epoch_step=5750/22357 (25.72%) loss=0.217192 lr=0.000952652 elapsed=07:58:01 eta=84:57:47 val_mrr=0.399553
[TRAIN] 2026-04-25 18:11:35 step=5760/67071 (8.59%) epoch=1/3 epoch_step=5760/22357 (25.76%) loss=0.195259 lr=0.000953621 elapsed=07:58:22 eta=84:51:51 val_mrr=0.399553
[TRAIN] 2026-04-25 18:11:57 step=5770/67071 (8.60%) epoch=1/3 epoch_step=5770/22357 (25.81%) loss=0.206121 lr=0.00095458 elapsed=07:58:44 eta=84:46:07 val_mrr=0.399553
[TRAIN] 2026-04-25 18:12:18 step=5780/67071 (8.62%) epoch=1/3 epoch_step=5780/22357 (25.85%) loss=0.236303 lr=0.00095553 elapsed=07:59:06 eta=84:40:19 val_mrr=0.399553
[TRAIN] 2026-04-25 18:12:40 step=5790/67071 (8.63%) epoch=1/3 epoch_step=5790/22357 (25.90%) loss=0.188397 lr=0.000956471 elapsed=07:59:27 eta=84:34:30 val_mrr=0.399553
[TRAIN] 2026-04-25 18:13:03 step=5800/67071 (8.65%) epoch=1/3 epoch_step=5800/22357 (25.94%) loss=0.205780 lr=0.000957402 elapsed=07:59:50 eta=84:29:00 val_mrr=0.399553
[TRAIN] 2026-04-25 18:13:25 step=5810/67071 (8.66%) epoch=1/3 epoch_step=5810/22357 (25.99%) loss=0.202602 lr=0.000958323 elapsed=08:00:12 eta=84:23:15 val_mrr=0.399553
[TRAIN] 2026-04-25 18:13:45 step=5820/67071 (8.68%) epoch=1/3 epoch_step=5820/22357 (26.03%) loss=0.218038 lr=0.000959235 elapsed=08:00:33 eta=84:17:20 val_mrr=0.399553
[TRAIN] 2026-04-25 18:14:06 step=5830/67071 (8.69%) epoch=1/3 epoch_step=5830/22357 (26.08%) loss=0.256760 lr=0.000960137 elapsed=08:00:53 eta=84:11:27 val_mrr=0.399553
[TRAIN] 2026-04-25 18:14:28 step=5840/67071 (8.71%) epoch=1/3 epoch_step=5840/22357 (26.12%) loss=0.198529 lr=0.000961029 elapsed=08:01:15 eta=84:05:51 val_mrr=0.399553
[TRAIN] 2026-04-25 18:14:49 step=5850/67071 (8.72%) epoch=1/3 epoch_step=5850/22357 (26.17%) loss=0.203405 lr=0.000961912 elapsed=08:01:37 eta=84:00:08 val_mrr=0.399553
[TRAIN] 2026-04-25 18:15:11 step=5860/67071 (8.74%) epoch=1/3 epoch_step=5860/22357 (26.21%) loss=0.214748 lr=0.000962785 elapsed=08:01:59 eta=83:54:31 val_mrr=0.399553
[TRAIN] 2026-04-25 18:15:32 step=5870/67071 (8.75%) epoch=1/3 epoch_step=5870/22357 (26.26%) loss=0.216339 lr=0.000963648 elapsed=08:02:19 eta=83:48:44 val_mrr=0.399553
[TRAIN] 2026-04-25 18:15:54 step=5880/67071 (8.77%) epoch=1/3 epoch_step=5880/22357 (26.30%) loss=0.226302 lr=0.000964502 elapsed=08:02:41 eta=83:43:09 val_mrr=0.399553
[TRAIN] 2026-04-25 18:16:14 step=5890/67071 (8.78%) epoch=1/3 epoch_step=5890/22357 (26.35%) loss=0.248952 lr=0.000965345 elapsed=08:03:02 eta=83:37:21 val_mrr=0.399553
[TRAIN] 2026-04-25 18:16:36 step=5900/67071 (8.80%) epoch=1/3 epoch_step=5900/22357 (26.39%) loss=0.218396 lr=0.000966179 elapsed=08:03:23 eta=83:31:46 val_mrr=0.399553
[TRAIN] 2026-04-25 18:16:57 step=5910/67071 (8.81%) epoch=1/3 epoch_step=5910/22357 (26.43%) loss=0.211800 lr=0.000967004 elapsed=08:03:45 eta=83:26:08 val_mrr=0.399553
[TRAIN] 2026-04-25 18:17:19 step=5920/67071 (8.83%) epoch=1/3 epoch_step=5920/22357 (26.48%) loss=0.197139 lr=0.000967818 elapsed=08:04:06 eta=83:20:36 val_mrr=0.399553
[TRAIN] 2026-04-25 18:17:41 step=5930/67071 (8.84%) epoch=1/3 epoch_step=5930/22357 (26.52%) loss=0.205926 lr=0.000968623 elapsed=08:04:28 eta=83:15:06 val_mrr=0.399553
[TRAIN] 2026-04-25 18:18:02 step=5940/67071 (8.86%) epoch=1/3 epoch_step=5940/22357 (26.57%) loss=0.166853 lr=0.000969417 elapsed=08:04:49 eta=83:09:27 val_mrr=0.399553
[TRAIN] 2026-04-25 18:18:22 step=5950/67071 (8.87%) epoch=1/3 epoch_step=5950/22357 (26.61%) loss=0.209531 lr=0.000970202 elapsed=08:05:10 eta=83:03:47 val_mrr=0.399553
[TRAIN] 2026-04-25 18:18:44 step=5960/67071 (8.89%) epoch=1/3 epoch_step=5960/22357 (26.66%) loss=0.177069 lr=0.000970977 elapsed=08:05:31 eta=82:58:15 val_mrr=0.399553
[TRAIN] 2026-04-25 18:19:05 step=5970/67071 (8.90%) epoch=1/3 epoch_step=5970/22357 (26.70%) loss=0.230601 lr=0.000971742 elapsed=08:05:53 eta=82:52:47 val_mrr=0.399553
[TRAIN] 2026-04-25 18:19:27 step=5980/67071 (8.92%) epoch=1/3 epoch_step=5980/22357 (26.75%) loss=0.228805 lr=0.000972497 elapsed=08:06:15 eta=82:47:26 val_mrr=0.399553
[TRAIN] 2026-04-25 18:19:49 step=5990/67071 (8.93%) epoch=1/3 epoch_step=5990/22357 (26.79%) loss=0.210448 lr=0.000973243 elapsed=08:06:36 eta=82:41:59 val_mrr=0.399553
[STAGE] 2026-04-25 18:20:10 val prep subsets global=50000 art_art=1986 art_any=50000
[STAGE] 2026-04-25 18:20:11 val prep negatives global=50000 art_art=1986 art_any=50000
[STAGE] 2026-04-25 18:20:11 val start step=6000 epoch=0 task=relation_ranking subset=global triples=50000 batches=98 eval_batch_size=512
[STAGE] 2026-04-25 18:24:44 val start step=6000 epoch=0 task=triple_scoring subset=global triples=50000 batches=98 eval_batch_size=512
[STAGE] 2026-04-25 18:30:31 val start step=6000 epoch=0 task=relation_ranking subset=art_art triples=1986 batches=4 eval_batch_size=512
[STAGE] 2026-04-25 18:30:48 val start step=6000 epoch=0 task=triple_scoring subset=art_art triples=1986 batches=4 eval_batch_size=512
[STAGE] 2026-04-25 18:31:12 val start step=6000 epoch=0 task=relation_ranking subset=art_any triples=50000 batches=98 eval_batch_size=512
[STAGE] 2026-04-25 18:35:46 val start step=6000 epoch=0 task=triple_scoring subset=art_any triples=50000 batches=98 eval_batch_size=512
[VAL] 2026-04-25 18:44:07 step=6000 epoch=0 mrr=0.415361 aucpr=0.968226 art_art_mrr=0.222648 art_art_aucpr=0.791114 art_any_mrr=0.414926 art_any_aucpr=0.902474
[TRAIN] 2026-04-25 18:44:09 step=6000/67071 (8.95%) epoch=1/3 epoch_step=6000/22357 (26.84%) loss=0.207092 lr=0.000973978 elapsed=08:30:56 eta=86:40:35 val_mrr=0.415361
[TRAIN] 2026-04-25 18:44:31 step=6010/67071 (8.96%) epoch=1/3 epoch_step=6010/22357 (26.88%) loss=0.199545 lr=0.000974703 elapsed=08:31:18 eta=86:34:50 val_mrr=0.415361
[TRAIN] 2026-04-25 18:44:53 step=6020/67071 (8.98%) epoch=1/3 epoch_step=6020/22357 (26.93%) loss=0.183034 lr=0.000975419 elapsed=08:31:41 eta=86:29:08 val_mrr=0.415361
[TRAIN] 2026-04-25 18:45:15 step=6030/67071 (8.99%) epoch=1/3 epoch_step=6030/22357 (26.97%) loss=0.202788 lr=0.000976124 elapsed=08:32:03 eta=86:23:23 val_mrr=0.415361
[TRAIN] 2026-04-25 18:45:37 step=6040/67071 (9.01%) epoch=1/3 epoch_step=6040/22357 (27.02%) loss=0.234886 lr=0.000976819 elapsed=08:32:24 eta=86:17:35 val_mrr=0.415361
[TRAIN] 2026-04-25 18:45:58 step=6050/67071 (9.02%) epoch=1/3 epoch_step=6050/22357 (27.06%) loss=0.180714 lr=0.000977505 elapsed=08:32:45 eta=86:11:43 val_mrr=0.415361
[TRAIN] 2026-04-25 18:46:20 step=6060/67071 (9.04%) epoch=1/3 epoch_step=6060/22357 (27.11%) loss=0.238735 lr=0.00097818 elapsed=08:33:07 eta=86:06:00 val_mrr=0.415361
[TRAIN] 2026-04-25 18:46:42 step=6070/67071 (9.05%) epoch=1/3 epoch_step=6070/22357 (27.15%) loss=0.205776 lr=0.000978845 elapsed=08:33:30 eta=86:00:25 val_mrr=0.415361
[TRAIN] 2026-04-25 18:47:05 step=6080/67071 (9.07%) epoch=1/3 epoch_step=6080/22357 (27.20%) loss=0.209910 lr=0.000979501 elapsed=08:33:52 eta=85:54:48 val_mrr=0.415361
[TRAIN] 2026-04-25 18:47:27 step=6090/67071 (9.08%) epoch=1/3 epoch_step=6090/22357 (27.24%) loss=0.217246 lr=0.000980146 elapsed=08:34:14 eta=85:49:12 val_mrr=0.415361
[TRAIN] 2026-04-25 18:47:48 step=6100/67071 (9.09%) epoch=1/3 epoch_step=6100/22357 (27.28%) loss=0.258784 lr=0.000980781 elapsed=08:34:36 eta=85:43:30 val_mrr=0.415361
[TRAIN] 2026-04-25 18:48:10 step=6110/67071 (9.11%) epoch=1/3 epoch_step=6110/22357 (27.33%) loss=0.244381 lr=0.000981405 elapsed=08:34:58 eta=85:37:55 val_mrr=0.415361
[TRAIN] 2026-04-25 18:48:32 step=6120/67071 (9.12%) epoch=1/3 epoch_step=6120/22357 (27.37%) loss=0.217169 lr=0.00098202 elapsed=08:35:20 eta=85:32:17 val_mrr=0.415361
[TRAIN] 2026-04-25 18:48:54 step=6130/67071 (9.14%) epoch=1/3 epoch_step=6130/22357 (27.42%) loss=0.208153 lr=0.000982625 elapsed=08:35:41 eta=85:26:37 val_mrr=0.415361
[TRAIN] 2026-04-25 18:49:16 step=6140/67071 (9.15%) epoch=1/3 epoch_step=6140/22357 (27.46%) loss=0.215193 lr=0.000983219 elapsed=08:36:03 eta=85:21:07 val_mrr=0.415361
[TRAIN] 2026-04-25 18:49:38 step=6150/67071 (9.17%) epoch=1/3 epoch_step=6150/22357 (27.51%) loss=0.208921 lr=0.000983804 elapsed=08:36:25 eta=85:15:36 val_mrr=0.415361
[TRAIN] 2026-04-25 18:50:00 step=6160/67071 (9.18%) epoch=1/3 epoch_step=6160/22357 (27.55%) loss=0.232119 lr=0.000984378 elapsed=08:36:47 eta=85:10:03 val_mrr=0.415361
[TRAIN] 2026-04-25 18:50:21 step=6170/67071 (9.20%) epoch=1/3 epoch_step=6170/22357 (27.60%) loss=0.212907 lr=0.000984942 elapsed=08:37:08 eta=85:04:26 val_mrr=0.415361
[TRAIN] 2026-04-25 18:50:42 step=6180/67071 (9.21%) epoch=1/3 epoch_step=6180/22357 (27.64%) loss=0.198377 lr=0.000985495 elapsed=08:37:30 eta=84:58:49 val_mrr=0.415361
[TRAIN] 2026-04-25 18:51:03 step=6190/67071 (9.23%) epoch=1/3 epoch_step=6190/22357 (27.69%) loss=0.213074 lr=0.000986039 elapsed=08:37:51 eta=84:53:12 val_mrr=0.415361
[TRAIN] 2026-04-25 18:51:27 step=6200/67071 (9.24%) epoch=1/3 epoch_step=6200/22357 (27.73%) loss=0.204520 lr=0.000986572 elapsed=08:38:15 eta=84:48:04 val_mrr=0.415361
[TRAIN] 2026-04-25 18:51:48 step=6210/67071 (9.26%) epoch=1/3 epoch_step=6210/22357 (27.78%) loss=0.238147 lr=0.000987095 elapsed=08:38:36 eta=84:42:29 val_mrr=0.415361
[TRAIN] 2026-04-25 18:52:10 step=6220/67071 (9.27%) epoch=1/3 epoch_step=6220/22357 (27.82%) loss=0.198911 lr=0.000987608 elapsed=08:38:58 eta=84:37:04 val_mrr=0.415361
[TRAIN] 2026-04-25 18:52:32 step=6230/67071 (9.29%) epoch=1/3 epoch_step=6230/22357 (27.87%) loss=0.217145 lr=0.00098811 elapsed=08:39:20 eta=84:31:40 val_mrr=0.415361
[TRAIN] 2026-04-25 18:52:54 step=6240/67071 (9.30%) epoch=1/3 epoch_step=6240/22357 (27.91%) loss=0.220498 lr=0.000988603 elapsed=08:39:41 eta=84:26:14 val_mrr=0.415361
[TRAIN] 2026-04-25 18:53:15 step=6250/67071 (9.32%) epoch=1/3 epoch_step=6250/22357 (27.96%) loss=0.224197 lr=0.000989085 elapsed=08:40:02 eta=84:20:41 val_mrr=0.415361
[TRAIN] 2026-04-25 18:53:35 step=6260/67071 (9.33%) epoch=1/3 epoch_step=6260/22357 (28.00%) loss=0.212120 lr=0.000989556 elapsed=08:40:23 eta=84:15:03 val_mrr=0.415361
[TRAIN] 2026-04-25 18:53:57 step=6270/67071 (9.35%) epoch=1/3 epoch_step=6270/22357 (28.04%) loss=0.211928 lr=0.000990018 elapsed=08:40:44 eta=84:09:39 val_mrr=0.415361
[TRAIN] 2026-04-25 18:54:20 step=6280/67071 (9.36%) epoch=1/3 epoch_step=6280/22357 (28.09%) loss=0.226361 lr=0.000990469 elapsed=08:41:07 eta=84:04:27 val_mrr=0.415361
[TRAIN] 2026-04-25 18:54:42 step=6290/67071 (9.38%) epoch=1/3 epoch_step=6290/22357 (28.13%) loss=0.232008 lr=0.000990909 elapsed=08:41:29 eta=83:59:08 val_mrr=0.415361
[TRAIN] 2026-04-25 18:55:03 step=6300/67071 (9.39%) epoch=1/3 epoch_step=6300/22357 (28.18%) loss=0.188622 lr=0.00099134 elapsed=08:41:51 eta=83:53:47 val_mrr=0.415361
[TRAIN] 2026-04-25 18:55:25 step=6310/67071 (9.41%) epoch=1/3 epoch_step=6310/22357 (28.22%) loss=0.233362 lr=0.00099176 elapsed=08:42:12 eta=83:48:29 val_mrr=0.415361
[TRAIN] 2026-04-25 18:55:46 step=6320/67071 (9.42%) epoch=1/3 epoch_step=6320/22357 (28.27%) loss=0.213350 lr=0.00099217 elapsed=08:42:33 eta=83:43:05 val_mrr=0.415361
[TRAIN] 2026-04-25 18:56:07 step=6330/67071 (9.44%) epoch=1/3 epoch_step=6330/22357 (28.31%) loss=0.217403 lr=0.000992569 elapsed=08:42:55 eta=83:37:43 val_mrr=0.415361
[TRAIN] 2026-04-25 18:56:29 step=6340/67071 (9.45%) epoch=1/3 epoch_step=6340/22357 (28.36%) loss=0.230265 lr=0.000992958 elapsed=08:43:17 eta=83:32:30 val_mrr=0.415361
[TRAIN] 2026-04-25 18:56:52 step=6350/67071 (9.47%) epoch=1/3 epoch_step=6350/22357 (28.40%) loss=0.216279 lr=0.000993336 elapsed=08:43:39 eta=83:27:20 val_mrr=0.415361
[TRAIN] 2026-04-25 18:57:14 step=6360/67071 (9.48%) epoch=1/3 epoch_step=6360/22357 (28.45%) loss=0.208811 lr=0.000993705 elapsed=08:44:01 eta=83:22:09 val_mrr=0.415361
[TRAIN] 2026-04-25 18:57:35 step=6370/67071 (9.50%) epoch=1/3 epoch_step=6370/22357 (28.49%) loss=0.184255 lr=0.000994062 elapsed=08:44:23 eta=83:16:54 val_mrr=0.415361
[TRAIN] 2026-04-25 18:57:57 step=6380/67071 (9.51%) epoch=1/3 epoch_step=6380/22357 (28.54%) loss=0.232239 lr=0.00099441 elapsed=08:44:44 eta=83:11:37 val_mrr=0.415361
[TRAIN] 2026-04-25 18:58:18 step=6390/67071 (9.53%) epoch=1/3 epoch_step=6390/22357 (28.58%) loss=0.230501 lr=0.000994747 elapsed=08:45:05 eta=83:06:22 val_mrr=0.415361
[TRAIN] 2026-04-25 18:58:40 step=6400/67071 (9.54%) epoch=1/3 epoch_step=6400/22357 (28.63%) loss=0.198988 lr=0.000995073 elapsed=08:45:27 eta=83:01:14 val_mrr=0.415361
[TRAIN] 2026-04-25 18:59:02 step=6410/67071 (9.56%) epoch=1/3 epoch_step=6410/22357 (28.67%) loss=0.211350 lr=0.000995389 elapsed=08:45:49 eta=82:56:08 val_mrr=0.415361
[TRAIN] 2026-04-25 18:59:23 step=6420/67071 (9.57%) epoch=1/3 epoch_step=6420/22357 (28.72%) loss=0.207268 lr=0.000995695 elapsed=08:46:11 eta=82:50:56 val_mrr=0.415361
[TRAIN] 2026-04-25 18:59:46 step=6430/67071 (9.59%) epoch=1/3 epoch_step=6430/22357 (28.76%) loss=0.239477 lr=0.00099599 elapsed=08:46:34 eta=82:45:58 val_mrr=0.415361
[TRAIN] 2026-04-25 19:00:08 step=6440/67071 (9.60%) epoch=1/3 epoch_step=6440/22357 (28.81%) loss=0.221564 lr=0.000996275 elapsed=08:46:55 eta=82:40:50 val_mrr=0.415361
[TRAIN] 2026-04-25 19:00:29 step=6450/67071 (9.62%) epoch=1/3 epoch_step=6450/22357 (28.85%) loss=0.218120 lr=0.00099655 elapsed=08:47:16 eta=82:35:38 val_mrr=0.415361
[TRAIN] 2026-04-25 19:00:50 step=6460/67071 (9.63%) epoch=1/3 epoch_step=6460/22357 (28.89%) loss=0.202013 lr=0.000996814 elapsed=08:47:37 eta=82:30:26 val_mrr=0.415361
[TRAIN] 2026-04-25 19:01:13 step=6470/67071 (9.65%) epoch=1/3 epoch_step=6470/22357 (28.94%) loss=0.228313 lr=0.000997067 elapsed=08:48:00 eta=82:25:31 val_mrr=0.415361
[TRAIN] 2026-04-25 19:01:35 step=6480/67071 (9.66%) epoch=1/3 epoch_step=6480/22357 (28.98%) loss=0.199028 lr=0.00099731 elapsed=08:48:22 eta=82:20:29 val_mrr=0.415361
[TRAIN] 2026-04-25 19:01:56 step=6490/67071 (9.68%) epoch=1/3 epoch_step=6490/22357 (29.03%) loss=0.219475 lr=0.000997542 elapsed=08:48:43 eta=82:15:18 val_mrr=0.415361
[STAGE] 2026-04-25 19:02:18 val prep subsets global=50000 art_art=1986 art_any=50000
[STAGE] 2026-04-25 19:02:18 val prep negatives global=50000 art_art=1986 art_any=50000
[STAGE] 2026-04-25 19:02:18 val start step=6500 epoch=0 task=relation_ranking subset=global triples=50000 batches=98 eval_batch_size=512
[STAGE] 2026-04-25 19:06:56 val start step=6500 epoch=0 task=triple_scoring subset=global triples=50000 batches=98 eval_batch_size=512
[STAGE] 2026-04-25 19:12:47 val start step=6500 epoch=0 task=relation_ranking subset=art_art triples=1986 batches=4 eval_batch_size=512
[STAGE] 2026-04-25 19:13:03 val start step=6500 epoch=0 task=triple_scoring subset=art_art triples=1986 batches=4 eval_batch_size=512
[STAGE] 2026-04-25 19:13:28 val start step=6500 epoch=0 task=relation_ranking subset=art_any triples=50000 batches=98 eval_batch_size=512
[STAGE] 2026-04-25 19:18:06 val start step=6500 epoch=0 task=triple_scoring subset=art_any triples=50000 batches=98 eval_batch_size=512
[VAL] 2026-04-25 19:26:33 step=6500 epoch=0 mrr=0.413906 aucpr=0.969216 art_art_mrr=0.386923 art_art_aucpr=0.844140 art_any_mrr=0.414386 art_any_aucpr=0.904567
[TRAIN] 2026-04-25 19:26:34 step=6500/67071 (9.69%) epoch=1/3 epoch_step=6500/22357 (29.07%) loss=0.182783 lr=0.000997764 elapsed=09:13:21 eta=85:56:26 val_mrr=0.415361
[TRAIN] 2026-04-25 19:26:55 step=6510/67071 (9.71%) epoch=1/3 epoch_step=6510/22357 (29.12%) loss=0.202295 lr=0.000997976 elapsed=09:13:43 eta=85:51:03 val_mrr=0.415361
[TRAIN] 2026-04-25 19:27:16 step=6520/67071 (9.72%) epoch=1/3 epoch_step=6520/22357 (29.16%) loss=0.201719 lr=0.000998177 elapsed=09:14:04 eta=85:45:34 val_mrr=0.415361
[TRAIN] 2026-04-25 19:27:38 step=6530/67071 (9.74%) epoch=1/3 epoch_step=6530/22357 (29.21%) loss=0.206175 lr=0.000998368 elapsed=09:14:25 eta=85:40:07 val_mrr=0.415361
[TRAIN] 2026-04-25 19:27:59 step=6540/67071 (9.75%) epoch=1/3 epoch_step=6540/22357 (29.25%) loss=0.209988 lr=0.000998548 elapsed=09:14:46 eta=85:34:40 val_mrr=0.415361
[TRAIN] 2026-04-25 19:28:21 step=6550/67071 (9.77%) epoch=1/3 epoch_step=6550/22357 (29.30%) loss=0.188185 lr=0.000998717 elapsed=09:15:08 eta=85:29:20 val_mrr=0.415361
[TRAIN] 2026-04-25 19:28:43 step=6560/67071 (9.78%) epoch=1/3 epoch_step=6560/22357 (29.34%) loss=0.168071 lr=0.000998876 elapsed=09:15:30 eta=85:24:06 val_mrr=0.415361
[TRAIN] 2026-04-25 19:29:04 step=6570/67071 (9.80%) epoch=1/3 epoch_step=6570/22357 (29.39%) loss=0.193121 lr=0.000999025 elapsed=09:15:52 eta=85:18:44 val_mrr=0.415361
[TRAIN] 2026-04-25 19:29:26 step=6580/67071 (9.81%) epoch=1/3 epoch_step=6580/22357 (29.43%) loss=0.219969 lr=0.000999163 elapsed=09:16:13 eta=85:13:23 val_mrr=0.415361
[TRAIN] 2026-04-25 19:29:47 step=6590/67071 (9.83%) epoch=1/3 epoch_step=6590/22357 (29.48%) loss=0.238966 lr=0.00099929 elapsed=09:16:34 eta=85:07:59 val_mrr=0.415361
[TRAIN] 2026-04-25 19:30:09 step=6600/67071 (9.84%) epoch=1/3 epoch_step=6600/22357 (29.52%) loss=0.219466 lr=0.000999407 elapsed=09:16:56 eta=85:02:46 val_mrr=0.415361
[TRAIN] 2026-04-25 19:30:31 step=6610/67071 (9.86%) epoch=1/3 epoch_step=6610/22357 (29.57%) loss=0.228858 lr=0.000999514 elapsed=09:17:18 eta=84:57:35 val_mrr=0.415361
[TRAIN] 2026-04-25 19:30:54 step=6620/67071 (9.87%) epoch=1/3 epoch_step=6620/22357 (29.61%) loss=0.211718 lr=0.00099961 elapsed=09:17:42 eta=84:52:39 val_mrr=0.415361
[TRAIN] 2026-04-25 19:31:16 step=6630/67071 (9.89%) epoch=1/3 epoch_step=6630/22357 (29.66%) loss=0.200198 lr=0.000999695 elapsed=09:18:04 eta=84:47:27 val_mrr=0.415361
[TRAIN] 2026-04-25 19:31:38 step=6640/67071 (9.90%) epoch=1/3 epoch_step=6640/22357 (29.70%) loss=0.260089 lr=0.00099977 elapsed=09:18:26 eta=84:42:16 val_mrr=0.415361
[TRAIN] 2026-04-25 19:32:01 step=6650/67071 (9.91%) epoch=1/3 epoch_step=6650/22357 (29.74%) loss=0.223450 lr=0.000999834 elapsed=09:18:48 eta=84:37:10 val_mrr=0.415361
[TRAIN] 2026-04-25 19:32:22 step=6660/67071 (9.93%) epoch=1/3 epoch_step=6660/22357 (29.79%) loss=0.166157 lr=0.000999888 elapsed=09:19:10 eta=84:32:01 val_mrr=0.415361
[TRAIN] 2026-04-25 19:32:44 step=6670/67071 (9.94%) epoch=1/3 epoch_step=6670/22357 (29.83%) loss=0.249061 lr=0.000999931 elapsed=09:19:31 eta=84:26:50 val_mrr=0.415361
[TRAIN] 2026-04-25 19:33:06 step=6680/67071 (9.96%) epoch=1/3 epoch_step=6680/22357 (29.88%) loss=0.220881 lr=0.000999964 elapsed=09:19:53 eta=84:21:42 val_mrr=0.415361
[TRAIN] 2026-04-25 19:33:29 step=6690/67071 (9.97%) epoch=1/3 epoch_step=6690/22357 (29.92%) loss=0.209576 lr=0.000999986 elapsed=09:20:16 eta=84:16:47 val_mrr=0.415361
[TRAIN] 2026-04-25 19:33:52 step=6700/67071 (9.99%) epoch=1/3 epoch_step=6700/22357 (29.97%) loss=0.189235 lr=0.000999998 elapsed=09:20:39 eta=84:11:50 val_mrr=0.415361
[TRAIN] 2026-04-25 19:34:14 step=6710/67071 (10.00%) epoch=1/3 epoch_step=6710/22357 (30.01%) loss=0.201662 lr=0.001 elapsed=09:21:01 eta=84:06:43 val_mrr=0.415361
[TRAIN] 2026-04-25 19:34:35 step=6720/67071 (10.02%) epoch=1/3 epoch_step=6720/22357 (30.06%) loss=0.182713 lr=0.001 elapsed=09:21:22 eta=84:01:34 val_mrr=0.415361
[TRAIN] 2026-04-25 19:34:56 step=6730/67071 (10.03%) epoch=1/3 epoch_step=6730/22357 (30.10%) loss=0.226309 lr=0.001 elapsed=09:21:43 eta=83:56:23 val_mrr=0.415361
[TRAIN] 2026-04-25 19:35:17 step=6740/67071 (10.05%) epoch=1/3 epoch_step=6740/22357 (30.15%) loss=0.187111 lr=0.000999999 elapsed=09:22:04 eta=83:51:10 val_mrr=0.415361
[TRAIN] 2026-04-25 19:35:39 step=6750/67071 (10.06%) epoch=1/3 epoch_step=6750/22357 (30.19%) loss=0.207447 lr=0.000999999 elapsed=09:22:26 eta=83:46:08 val_mrr=0.415361
[TRAIN] 2026-04-25 19:36:02 step=6760/67071 (10.08%) epoch=1/3 epoch_step=6760/22357 (30.24%) loss=0.236505 lr=0.000999998 elapsed=09:22:49 eta=83:41:17 val_mrr=0.415361
[TRAIN] 2026-04-25 19:36:24 step=6770/67071 (10.09%) epoch=1/3 epoch_step=6770/22357 (30.28%) loss=0.228939 lr=0.000999997 elapsed=09:23:11 eta=83:36:19 val_mrr=0.415361
[TRAIN] 2026-04-25 19:36:45 step=6780/67071 (10.11%) epoch=1/3 epoch_step=6780/22357 (30.33%) loss=0.233682 lr=0.000999996 elapsed=09:23:32 eta=83:31:13 val_mrr=0.415361
[TRAIN] 2026-04-25 19:37:05 step=6790/67071 (10.12%) epoch=1/3 epoch_step=6790/22357 (30.37%) loss=0.185956 lr=0.000999995 elapsed=09:23:53 eta=83:26:05 val_mrr=0.415361
[TRAIN] 2026-04-25 19:37:27 step=6800/67071 (10.14%) epoch=1/3 epoch_step=6800/22357 (30.42%) loss=0.220109 lr=0.000999994 elapsed=09:24:15 eta=83:21:06 val_mrr=0.415361
[TRAIN] 2026-04-25 19:37:49 step=6810/67071 (10.15%) epoch=1/3 epoch_step=6810/22357 (30.46%) loss=0.214891 lr=0.000999993 elapsed=09:24:37 eta=83:16:10 val_mrr=0.415361
[TRAIN] 2026-04-25 19:38:11 step=6820/67071 (10.17%) epoch=1/3 epoch_step=6820/22357 (30.50%) loss=0.233637 lr=0.000999991 elapsed=09:24:59 eta=83:11:17 val_mrr=0.415361
[TRAIN] 2026-04-25 19:38:34 step=6830/67071 (10.18%) epoch=1/3 epoch_step=6830/22357 (30.55%) loss=0.229784 lr=0.00099999 elapsed=09:25:21 eta=83:06:26 val_mrr=0.415361
[TRAIN] 2026-04-25 19:38:56 step=6840/67071 (10.20%) epoch=1/3 epoch_step=6840/22357 (30.59%) loss=0.186148 lr=0.000999988 elapsed=09:25:43 eta=83:01:36 val_mrr=0.415361
[TRAIN] 2026-04-25 19:39:18 step=6850/67071 (10.21%) epoch=1/3 epoch_step=6850/22357 (30.64%) loss=0.205707 lr=0.000999986 elapsed=09:26:05 eta=82:56:41 val_mrr=0.415361
[TRAIN] 2026-04-25 19:39:40 step=6860/67071 (10.23%) epoch=1/3 epoch_step=6860/22357 (30.68%) loss=0.182320 lr=0.000999984 elapsed=09:26:28 eta=82:51:54 val_mrr=0.415361
[TRAIN] 2026-04-25 19:40:03 step=6870/67071 (10.24%) epoch=1/3 epoch_step=6870/22357 (30.73%) loss=0.200119 lr=0.000999982 elapsed=09:26:50 eta=82:47:10 val_mrr=0.415361
[TRAIN] 2026-04-25 19:40:26 step=6880/67071 (10.26%) epoch=1/3 epoch_step=6880/22357 (30.77%) loss=0.207276 lr=0.00099998 elapsed=09:27:14 eta=82:42:30 val_mrr=0.415361
[TRAIN] 2026-04-25 19:40:48 step=6890/67071 (10.27%) epoch=1/3 epoch_step=6890/22357 (30.82%) loss=0.196188 lr=0.000999977 elapsed=09:27:36 eta=82:37:42 val_mrr=0.415361
[TRAIN] 2026-04-25 19:41:12 step=6900/67071 (10.29%) epoch=1/3 epoch_step=6900/22357 (30.86%) loss=0.194822 lr=0.000999975 elapsed=09:28:00 eta=82:33:10 val_mrr=0.415361
[TRAIN] 2026-04-25 19:41:36 step=6910/67071 (10.30%) epoch=1/3 epoch_step=6910/22357 (30.91%) loss=0.208068 lr=0.000999972 elapsed=09:28:23 eta=82:28:37 val_mrr=0.415361
[TRAIN] 2026-04-25 19:41:59 step=6920/67071 (10.32%) epoch=1/3 epoch_step=6920/22357 (30.95%) loss=0.203210 lr=0.000999969 elapsed=09:28:46 eta=82:23:59 val_mrr=0.415361
[TRAIN] 2026-04-25 19:42:22 step=6930/67071 (10.33%) epoch=1/3 epoch_step=6930/22357 (31.00%) loss=0.196495 lr=0.000999966 elapsed=09:29:09 eta=82:19:19 val_mrr=0.415361
[TRAIN] 2026-04-25 19:42:45 step=6940/67071 (10.35%) epoch=1/3 epoch_step=6940/22357 (31.04%) loss=0.213321 lr=0.000999963 elapsed=09:29:33 eta=82:14:46 val_mrr=0.415361
[TRAIN] 2026-04-25 19:43:08 step=6950/67071 (10.36%) epoch=1/3 epoch_step=6950/22357 (31.09%) loss=0.222613 lr=0.00099996 elapsed=09:29:55 eta=82:10:03 val_mrr=0.415361
[TRAIN] 2026-04-25 19:43:30 step=6960/67071 (10.38%) epoch=1/3 epoch_step=6960/22357 (31.13%) loss=0.210443 lr=0.000999956 elapsed=09:30:17 eta=82:05:23 val_mrr=0.415361
[TRAIN] 2026-04-25 19:43:53 step=6970/67071 (10.39%) epoch=1/3 epoch_step=6970/22357 (31.18%) loss=0.193395 lr=0.000999953 elapsed=09:30:40 eta=82:00:48 val_mrr=0.415361
[TRAIN] 2026-04-25 19:44:15 step=6980/67071 (10.41%) epoch=1/3 epoch_step=6980/22357 (31.22%) loss=0.188777 lr=0.000999949 elapsed=09:31:02 eta=81:56:05 val_mrr=0.415361
[TRAIN] 2026-04-25 19:44:36 step=6990/67071 (10.42%) epoch=1/3 epoch_step=6990/22357 (31.27%) loss=0.219238 lr=0.000999945 elapsed=09:31:24 eta=81:51:19 val_mrr=0.415361
[STAGE] 2026-04-25 19:44:58 val prep subsets global=50000 art_art=1986 art_any=50000
[STAGE] 2026-04-25 19:44:58 val prep negatives global=50000 art_art=1986 art_any=50000
[STAGE] 2026-04-25 19:44:58 val start step=7000 epoch=0 task=relation_ranking subset=global triples=50000 batches=98 eval_batch_size=512
[STAGE] 2026-04-25 19:49:34 val start step=7000 epoch=0 task=triple_scoring subset=global triples=50000 batches=98 eval_batch_size=512
[STAGE] 2026-04-25 19:55:26 val start step=7000 epoch=0 task=relation_ranking subset=art_art triples=1986 batches=4 eval_batch_size=512
[STAGE] 2026-04-25 19:55:44 val start step=7000 epoch=0 task=triple_scoring subset=art_art triples=1986 batches=4 eval_batch_size=512
[STAGE] 2026-04-25 19:56:07 val start step=7000 epoch=0 task=relation_ranking subset=art_any triples=50000 batches=98 eval_batch_size=512
[STAGE] 2026-04-25 20:00:44 val start step=7000 epoch=0 task=triple_scoring subset=art_any triples=50000 batches=98 eval_batch_size=512
[VAL] 2026-04-25 20:09:07 step=7000 epoch=0 mrr=0.436237 aucpr=0.967164 art_art_mrr=0.300725 art_art_aucpr=0.807276 art_any_mrr=0.437298 art_any_aucpr=0.889213
[TRAIN] 2026-04-25 20:09:09 step=7000/67071 (10.44%) epoch=1/3 epoch_step=7000/22357 (31.31%) loss=0.260399 lr=0.000999942 elapsed=09:55:56 eta=85:14:02 val_mrr=0.436237
[TRAIN] 2026-04-25 20:09:32 step=7010/67071 (10.45%) epoch=1/3 epoch_step=7010/22357 (31.35%) loss=0.200034 lr=0.000999937 elapsed=09:56:19 eta=85:09:10 val_mrr=0.436237
[TRAIN] 2026-04-25 20:09:54 step=7020/67071 (10.47%) epoch=1/3 epoch_step=7020/22357 (31.40%) loss=0.222494 lr=0.000999933 elapsed=09:56:42 eta=85:04:18 val_mrr=0.436237
[TRAIN] 2026-04-25 20:10:17 step=7030/67071 (10.48%) epoch=1/3 epoch_step=7030/22357 (31.44%) loss=0.203071 lr=0.000999929 elapsed=09:57:05 eta=84:59:27 val_mrr=0.436237
[TRAIN] 2026-04-25 20:10:39 step=7040/67071 (10.50%) epoch=1/3 epoch_step=7040/22357 (31.49%) loss=0.198374 lr=0.000999925 elapsed=09:57:27 eta=84:54:30 val_mrr=0.436237
[TRAIN] 2026-04-25 20:11:02 step=7050/67071 (10.51%) epoch=1/3 epoch_step=7050/22357 (31.53%) loss=0.234845 lr=0.00099992 elapsed=09:57:49 eta=84:49:37 val_mrr=0.436237
[TRAIN] 2026-04-25 20:11:24 step=7060/67071 (10.53%) epoch=1/3 epoch_step=7060/22357 (31.58%) loss=0.196748 lr=0.000999915 elapsed=09:58:11 eta=84:44:40 val_mrr=0.436237
[TRAIN] 2026-04-25 20:11:46 step=7070/67071 (10.54%) epoch=1/3 epoch_step=7070/22357 (31.62%) loss=0.209003 lr=0.00099991 elapsed=09:58:34 eta=84:39:49 val_mrr=0.436237
[TRAIN] 2026-04-25 20:12:08 step=7080/67071 (10.56%) epoch=1/3 epoch_step=7080/22357 (31.67%) loss=0.231133 lr=0.000999905 elapsed=09:58:56 eta=84:34:54 val_mrr=0.436237
[TRAIN] 2026-04-25 20:12:31 step=7090/67071 (10.57%) epoch=1/3 epoch_step=7090/22357 (31.71%) loss=0.200473 lr=0.0009999 elapsed=09:59:18 eta=84:30:05 val_mrr=0.436237
[TRAIN] 2026-04-25 20:12:54 step=7100/67071 (10.59%) epoch=1/3 epoch_step=7100/22357 (31.76%) loss=0.182582 lr=0.000999895 elapsed=09:59:41 eta=84:25:20 val_mrr=0.436237
[TRAIN] 2026-04-25 20:13:15 step=7110/67071 (10.60%) epoch=1/3 epoch_step=7110/22357 (31.80%) loss=0.193587 lr=0.00099989 elapsed=10:00:03 eta=84:20:22 val_mrr=0.436237
[TRAIN] 2026-04-25 20:13:36 step=7120/67071 (10.62%) epoch=1/3 epoch_step=7120/22357 (31.85%) loss=0.205366 lr=0.000999884 elapsed=10:00:24 eta=84:15:24 val_mrr=0.436237
[TRAIN] 2026-04-25 20:13:59 step=7130/67071 (10.63%) epoch=1/3 epoch_step=7130/22357 (31.89%) loss=0.204296 lr=0.000999878 elapsed=10:00:46 eta=84:10:38 val_mrr=0.436237
[TRAIN] 2026-04-25 20:14:22 step=7140/67071 (10.65%) epoch=1/3 epoch_step=7140/22357 (31.94%) loss=0.227202 lr=0.000999873 elapsed=10:01:10 eta=84:05:57 val_mrr=0.436237
[TRAIN] 2026-04-25 20:14:45 step=7150/67071 (10.66%) epoch=1/3 epoch_step=7150/22357 (31.98%) loss=0.223235 lr=0.000999867 elapsed=10:01:32 eta=84:01:12 val_mrr=0.436237
[TRAIN] 2026-04-25 20:15:07 step=7160/67071 (10.68%) epoch=1/3 epoch_step=7160/22357 (32.03%) loss=0.227291 lr=0.00099986 elapsed=10:01:54 eta=83:56:22 val_mrr=0.436237
[TRAIN] 2026-04-25 20:15:29 step=7170/67071 (10.69%) epoch=1/3 epoch_step=7170/22357 (32.07%) loss=0.208382 lr=0.000999854 elapsed=10:02:16 eta=83:51:33 val_mrr=0.436237
[TRAIN] 2026-04-25 20:15:50 step=7180/67071 (10.71%) epoch=1/3 epoch_step=7180/22357 (32.12%) loss=0.200008 lr=0.000999848 elapsed=10:02:37 eta=83:46:43 val_mrr=0.436237
[TRAIN] 2026-04-25 20:16:12 step=7190/67071 (10.72%) epoch=1/3 epoch_step=7190/22357 (32.16%) loss=0.201927 lr=0.000999841 elapsed=10:03:00 eta=83:41:57 val_mrr=0.436237
[TRAIN] 2026-04-25 20:16:35 step=7200/67071 (10.73%) epoch=1/3 epoch_step=7200/22357 (32.20%) loss=0.207912 lr=0.000999835 elapsed=10:03:23 eta=83:37:21 val_mrr=0.436237
[TRAIN] 2026-04-25 20:16:58 step=7210/67071 (10.75%) epoch=1/3 epoch_step=7210/22357 (32.25%) loss=0.226808 lr=0.000999828 elapsed=10:03:45 eta=83:32:39 val_mrr=0.436237
[TRAIN] 2026-04-25 20:17:20 step=7220/67071 (10.76%) epoch=1/3 epoch_step=7220/22357 (32.29%) loss=0.215409 lr=0.000999821 elapsed=10:04:08 eta=83:28:00 val_mrr=0.436237
[TRAIN] 2026-04-25 20:17:42 step=7230/67071 (10.78%) epoch=1/3 epoch_step=7230/22357 (32.34%) loss=0.200578 lr=0.000999814 elapsed=10:04:29 eta=83:23:12 val_mrr=0.436237
[TRAIN] 2026-04-25 20:18:04 step=7240/67071 (10.79%) epoch=1/3 epoch_step=7240/22357 (32.38%) loss=0.224677 lr=0.000999807 elapsed=10:04:51 eta=83:18:30 val_mrr=0.436237
[TRAIN] 2026-04-25 20:18:26 step=7250/67071 (10.81%) epoch=1/3 epoch_step=7250/22357 (32.43%) loss=0.202655 lr=0.0009998 elapsed=10:05:13 eta=83:13:46 val_mrr=0.436237
[TRAIN] 2026-04-25 20:18:49 step=7260/67071 (10.82%) epoch=1/3 epoch_step=7260/22357 (32.47%) loss=0.232319 lr=0.000999792 elapsed=10:05:36 eta=83:09:12 val_mrr=0.436237
[TRAIN] 2026-04-25 20:19:11 step=7270/67071 (10.84%) epoch=1/3 epoch_step=7270/22357 (32.52%) loss=0.181893 lr=0.000999785 elapsed=10:05:58 eta=83:04:34 val_mrr=0.436237
[TRAIN] 2026-04-25 20:19:34 step=7280/67071 (10.85%) epoch=1/3 epoch_step=7280/22357 (32.56%) loss=0.202951 lr=0.000999777 elapsed=10:06:21 eta=82:59:59 val_mrr=0.436237
[TRAIN] 2026-04-25 20:19:55 step=7290/67071 (10.87%) epoch=1/3 epoch_step=7290/22357 (32.61%) loss=0.211532 lr=0.000999769 elapsed=10:06:42 eta=82:55:13 val_mrr=0.436237
[TRAIN] 2026-04-25 20:20:18 step=7300/67071 (10.88%) epoch=1/3 epoch_step=7300/22357 (32.65%) loss=0.195978 lr=0.000999761 elapsed=10:07:05 eta=82:50:41 val_mrr=0.436237
[TRAIN] 2026-04-25 20:20:40 step=7310/67071 (10.90%) epoch=1/3 epoch_step=7310/22357 (32.70%) loss=0.189880 lr=0.000999753 elapsed=10:07:28 eta=82:46:07 val_mrr=0.436237
[TRAIN] 2026-04-25 20:21:02 step=7320/67071 (10.91%) epoch=1/3 epoch_step=7320/22357 (32.74%) loss=0.198401 lr=0.000999745 elapsed=10:07:49 eta=82:41:29 val_mrr=0.436237
[TRAIN] 2026-04-25 20:21:24 step=7330/67071 (10.93%) epoch=1/3 epoch_step=7330/22357 (32.79%) loss=0.187546 lr=0.000999736 elapsed=10:08:12 eta=82:36:56 val_mrr=0.436237
[TRAIN] 2026-04-25 20:21:46 step=7340/67071 (10.94%) epoch=1/3 epoch_step=7340/22357 (32.83%) loss=0.199939 lr=0.000999728 elapsed=10:08:33 eta=82:32:15 val_mrr=0.436237
[TRAIN] 2026-04-25 20:22:08 step=7350/67071 (10.96%) epoch=1/3 epoch_step=7350/22357 (32.88%) loss=0.199323 lr=0.000999719 elapsed=10:08:56 eta=82:27:44 val_mrr=0.436237
[TRAIN] 2026-04-25 20:22:30 step=7360/67071 (10.97%) epoch=1/3 epoch_step=7360/22357 (32.92%) loss=0.199978 lr=0.00099971 elapsed=10:09:18 eta=82:23:08 val_mrr=0.436237
[TRAIN] 2026-04-25 20:22:52 step=7370/67071 (10.99%) epoch=1/3 epoch_step=7370/22357 (32.97%) loss=0.236700 lr=0.000999702 elapsed=10:09:39 eta=82:18:30 val_mrr=0.436237
[TRAIN] 2026-04-25 20:23:14 step=7380/67071 (11.00%) epoch=1/3 epoch_step=7380/22357 (33.01%) loss=0.200335 lr=0.000999693 elapsed=10:10:01 eta=82:13:57 val_mrr=0.436237
[TRAIN] 2026-04-25 20:23:36 step=7390/67071 (11.02%) epoch=1/3 epoch_step=7390/22357 (33.05%) loss=0.222223 lr=0.000999683 elapsed=10:10:24 eta=82:09:29 val_mrr=0.436237
[TRAIN] 2026-04-25 20:24:00 step=7400/67071 (11.03%) epoch=1/3 epoch_step=7400/22357 (33.10%) loss=0.208367 lr=0.000999674 elapsed=10:10:47 eta=82:05:10 val_mrr=0.436237
[TRAIN] 2026-04-25 20:24:22 step=7410/67071 (11.05%) epoch=1/3 epoch_step=7410/22357 (33.14%) loss=0.208959 lr=0.000999665 elapsed=10:11:10 eta=82:00:44 val_mrr=0.436237
[TRAIN] 2026-04-25 20:24:45 step=7420/67071 (11.06%) epoch=1/3 epoch_step=7420/22357 (33.19%) loss=0.205051 lr=0.000999655 elapsed=10:11:33 eta=81:56:19 val_mrr=0.436237
[TRAIN] 2026-04-25 20:25:08 step=7430/67071 (11.08%) epoch=1/3 epoch_step=7430/22357 (33.23%) loss=0.198889 lr=0.000999645 elapsed=10:11:55 eta=81:51:55 val_mrr=0.436237
[TRAIN] 2026-04-25 20:25:31 step=7440/67071 (11.09%) epoch=1/3 epoch_step=7440/22357 (33.28%) loss=0.208447 lr=0.000999635 elapsed=10:12:18 eta=81:47:34 val_mrr=0.436237
[TRAIN] 2026-04-25 20:25:53 step=7450/67071 (11.11%) epoch=1/3 epoch_step=7450/22357 (33.32%) loss=0.185266 lr=0.000999625 elapsed=10:12:41 eta=81:43:10 val_mrr=0.436237
[TRAIN] 2026-04-25 20:26:16 step=7460/67071 (11.12%) epoch=1/3 epoch_step=7460/22357 (33.37%) loss=0.193752 lr=0.000999615 elapsed=10:13:03 eta=81:38:46 val_mrr=0.436237
[TRAIN] 2026-04-25 20:26:38 step=7470/67071 (11.14%) epoch=1/3 epoch_step=7470/22357 (33.41%) loss=0.212966 lr=0.000999605 elapsed=10:13:25 eta=81:34:19 val_mrr=0.436237
[TRAIN] 2026-04-25 20:27:00 step=7480/67071 (11.15%) epoch=1/3 epoch_step=7480/22357 (33.46%) loss=0.215162 lr=0.000999594 elapsed=10:13:48 eta=81:29:57 val_mrr=0.436237
[TRAIN] 2026-04-25 20:27:23 step=7490/67071 (11.17%) epoch=1/3 epoch_step=7490/22357 (33.50%) loss=0.190381 lr=0.000999584 elapsed=10:14:11 eta=81:25:36 val_mrr=0.436237
[STAGE] 2026-04-25 20:27:46 val prep subsets global=50000 art_art=1986 art_any=50000
[STAGE] 2026-04-25 20:27:46 val prep negatives global=50000 art_art=1986 art_any=50000
[STAGE] 2026-04-25 20:27:46 val start step=7500 epoch=0 task=relation_ranking subset=global triples=50000 batches=98 eval_batch_size=512
[STAGE] 2026-04-25 20:32:28 val start step=7500 epoch=0 task=triple_scoring subset=global triples=50000 batches=98 eval_batch_size=512
[STAGE] 2026-04-25 20:38:51 val start step=7500 epoch=0 task=relation_ranking subset=art_art triples=1986 batches=4 eval_batch_size=512
[STAGE] 2026-04-25 20:39:10 val start step=7500 epoch=0 task=triple_scoring subset=art_art triples=1986 batches=4 eval_batch_size=512
[STAGE] 2026-04-25 20:39:35 val start step=7500 epoch=0 task=relation_ranking subset=art_any triples=50000 batches=98 eval_batch_size=512
[STAGE] 2026-04-25 20:44:33 val start step=7500 epoch=0 task=triple_scoring subset=art_any triples=50000 batches=98 eval_batch_size=512
[VAL] 2026-04-25 20:53:22 step=7500 epoch=0 mrr=0.386334 aucpr=0.971698 art_art_mrr=0.377289 art_art_aucpr=0.838458 art_any_mrr=0.386181 art_any_aucpr=0.896314
[TRAIN] 2026-04-25 20:53:23 step=7500/67071 (11.18%) epoch=1/3 epoch_step=7500/22357 (33.55%) loss=0.222161 lr=0.000999573 elapsed=10:40:10 eta=84:44:45 val_mrr=0.436237
[TRAIN] 2026-04-25 20:53:44 step=7510/67071 (11.20%) epoch=1/3 epoch_step=7510/22357 (33.59%) loss=0.193203 lr=0.000999562 elapsed=10:40:32 eta=84:39:57 val_mrr=0.436237
[TRAIN] 2026-04-25 20:54:06 step=7520/67071 (11.21%) epoch=1/3 epoch_step=7520/22357 (33.64%) loss=0.180822 lr=0.000999552 elapsed=10:40:53 eta=84:35:13 val_mrr=0.436237
[TRAIN] 2026-04-25 20:54:29 step=7530/67071 (11.23%) epoch=1/3 epoch_step=7530/22357 (33.68%) loss=0.228764 lr=0.00099954 elapsed=10:41:16 eta=84:30:37 val_mrr=0.436237
[TRAIN] 2026-04-25 20:54:52 step=7540/67071 (11.24%) epoch=1/3 epoch_step=7540/22357 (33.73%) loss=0.218427 lr=0.000999529 elapsed=10:41:39 eta=84:26:04 val_mrr=0.436237
[TRAIN] 2026-04-25 20:55:14 step=7550/67071 (11.26%) epoch=1/3 epoch_step=7550/22357 (33.77%) loss=0.225991 lr=0.000999518 elapsed=10:42:02 eta=84:21:29 val_mrr=0.436237
[TRAIN] 2026-04-25 20:55:37 step=7560/67071 (11.27%) epoch=1/3 epoch_step=7560/22357 (33.81%) loss=0.215911 lr=0.000999506 elapsed=10:42:24 eta=84:16:53 val_mrr=0.436237
[TRAIN] 2026-04-25 20:56:00 step=7570/67071 (11.29%) epoch=1/3 epoch_step=7570/22357 (33.86%) loss=0.188461 lr=0.000999495 elapsed=10:42:47 eta=84:12:21 val_mrr=0.436237
[TRAIN] 2026-04-25 20:56:21 step=7580/67071 (11.30%) epoch=1/3 epoch_step=7580/22357 (33.90%) loss=0.208878 lr=0.000999483 elapsed=10:43:09 eta=84:07:41 val_mrr=0.436237
[TRAIN] 2026-04-25 20:56:43 step=7590/67071 (11.32%) epoch=1/3 epoch_step=7590/22357 (33.95%) loss=0.196702 lr=0.000999471 elapsed=10:43:31 eta=84:03:03 val_mrr=0.436237
[TRAIN] 2026-04-25 20:57:07 step=7600/67071 (11.33%) epoch=1/3 epoch_step=7600/22357 (33.99%) loss=0.192878 lr=0.000999459 elapsed=10:43:54 eta=83:58:38 val_mrr=0.436237
[TRAIN] 2026-04-25 20:57:30 step=7610/67071 (11.35%) epoch=1/3 epoch_step=7610/22357 (34.04%) loss=0.192659 lr=0.000999447 elapsed=10:44:17 eta=83:54:10 val_mrr=0.436237
[TRAIN] 2026-04-25 20:57:52 step=7620/67071 (11.36%) epoch=1/3 epoch_step=7620/22357 (34.08%) loss=0.191690 lr=0.000999435 elapsed=10:44:40 eta=83:49:38 val_mrr=0.436237
[TRAIN] 2026-04-25 20:58:15 step=7630/67071 (11.38%) epoch=1/3 epoch_step=7630/22357 (34.13%) loss=0.197608 lr=0.000999422 elapsed=10:45:02 eta=83:45:08 val_mrr=0.436237
[TRAIN] 2026-04-25 20:58:37 step=7640/67071 (11.39%) epoch=1/3 epoch_step=7640/22357 (34.17%) loss=0.235038 lr=0.00099941 elapsed=10:45:24 eta=83:40:34 val_mrr=0.436237
[TRAIN] 2026-04-25 20:58:59 step=7650/67071 (11.41%) epoch=1/3 epoch_step=7650/22357 (34.22%) loss=0.172402 lr=0.000999397 elapsed=10:45:47 eta=83:36:02 val_mrr=0.436237
[TRAIN] 2026-04-25 20:59:23 step=7660/67071 (11.42%) epoch=1/3 epoch_step=7660/22357 (34.26%) loss=0.221923 lr=0.000999384 elapsed=10:46:10 eta=83:31:42 val_mrr=0.436237
[TRAIN] 2026-04-25 20:59:46 step=7670/67071 (11.44%) epoch=1/3 epoch_step=7670/22357 (34.31%) loss=0.212578 lr=0.000999371 elapsed=10:46:33 eta=83:27:15 val_mrr=0.436237
[TRAIN] 2026-04-25 21:00:08 step=7680/67071 (11.45%) epoch=1/3 epoch_step=7680/22357 (34.35%) loss=0.198292 lr=0.000999358 elapsed=10:46:55 eta=83:22:47 val_mrr=0.436237
[TRAIN] 2026-04-25 21:00:31 step=7690/67071 (11.47%) epoch=1/3 epoch_step=7690/22357 (34.40%) loss=0.234291 lr=0.000999345 elapsed=10:47:18 eta=83:18:24 val_mrr=0.436237
[TRAIN] 2026-04-25 21:00:55 step=7700/67071 (11.48%) epoch=1/3 epoch_step=7700/22357 (34.44%) loss=0.188602 lr=0.000999331 elapsed=10:47:42 eta=83:14:05 val_mrr=0.436237
[TRAIN] 2026-04-25 21:01:17 step=7710/67071 (11.50%) epoch=1/3 epoch_step=7710/22357 (34.49%) loss=0.210258 lr=0.000999318 elapsed=10:48:05 eta=83:09:42 val_mrr=0.436237
[TRAIN] 2026-04-25 21:01:40 step=7720/67071 (11.51%) epoch=1/3 epoch_step=7720/22357 (34.53%) loss=0.205891 lr=0.000999304 elapsed=10:48:28 eta=83:05:19 val_mrr=0.436237
[TRAIN] 2026-04-25 21:02:03 step=7730/67071 (11.53%) epoch=1/3 epoch_step=7730/22357 (34.58%) loss=0.193690 lr=0.00099929 elapsed=10:48:50 eta=83:00:55 val_mrr=0.436237
[TRAIN] 2026-04-25 21:02:26 step=7740/67071 (11.54%) epoch=1/3 epoch_step=7740/22357 (34.62%) loss=0.218888 lr=0.000999276 elapsed=10:49:13 eta=82:56:35 val_mrr=0.436237
[TRAIN] 2026-04-25 21:02:48 step=7750/67071 (11.55%) epoch=1/3 epoch_step=7750/22357 (34.66%) loss=0.214867 lr=0.000999262 elapsed=10:49:36 eta=82:52:13 val_mrr=0.436237
[TRAIN] 2026-04-25 21:03:10 step=7760/67071 (11.57%) epoch=1/3 epoch_step=7760/22357 (34.71%) loss=0.182053 lr=0.000999248 elapsed=10:49:58 eta=82:47:47 val_mrr=0.436237
[TRAIN] 2026-04-25 21:03:32 step=7770/67071 (11.58%) epoch=1/3 epoch_step=7770/22357 (34.75%) loss=0.216355 lr=0.000999234 elapsed=10:50:19 eta=82:43:15 val_mrr=0.436237
[TRAIN] 2026-04-25 21:03:54 step=7780/67071 (11.60%) epoch=1/3 epoch_step=7780/22357 (34.80%) loss=0.192114 lr=0.000999219 elapsed=10:50:41 eta=82:38:49 val_mrr=0.436237
[TRAIN] 2026-04-25 21:04:16 step=7790/67071 (11.61%) epoch=1/3 epoch_step=7790/22357 (34.84%) loss=0.199542 lr=0.000999205 elapsed=10:51:04 eta=82:34:31 val_mrr=0.436237
[TRAIN] 2026-04-25 21:04:40 step=7800/67071 (11.63%) epoch=1/3 epoch_step=7800/22357 (34.89%) loss=0.219254 lr=0.00099919 elapsed=10:51:28 eta=82:30:20 val_mrr=0.436237
[TRAIN] 2026-04-25 21:05:04 step=7810/67071 (11.64%) epoch=1/3 epoch_step=7810/22357 (34.93%) loss=0.231212 lr=0.000999175 elapsed=10:51:52 eta=82:26:12 val_mrr=0.436237
[TRAIN] 2026-04-25 21:05:26 step=7820/67071 (11.66%) epoch=1/3 epoch_step=7820/22357 (34.98%) loss=0.212460 lr=0.00099916 elapsed=10:52:14 eta=82:21:50 val_mrr=0.436237
[TRAIN] 2026-04-25 21:05:48 step=7830/67071 (11.67%) epoch=1/3 epoch_step=7830/22357 (35.02%) loss=0.244722 lr=0.000999145 elapsed=10:52:35 eta=82:17:23 val_mrr=0.436237
[TRAIN] 2026-04-25 21:06:10 step=7840/67071 (11.69%) epoch=1/3 epoch_step=7840/22357 (35.07%) loss=0.231264 lr=0.00099913 elapsed=10:52:57 eta=82:13:02 val_mrr=0.436237
[TRAIN] 2026-04-25 21:06:33 step=7850/67071 (11.70%) epoch=1/3 epoch_step=7850/22357 (35.11%) loss=0.182344 lr=0.000999114 elapsed=10:53:20 eta=82:08:50 val_mrr=0.436237
[TRAIN] 2026-04-25 21:06:56 step=7860/67071 (11.72%) epoch=1/3 epoch_step=7860/22357 (35.16%) loss=0.226143 lr=0.000999099 elapsed=10:53:43 eta=82:04:37 val_mrr=0.436237
[TRAIN] 2026-04-25 21:07:19 step=7870/67071 (11.73%) epoch=1/3 epoch_step=7870/22357 (35.20%) loss=0.212667 lr=0.000999083 elapsed=10:54:06 eta=82:00:25 val_mrr=0.436237
[TRAIN] 2026-04-25 21:07:42 step=7880/67071 (11.75%) epoch=1/3 epoch_step=7880/22357 (35.25%) loss=0.205154 lr=0.000999067 elapsed=10:54:29 eta=81:56:14 val_mrr=0.436237
[TRAIN] 2026-04-25 21:08:05 step=7890/67071 (11.76%) epoch=1/3 epoch_step=7890/22357 (35.29%) loss=0.189417 lr=0.000999051 elapsed=10:54:52 eta=81:52:02 val_mrr=0.436237
[TRAIN] 2026-04-25 21:08:29 step=7900/67071 (11.78%) epoch=1/3 epoch_step=7900/22357 (35.34%) loss=0.209560 lr=0.000999035 elapsed=10:55:16 eta=81:47:56 val_mrr=0.436237
[TRAIN] 2026-04-25 21:08:51 step=7910/67071 (11.79%) epoch=1/3 epoch_step=7910/22357 (35.38%) loss=0.185805 lr=0.000999019 elapsed=10:55:38 eta=81:43:39 val_mrr=0.436237
[TRAIN] 2026-04-25 21:09:13 step=7920/67071 (11.81%) epoch=1/3 epoch_step=7920/22357 (35.43%) loss=0.210469 lr=0.000999003 elapsed=10:56:00 eta=81:39:26 val_mrr=0.436237
[TRAIN] 2026-04-25 21:09:35 step=7930/67071 (11.82%) epoch=1/3 epoch_step=7930/22357 (35.47%) loss=0.199104 lr=0.000998986 elapsed=10:56:22 eta=81:35:10 val_mrr=0.436237
[TRAIN] 2026-04-25 21:09:58 step=7940/67071 (11.84%) epoch=1/3 epoch_step=7940/22357 (35.51%) loss=0.194379 lr=0.000998969 elapsed=10:56:45 eta=81:31:00 val_mrr=0.436237
[TRAIN] 2026-04-25 21:10:20 step=7950/67071 (11.85%) epoch=1/3 epoch_step=7950/22357 (35.56%) loss=0.164474 lr=0.000998953 elapsed=10:57:08 eta=81:26:47 val_mrr=0.436237
[TRAIN] 2026-04-25 21:10:43 step=7960/67071 (11.87%) epoch=1/3 epoch_step=7960/22357 (35.60%) loss=0.208099 lr=0.000998936 elapsed=10:57:30 eta=81:22:35 val_mrr=0.436237
[TRAIN] 2026-04-25 21:11:05 step=7970/67071 (11.88%) epoch=1/3 epoch_step=7970/22357 (35.65%) loss=0.184080 lr=0.000998919 elapsed=10:57:53 eta=81:18:27 val_mrr=0.436237
[TRAIN] 2026-04-25 21:11:27 step=7980/67071 (11.90%) epoch=1/3 epoch_step=7980/22357 (35.69%) loss=0.202494 lr=0.000998902 elapsed=10:58:15 eta=81:14:13 val_mrr=0.436237
[TRAIN] 2026-04-25 21:11:50 step=7990/67071 (11.91%) epoch=1/3 epoch_step=7990/22357 (35.74%) loss=0.229981 lr=0.000998884 elapsed=10:58:38 eta=81:10:08 val_mrr=0.436237
[STAGE] 2026-04-25 21:12:13 val prep subsets global=50000 art_art=1986 art_any=50000
[STAGE] 2026-04-25 21:12:13 val prep negatives global=50000 art_art=1986 art_any=50000
[STAGE] 2026-04-25 21:12:13 val start step=8000 epoch=0 task=relation_ranking subset=global triples=50000 batches=98 eval_batch_size=512
[STAGE] 2026-04-25 21:16:56 val start step=8000 epoch=0 task=triple_scoring subset=global triples=50000 batches=98 eval_batch_size=512
[STAGE] 2026-04-25 21:23:00 val start step=8000 epoch=0 task=relation_ranking subset=art_art triples=1986 batches=4 eval_batch_size=512
[STAGE] 2026-04-25 21:23:19 val start step=8000 epoch=0 task=triple_scoring subset=art_art triples=1986 batches=4 eval_batch_size=512
[STAGE] 2026-04-25 21:23:44 val start step=8000 epoch=0 task=relation_ranking subset=art_any triples=50000 batches=98 eval_batch_size=512
[STAGE] 2026-04-25 21:28:33 val start step=8000 epoch=0 task=triple_scoring subset=art_any triples=50000 batches=98 eval_batch_size=512
[VAL] 2026-04-25 21:37:11 step=8000 epoch=0 mrr=0.488147 aucpr=0.972677 art_art_mrr=0.349910 art_art_aucpr=0.831497 art_any_mrr=0.487178 art_any_aucpr=0.910332
[TRAIN] 2026-04-25 21:37:12 step=8000/67071 (11.93%) epoch=1/3 epoch_step=8000/22357 (35.78%) loss=0.171743 lr=0.000998867 elapsed=11:23:59 eta=84:10:29 val_mrr=0.488147
[TRAIN] 2026-04-25 21:37:34 step=8010/67071 (11.94%) epoch=1/3 epoch_step=8010/22357 (35.83%) loss=0.168052 lr=0.000998849 elapsed=11:24:21 eta=84:06:02 val_mrr=0.488147
[TRAIN] 2026-04-25 21:37:58 step=8020/67071 (11.96%) epoch=1/3 epoch_step=8020/22357 (35.87%) loss=0.180525 lr=0.000998831 elapsed=11:24:45 eta=84:01:49 val_mrr=0.488147
[TRAIN] 2026-04-25 21:38:20 step=8030/67071 (11.97%) epoch=1/3 epoch_step=8030/22357 (35.92%) loss=0.200378 lr=0.000998814 elapsed=11:25:08 eta=83:57:28 val_mrr=0.488147
[TRAIN] 2026-04-25 21:38:42 step=8040/67071 (11.99%) epoch=1/3 epoch_step=8040/22357 (35.96%) loss=0.183530 lr=0.000998796 elapsed=11:25:30 eta=83:53:02 val_mrr=0.488147
[TRAIN] 2026-04-25 21:39:04 step=8050/67071 (12.00%) epoch=1/3 epoch_step=8050/22357 (36.01%) loss=0.216556 lr=0.000998778 elapsed=11:25:52 eta=83:48:37 val_mrr=0.488147
[TRAIN] 2026-04-25 21:39:26 step=8060/67071 (12.02%) epoch=1/3 epoch_step=8060/22357 (36.05%) loss=0.209872 lr=0.000998759 elapsed=11:26:14 eta=83:44:12 val_mrr=0.488147
[TRAIN] 2026-04-25 21:39:48 step=8070/67071 (12.03%) epoch=1/3 epoch_step=8070/22357 (36.10%) loss=0.194601 lr=0.000998741 elapsed=11:26:36 eta=83:39:48 val_mrr=0.488147
[TRAIN] 2026-04-25 21:40:11 step=8080/67071 (12.05%) epoch=1/3 epoch_step=8080/22357 (36.14%) loss=0.201434 lr=0.000998722 elapsed=11:26:58 eta=83:35:30 val_mrr=0.488147
[TRAIN] 2026-04-25 21:40:34 step=8090/67071 (12.06%) epoch=1/3 epoch_step=8090/22357 (36.19%) loss=0.207737 lr=0.000998704 elapsed=11:27:21 eta=83:31:13 val_mrr=0.488147
[TRAIN] 2026-04-25 21:40:56 step=8100/67071 (12.08%) epoch=1/3 epoch_step=8100/22357 (36.23%) loss=0.202651 lr=0.000998685 elapsed=11:27:43 eta=83:26:54 val_mrr=0.488147
[TRAIN] 2026-04-25 21:41:18 step=8110/67071 (12.09%) epoch=1/3 epoch_step=8110/22357 (36.27%) loss=0.202631 lr=0.000998666 elapsed=11:28:05 eta=83:22:29 val_mrr=0.488147
[TRAIN] 2026-04-25 21:41:39 step=8120/67071 (12.11%) epoch=1/3 epoch_step=8120/22357 (36.32%) loss=0.218815 lr=0.000998647 elapsed=11:28:27 eta=83:18:05 val_mrr=0.488147
[TRAIN] 2026-04-25 21:42:01 step=8130/67071 (12.12%) epoch=1/3 epoch_step=8130/22357 (36.36%) loss=0.210908 lr=0.000998628 elapsed=11:28:49 eta=83:13:44 val_mrr=0.488147
[TRAIN] 2026-04-25 21:42:23 step=8140/67071 (12.14%) epoch=1/3 epoch_step=8140/22357 (36.41%) loss=0.196823 lr=0.000998608 elapsed=11:29:10 eta=83:09:23 val_mrr=0.488147
[TRAIN] 2026-04-25 21:42:45 step=8150/67071 (12.15%) epoch=1/3 epoch_step=8150/22357 (36.45%) loss=0.219283 lr=0.000998589 elapsed=11:29:33 eta=83:05:07 val_mrr=0.488147
[TRAIN] 2026-04-25 21:43:07 step=8160/67071 (12.17%) epoch=1/3 epoch_step=8160/22357 (36.50%) loss=0.174786 lr=0.000998569 elapsed=11:29:55 eta=83:00:49 val_mrr=0.488147
[TRAIN] 2026-04-25 21:43:30 step=8170/67071 (12.18%) epoch=1/3 epoch_step=8170/22357 (36.54%) loss=0.223373 lr=0.00099855 elapsed=11:30:17 eta=82:56:34 val_mrr=0.488147
[TRAIN] 2026-04-25 21:43:51 step=8180/67071 (12.20%) epoch=1/3 epoch_step=8180/22357 (36.59%) loss=0.243525 lr=0.00099853 elapsed=11:30:39 eta=82:52:14 val_mrr=0.488147
[TRAIN] 2026-04-25 21:44:12 step=8190/67071 (12.21%) epoch=1/3 epoch_step=8190/22357 (36.63%) loss=0.249426 lr=0.00099851 elapsed=11:30:59 eta=82:47:45 val_mrr=0.488147
[TRAIN] 2026-04-25 21:44:35 step=8200/67071 (12.23%) epoch=1/3 epoch_step=8200/22357 (36.68%) loss=0.203806 lr=0.00099849 elapsed=11:31:22 eta=82:43:35 val_mrr=0.488147
[TRAIN] 2026-04-25 21:44:58 step=8210/67071 (12.24%) epoch=1/3 epoch_step=8210/22357 (36.72%) loss=0.186162 lr=0.000998469 elapsed=11:31:45 eta=82:39:26 val_mrr=0.488147
[TRAIN] 2026-04-25 21:45:19 step=8220/67071 (12.26%) epoch=1/3 epoch_step=8220/22357 (36.77%) loss=0.194611 lr=0.000998449 elapsed=11:32:07 eta=82:35:10 val_mrr=0.488147
[TRAIN] 2026-04-25 21:45:42 step=8230/67071 (12.27%) epoch=1/3 epoch_step=8230/22357 (36.81%) loss=0.182846 lr=0.000998428 elapsed=11:32:29 eta=82:30:58 val_mrr=0.488147
[TRAIN] 2026-04-25 21:46:03 step=8240/67071 (12.29%) epoch=1/3 epoch_step=8240/22357 (36.86%) loss=0.223860 lr=0.000998408 elapsed=11:32:50 eta=82:26:39 val_mrr=0.488147
[TRAIN] 2026-04-25 21:46:25 step=8250/67071 (12.30%) epoch=1/3 epoch_step=8250/22357 (36.90%) loss=0.163134 lr=0.000998387 elapsed=11:33:13 eta=82:22:27 val_mrr=0.488147
[TRAIN] 2026-04-25 21:46:48 step=8260/67071 (12.32%) epoch=1/3 epoch_step=8260/22357 (36.95%) loss=0.186619 lr=0.000998366 elapsed=11:33:35 eta=82:18:19 val_mrr=0.488147
[TRAIN] 2026-04-25 21:47:10 step=8270/67071 (12.33%) epoch=1/3 epoch_step=8270/22357 (36.99%) loss=0.212008 lr=0.000998345 elapsed=11:33:58 eta=82:14:12 val_mrr=0.488147
[TRAIN] 2026-04-25 21:47:34 step=8280/67071 (12.35%) epoch=1/3 epoch_step=8280/22357 (37.04%) loss=0.179210 lr=0.000998324 elapsed=11:34:21 eta=82:10:09 val_mrr=0.488147
[TRAIN] 2026-04-25 21:47:56 step=8290/67071 (12.36%) epoch=1/3 epoch_step=8290/22357 (37.08%) loss=0.182892 lr=0.000998302 elapsed=11:34:44 eta=82:06:02 val_mrr=0.488147
[TRAIN] 2026-04-25 21:48:20 step=8300/67071 (12.37%) epoch=1/3 epoch_step=8300/22357 (37.12%) loss=0.197710 lr=0.000998281 elapsed=11:35:07 eta=82:02:03 val_mrr=0.488147
[TRAIN] 2026-04-25 21:48:41 step=8310/67071 (12.39%) epoch=1/3 epoch_step=8310/22357 (37.17%) loss=0.154996 lr=0.000998259 elapsed=11:35:29 eta=81:57:50 val_mrr=0.488147
[TRAIN] 2026-04-25 21:49:04 step=8320/67071 (12.40%) epoch=1/3 epoch_step=8320/22357 (37.21%) loss=0.165669 lr=0.000998237 elapsed=11:35:51 eta=81:53:41 val_mrr=0.488147
[TRAIN] 2026-04-25 21:49:26 step=8330/67071 (12.42%) epoch=1/3 epoch_step=8330/22357 (37.26%) loss=0.190816 lr=0.000998215 elapsed=11:36:13 eta=81:49:35 val_mrr=0.488147
[TRAIN] 2026-04-25 21:49:49 step=8340/67071 (12.43%) epoch=1/3 epoch_step=8340/22357 (37.30%) loss=0.195754 lr=0.000998193 elapsed=11:36:36 eta=81:45:34 val_mrr=0.488147
[TRAIN] 2026-04-25 21:50:12 step=8350/67071 (12.45%) epoch=1/3 epoch_step=8350/22357 (37.35%) loss=0.204964 lr=0.000998171 elapsed=11:36:59 eta=81:41:32 val_mrr=0.488147
[TRAIN] 2026-04-25 21:50:34 step=8360/67071 (12.46%) epoch=1/3 epoch_step=8360/22357 (37.39%) loss=0.206709 lr=0.000998149 elapsed=11:37:21 eta=81:37:24 val_mrr=0.488147
[TRAIN] 2026-04-25 21:50:57 step=8370/67071 (12.48%) epoch=1/3 epoch_step=8370/22357 (37.44%) loss=0.205320 lr=0.000998126 elapsed=11:37:44 eta=81:33:22 val_mrr=0.488147
[TRAIN] 2026-04-25 21:51:19 step=8380/67071 (12.49%) epoch=1/3 epoch_step=8380/22357 (37.48%) loss=0.166528 lr=0.000998104 elapsed=11:38:06 eta=81:29:17 val_mrr=0.488147
[TRAIN] 2026-04-25 21:51:41 step=8390/67071 (12.51%) epoch=1/3 epoch_step=8390/22357 (37.53%) loss=0.196810 lr=0.000998081 elapsed=11:38:28 eta=81:25:13 val_mrr=0.488147
[TRAIN] 2026-04-25 21:52:04 step=8400/67071 (12.52%) epoch=1/3 epoch_step=8400/22357 (37.57%) loss=0.166653 lr=0.000998058 elapsed=11:38:51 eta=81:21:16 val_mrr=0.488147
[TRAIN] 2026-04-25 21:52:27 step=8410/67071 (12.54%) epoch=1/3 epoch_step=8410/22357 (37.62%) loss=0.209841 lr=0.000998035 elapsed=11:39:14 eta=81:17:15 val_mrr=0.488147
[TRAIN] 2026-04-25 21:52:49 step=8420/67071 (12.55%) epoch=1/3 epoch_step=8420/22357 (37.66%) loss=0.184894 lr=0.000998012 elapsed=11:39:37 eta=81:13:17 val_mrr=0.488147
[TRAIN] 2026-04-25 21:53:12 step=8430/67071 (12.57%) epoch=1/3 epoch_step=8430/22357 (37.71%) loss=0.192854 lr=0.000997989 elapsed=11:39:59 eta=81:09:17 val_mrr=0.488147
[TRAIN] 2026-04-25 21:53:34 step=8440/67071 (12.58%) epoch=1/3 epoch_step=8440/22357 (37.75%) loss=0.235502 lr=0.000997966 elapsed=11:40:21 eta=81:05:15 val_mrr=0.488147
[TRAIN] 2026-04-25 21:53:55 step=8450/67071 (12.60%) epoch=1/3 epoch_step=8450/22357 (37.80%) loss=0.231419 lr=0.000997942 elapsed=11:40:43 eta=81:01:06 val_mrr=0.488147
[TRAIN] 2026-04-25 21:54:17 step=8460/67071 (12.61%) epoch=1/3 epoch_step=8460/22357 (37.84%) loss=0.169211 lr=0.000997918 elapsed=11:41:05 eta=80:57:04 val_mrr=0.488147
[TRAIN] 2026-04-25 21:54:40 step=8470/67071 (12.63%) epoch=1/3 epoch_step=8470/22357 (37.89%) loss=0.201608 lr=0.000997895 elapsed=11:41:28 eta=80:53:11 val_mrr=0.488147
[TRAIN] 2026-04-25 21:55:03 step=8480/67071 (12.64%) epoch=1/3 epoch_step=8480/22357 (37.93%) loss=0.196430 lr=0.000997871 elapsed=11:41:50 eta=80:49:14 val_mrr=0.488147
[TRAIN] 2026-04-25 21:55:26 step=8490/67071 (12.66%) epoch=1/3 epoch_step=8490/22357 (37.97%) loss=0.206020 lr=0.000997847 elapsed=11:42:14 eta=80:45:23 val_mrr=0.488147
[STAGE] 2026-04-25 21:55:48 val prep subsets global=50000 art_art=1986 art_any=50000
[STAGE] 2026-04-25 21:55:48 val prep negatives global=50000 art_art=1986 art_any=50000
[STAGE] 2026-04-25 21:55:48 val start step=8500 epoch=0 task=relation_ranking subset=global triples=50000 batches=98 eval_batch_size=512
[STAGE] 2026-04-25 22:00:33 val start step=8500 epoch=0 task=triple_scoring subset=global triples=50000 batches=98 eval_batch_size=512
[STAGE] 2026-04-25 22:06:38 val start step=8500 epoch=0 task=relation_ranking subset=art_art triples=1986 batches=4 eval_batch_size=512
[STAGE] 2026-04-25 22:06:56 val start step=8500 epoch=0 task=triple_scoring subset=art_art triples=1986 batches=4 eval_batch_size=512
[STAGE] 2026-04-25 22:07:22 val start step=8500 epoch=0 task=relation_ranking subset=art_any triples=50000 batches=98 eval_batch_size=512
[STAGE] 2026-04-25 22:12:08 val start step=8500 epoch=0 task=triple_scoring subset=art_any triples=50000 batches=98 eval_batch_size=512
[VAL] 2026-04-25 22:20:55 step=8500 epoch=0 mrr=0.387580 aucpr=0.971499 art_art_mrr=0.416661 art_art_aucpr=0.858403 art_any_mrr=0.386790 art_any_aucpr=0.903223
[TRAIN] 2026-04-25 22:20:55 step=8500/67071 (12.67%) epoch=1/3 epoch_step=8500/22357 (38.02%) loss=0.211824 lr=0.000997822 elapsed=12:07:43 eta=83:34:26 val_mrr=0.488147
[TRAIN] 2026-04-25 22:21:18 step=8510/67071 (12.69%) epoch=1/3 epoch_step=8510/22357 (38.06%) loss=0.212118 lr=0.000997798 elapsed=12:08:06 eta=83:30:19 val_mrr=0.488147
[TRAIN] 2026-04-25 22:21:41 step=8520/67071 (12.70%) epoch=1/3 epoch_step=8520/22357 (38.11%) loss=0.205208 lr=0.000997774 elapsed=12:08:28 eta=83:26:09 val_mrr=0.488147
[TRAIN] 2026-04-25 22:22:03 step=8530/67071 (12.72%) epoch=1/3 epoch_step=8530/22357 (38.15%) loss=0.216492 lr=0.000997749 elapsed=12:08:51 eta=83:22:02 val_mrr=0.488147
[TRAIN] 2026-04-25 22:22:27 step=8540/67071 (12.73%) epoch=1/3 epoch_step=8540/22357 (38.20%) loss=0.181212 lr=0.000997724 elapsed=12:09:14 eta=83:17:59 val_mrr=0.488147
[TRAIN] 2026-04-25 22:22:48 step=8550/67071 (12.75%) epoch=1/3 epoch_step=8550/22357 (38.24%) loss=0.209368 lr=0.000997699 elapsed=12:09:36 eta=83:13:45 val_mrr=0.488147
[TRAIN] 2026-04-25 22:23:10 step=8560/67071 (12.76%) epoch=1/3 epoch_step=8560/22357 (38.29%) loss=0.194372 lr=0.000997674 elapsed=12:09:58 eta=83:09:35 val_mrr=0.488147
[TRAIN] 2026-04-25 22:23:34 step=8570/67071 (12.78%) epoch=1/3 epoch_step=8570/22357 (38.33%) loss=0.222951 lr=0.000997649 elapsed=12:10:21 eta=83:05:33 val_mrr=0.488147
[TRAIN] 2026-04-25 22:23:56 step=8580/67071 (12.79%) epoch=1/3 epoch_step=8580/22357 (38.38%) loss=0.198534 lr=0.000997624 elapsed=12:10:43 eta=83:01:25 val_mrr=0.488147
[TRAIN] 2026-04-25 22:24:17 step=8590/67071 (12.81%) epoch=1/3 epoch_step=8590/22357 (38.42%) loss=0.206449 lr=0.000997599 elapsed=12:11:05 eta=82:57:12 val_mrr=0.488147
[TRAIN] 2026-04-25 22:24:40 step=8600/67071 (12.82%) epoch=1/3 epoch_step=8600/22357 (38.47%) loss=0.197565 lr=0.000997573 elapsed=12:11:28 eta=82:53:10 val_mrr=0.488147
[TRAIN] 2026-04-25 22:25:03 step=8610/67071 (12.84%) epoch=1/3 epoch_step=8610/22357 (38.51%) loss=0.208646 lr=0.000997547 elapsed=12:11:50 eta=82:49:07 val_mrr=0.488147
[TRAIN] 2026-04-25 22:25:26 step=8620/67071 (12.85%) epoch=1/3 epoch_step=8620/22357 (38.56%) loss=0.191782 lr=0.000997522 elapsed=12:12:14 eta=82:45:09 val_mrr=0.488147
[TRAIN] 2026-04-25 22:25:51 step=8630/67071 (12.87%) epoch=1/3 epoch_step=8630/22357 (38.60%) loss=0.184195 lr=0.000997496 elapsed=12:12:38 eta=82:41:19 val_mrr=0.488147
[TRAIN] 2026-04-25 22:26:14 step=8640/67071 (12.88%) epoch=1/3 epoch_step=8640/22357 (38.65%) loss=0.199340 lr=0.00099747 elapsed=12:13:02 eta=82:37:21 val_mrr=0.488147
[TRAIN] 2026-04-25 22:26:37 step=8650/67071 (12.90%) epoch=1/3 epoch_step=8650/22357 (38.69%) loss=0.195034 lr=0.000997443 elapsed=12:13:24 eta=82:33:19 val_mrr=0.488147
[TRAIN] 2026-04-25 22:27:00 step=8660/67071 (12.91%) epoch=1/3 epoch_step=8660/22357 (38.74%) loss=0.227730 lr=0.000997417 elapsed=12:13:47 eta=82:29:19 val_mrr=0.488147
[TRAIN] 2026-04-25 22:27:23 step=8670/67071 (12.93%) epoch=1/3 epoch_step=8670/22357 (38.78%) loss=0.159982 lr=0.000997391 elapsed=12:14:10 eta=82:25:19 val_mrr=0.488147
[TRAIN] 2026-04-25 22:27:45 step=8680/67071 (12.94%) epoch=1/3 epoch_step=8680/22357 (38.82%) loss=0.189167 lr=0.000997364 elapsed=12:14:33 eta=82:21:20 val_mrr=0.488147
[TRAIN] 2026-04-25 22:28:08 step=8690/67071 (12.96%) epoch=1/3 epoch_step=8690/22357 (38.87%) loss=0.226157 lr=0.000997337 elapsed=12:14:56 eta=82:17:22 val_mrr=0.488147
[TRAIN] 2026-04-25 22:28:31 step=8700/67071 (12.97%) epoch=1/3 epoch_step=8700/22357 (38.91%) loss=0.232174 lr=0.00099731 elapsed=12:15:19 eta=82:13:25 val_mrr=0.488147
[TRAIN] 2026-04-25 22:28:54 step=8710/67071 (12.99%) epoch=1/3 epoch_step=8710/22357 (38.96%) loss=0.191236 lr=0.000997283 elapsed=12:15:41 eta=82:09:27 val_mrr=0.488147
[TRAIN] 2026-04-25 22:29:17 step=8720/67071 (13.00%) epoch=1/3 epoch_step=8720/22357 (39.00%) loss=0.197719 lr=0.000997256 elapsed=12:16:04 eta=82:05:31 val_mrr=0.488147
[TRAIN] 2026-04-25 22:29:40 step=8730/67071 (13.02%) epoch=1/3 epoch_step=8730/22357 (39.05%) loss=0.197771 lr=0.000997229 elapsed=12:16:28 eta=82:01:39 val_mrr=0.488147
[TRAIN] 2026-04-25 22:30:04 step=8740/67071 (13.03%) epoch=1/3 epoch_step=8740/22357 (39.09%) loss=0.215908 lr=0.000997201 elapsed=12:16:51 eta=81:57:45 val_mrr=0.488147
[TRAIN] 2026-04-25 22:30:27 step=8750/67071 (13.05%) epoch=1/3 epoch_step=8750/22357 (39.14%) loss=0.182386 lr=0.000997174 elapsed=12:17:14 eta=81:53:52 val_mrr=0.488147
[TRAIN] 2026-04-25 22:30:50 step=8760/67071 (13.06%) epoch=1/3 epoch_step=8760/22357 (39.18%) loss=0.184906 lr=0.000997146 elapsed=12:17:38 eta=81:50:02 val_mrr=0.488147
[TRAIN] 2026-04-25 22:31:13 step=8770/67071 (13.08%) epoch=1/3 epoch_step=8770/22357 (39.23%) loss=0.199324 lr=0.000997118 elapsed=12:18:01 eta=81:46:09 val_mrr=0.488147
[TRAIN] 2026-04-25 22:31:36 step=8780/67071 (13.09%) epoch=1/3 epoch_step=8780/22357 (39.27%) loss=0.211261 lr=0.00099709 elapsed=12:18:23 eta=81:42:12 val_mrr=0.488147
[TRAIN] 2026-04-25 22:31:59 step=8790/67071 (13.11%) epoch=1/3 epoch_step=8790/22357 (39.32%) loss=0.229027 lr=0.000997062 elapsed=12:18:47 eta=81:38:22 val_mrr=0.488147
[TRAIN] 2026-04-25 22:32:23 step=8800/67071 (13.12%) epoch=1/3 epoch_step=8800/22357 (39.36%) loss=0.168935 lr=0.000997034 elapsed=12:19:10 eta=81:34:32 val_mrr=0.488147
[TRAIN] 2026-04-25 22:32:46 step=8810/67071 (13.14%) epoch=1/3 epoch_step=8810/22357 (39.41%) loss=0.210360 lr=0.000997006 elapsed=12:19:34 eta=81:30:45 val_mrr=0.488147
[TRAIN] 2026-04-25 22:33:09 step=8820/67071 (13.15%) epoch=1/3 epoch_step=8820/22357 (39.45%) loss=0.204150 lr=0.000996977 elapsed=12:19:57 eta=81:26:53 val_mrr=0.488147
[TRAIN] 2026-04-25 22:33:33 step=8830/67071 (13.17%) epoch=1/3 epoch_step=8830/22357 (39.50%) loss=0.176126 lr=0.000996949 elapsed=12:20:20 eta=81:23:08 val_mrr=0.488147
[TRAIN] 2026-04-25 22:33:56 step=8840/67071 (13.18%) epoch=1/3 epoch_step=8840/22357 (39.54%) loss=0.204139 lr=0.00099692 elapsed=12:20:43 eta=81:19:18 val_mrr=0.488147
[TRAIN] 2026-04-25 22:34:18 step=8850/67071 (13.19%) epoch=1/3 epoch_step=8850/22357 (39.58%) loss=0.178180 lr=0.000996891 elapsed=12:21:06 eta=81:15:25 val_mrr=0.488147
[TRAIN] 2026-04-25 22:34:42 step=8860/67071 (13.21%) epoch=1/3 epoch_step=8860/22357 (39.63%) loss=0.177349 lr=0.000996862 elapsed=12:21:29 eta=81:11:36 val_mrr=0.488147
[TRAIN] 2026-04-25 22:35:04 step=8870/67071 (13.22%) epoch=1/3 epoch_step=8870/22357 (39.67%) loss=0.178921 lr=0.000996833 elapsed=12:21:51 eta=81:07:44 val_mrr=0.488147
[TRAIN] 2026-04-25 22:35:27 step=8880/67071 (13.24%) epoch=1/3 epoch_step=8880/22357 (39.72%) loss=0.181275 lr=0.000996803 elapsed=12:22:15 eta=81:03:58 val_mrr=0.488147
[TRAIN] 2026-04-25 22:35:51 step=8890/67071 (13.25%) epoch=1/3 epoch_step=8890/22357 (39.76%) loss=0.198270 lr=0.000996774 elapsed=12:22:38 eta=81:00:11 val_mrr=0.488147
[TRAIN] 2026-04-25 22:36:14 step=8900/67071 (13.27%) epoch=1/3 epoch_step=8900/22357 (39.81%) loss=0.193094 lr=0.000996744 elapsed=12:23:02 eta=80:56:28 val_mrr=0.488147
[TRAIN] 2026-04-25 22:36:37 step=8910/67071 (13.28%) epoch=1/3 epoch_step=8910/22357 (39.85%) loss=0.197777 lr=0.000996715 elapsed=12:23:25 eta=80:52:43 val_mrr=0.488147
[TRAIN] 2026-04-25 22:37:01 step=8920/67071 (13.30%) epoch=1/3 epoch_step=8920/22357 (39.90%) loss=0.202603 lr=0.000996685 elapsed=12:23:49 eta=80:49:03 val_mrr=0.488147
[TRAIN] 2026-04-25 22:37:25 step=8930/67071 (13.31%) epoch=1/3 epoch_step=8930/22357 (39.94%) loss=0.173968 lr=0.000996655 elapsed=12:24:12 eta=80:45:18 val_mrr=0.488147
[TRAIN] 2026-04-25 22:37:48 step=8940/67071 (13.33%) epoch=1/3 epoch_step=8940/22357 (39.99%) loss=0.205253 lr=0.000996625 elapsed=12:24:35 eta=80:41:34 val_mrr=0.488147
[TRAIN] 2026-04-25 22:38:12 step=8950/67071 (13.34%) epoch=1/3 epoch_step=8950/22357 (40.03%) loss=0.187171 lr=0.000996594 elapsed=12:24:59 eta=80:37:55 val_mrr=0.488147
[TRAIN] 2026-04-25 22:38:35 step=8960/67071 (13.36%) epoch=1/3 epoch_step=8960/22357 (40.08%) loss=0.206105 lr=0.000996564 elapsed=12:25:22 eta=80:34:12 val_mrr=0.488147
[TRAIN] 2026-04-25 22:38:58 step=8970/67071 (13.37%) epoch=1/3 epoch_step=8970/22357 (40.12%) loss=0.191994 lr=0.000996533 elapsed=12:25:46 eta=80:30:28 val_mrr=0.488147
[TRAIN] 2026-04-25 22:39:21 step=8980/67071 (13.39%) epoch=1/3 epoch_step=8980/22357 (40.17%) loss=0.194066 lr=0.000996503 elapsed=12:26:08 eta=80:26:42 val_mrr=0.488147
[TRAIN] 2026-04-25 22:39:44 step=8990/67071 (13.40%) epoch=1/3 epoch_step=8990/22357 (40.21%) loss=0.186375 lr=0.000996472 elapsed=12:26:31 eta=80:23:00 val_mrr=0.488147
[STAGE] 2026-04-25 22:40:08 val prep subsets global=50000 art_art=1986 art_any=50000
[STAGE] 2026-04-25 22:40:08 val prep negatives global=50000 art_art=1986 art_any=50000
[STAGE] 2026-04-25 22:40:08 val start step=9000 epoch=0 task=relation_ranking subset=global triples=50000 batches=98 eval_batch_size=512
[STAGE] 2026-04-25 22:45:08 val start step=9000 epoch=0 task=triple_scoring subset=global triples=50000 batches=98 eval_batch_size=512
[STAGE] 2026-04-25 22:51:27 val start step=9000 epoch=0 task=relation_ranking subset=art_art triples=1986 batches=4 eval_batch_size=512
[STAGE] 2026-04-25 22:51:46 val start step=9000 epoch=0 task=triple_scoring subset=art_art triples=1986 batches=4 eval_batch_size=512
[STAGE] 2026-04-25 22:52:13 val start step=9000 epoch=0 task=relation_ranking subset=art_any triples=50000 batches=98 eval_batch_size=512
[STAGE] 2026-04-25 22:57:14 val start step=9000 epoch=0 task=triple_scoring subset=art_any triples=50000 batches=98 eval_batch_size=512
[VAL] 2026-04-25 23:06:20 step=9000 epoch=0 mrr=0.429638 aucpr=0.970676 art_art_mrr=0.391258 art_art_aucpr=0.855057 art_any_mrr=0.429994 art_any_aucpr=0.898337
[TRAIN] 2026-04-25 23:06:21 step=9000/67071 (13.42%) epoch=1/3 epoch_step=9000/22357 (40.26%) loss=0.198665 lr=0.000996441 elapsed=12:53:08 eta=83:08:32 val_mrr=0.488147
[TRAIN] 2026-04-25 23:06:44 step=9010/67071 (13.43%) epoch=1/3 epoch_step=9010/22357 (40.30%) loss=0.190530 lr=0.00099641 elapsed=12:53:31 eta=83:04:36 val_mrr=0.488147
[TRAIN] 2026-04-25 23:07:06 step=9020/67071 (13.45%) epoch=1/3 epoch_step=9020/22357 (40.35%) loss=0.189812 lr=0.000996379 elapsed=12:53:53 eta=83:00:37 val_mrr=0.488147
[TRAIN] 2026-04-25 23:07:29 step=9030/67071 (13.46%) epoch=1/3 epoch_step=9030/22357 (40.39%) loss=0.210809 lr=0.000996348 elapsed=12:54:17 eta=82:56:43 val_mrr=0.488147
[TRAIN] 2026-04-25 23:07:52 step=9040/67071 (13.48%) epoch=1/3 epoch_step=9040/22357 (40.43%) loss=0.169837 lr=0.000996316 elapsed=12:54:39 eta=82:52:48 val_mrr=0.488147
[TRAIN] 2026-04-25 23:08:15 step=9050/67071 (13.49%) epoch=1/3 epoch_step=9050/22357 (40.48%) loss=0.202590 lr=0.000996284 elapsed=12:55:02 eta=82:48:54 val_mrr=0.488147
[TRAIN] 2026-04-25 23:08:38 step=9060/67071 (13.51%) epoch=1/3 epoch_step=9060/22357 (40.52%) loss=0.186595 lr=0.000996253 elapsed=12:55:25 eta=82:45:00 val_mrr=0.488147
[TRAIN] 2026-04-25 23:09:01 step=9070/67071 (13.52%) epoch=1/3 epoch_step=9070/22357 (40.57%) loss=0.209259 lr=0.000996221 elapsed=12:55:49 eta=82:41:10 val_mrr=0.488147
[TRAIN] 2026-04-25 23:09:24 step=9080/67071 (13.54%) epoch=1/3 epoch_step=9080/22357 (40.61%) loss=0.195807 lr=0.000996189 elapsed=12:56:11 eta=82:37:16 val_mrr=0.488147
[TRAIN] 2026-04-25 23:09:46 step=9090/67071 (13.55%) epoch=1/3 epoch_step=9090/22357 (40.66%) loss=0.178604 lr=0.000996157 elapsed=12:56:33 eta=82:33:17 val_mrr=0.488147
[TRAIN] 2026-04-25 23:10:10 step=9100/67071 (13.57%) epoch=1/3 epoch_step=9100/22357 (40.70%) loss=0.203839 lr=0.000996124 elapsed=12:56:57 eta=82:29:33 val_mrr=0.488147
[TRAIN] 2026-04-25 23:10:34 step=9110/67071 (13.58%) epoch=1/3 epoch_step=9110/22357 (40.75%) loss=0.194926 lr=0.000996092 elapsed=12:57:21 eta=82:25:46 val_mrr=0.488147
[TRAIN] 2026-04-25 23:10:57 step=9120/67071 (13.60%) epoch=1/3 epoch_step=9120/22357 (40.79%) loss=0.213137 lr=0.00099606 elapsed=12:57:44 eta=82:21:58 val_mrr=0.488147
[TRAIN] 2026-04-25 23:11:19 step=9130/67071 (13.61%) epoch=1/3 epoch_step=9130/22357 (40.84%) loss=0.181934 lr=0.000996027 elapsed=12:58:06 eta=82:18:02 val_mrr=0.488147
[TRAIN] 2026-04-25 23:11:42 step=9140/67071 (13.63%) epoch=1/3 epoch_step=9140/22357 (40.88%) loss=0.200805 lr=0.000995994 elapsed=12:58:30 eta=82:14:15 val_mrr=0.488147
[TRAIN] 2026-04-25 23:12:06 step=9150/67071 (13.64%) epoch=1/3 epoch_step=9150/22357 (40.93%) loss=0.195558 lr=0.000995961 elapsed=12:58:53 eta=82:10:27 val_mrr=0.488147
[TRAIN] 2026-04-25 23:12:29 step=9160/67071 (13.66%) epoch=1/3 epoch_step=9160/22357 (40.97%) loss=0.209178 lr=0.000995928 elapsed=12:59:16 eta=82:06:40 val_mrr=0.488147
[TRAIN] 2026-04-25 23:12:53 step=9170/67071 (13.67%) epoch=1/3 epoch_step=9170/22357 (41.02%) loss=0.196830 lr=0.000995895 elapsed=12:59:40 eta=82:02:56 val_mrr=0.488147
[TRAIN] 2026-04-25 23:13:16 step=9180/67071 (13.69%) epoch=1/3 epoch_step=9180/22357 (41.06%) loss=0.187311 lr=0.000995861 elapsed=13:00:03 eta=81:59:12 val_mrr=0.488147
[TRAIN] 2026-04-25 23:13:39 step=9190/67071 (13.70%) epoch=1/3 epoch_step=9190/22357 (41.11%) loss=0.170719 lr=0.000995828 elapsed=13:00:26 eta=81:55:23 val_mrr=0.488147
[TRAIN] 2026-04-25 23:14:02 step=9200/67071 (13.72%) epoch=1/3 epoch_step=9200/22357 (41.15%) loss=0.198589 lr=0.000995794 elapsed=13:00:50 eta=81:51:39 val_mrr=0.488147
[TRAIN] 2026-04-25 23:14:26 step=9210/67071 (13.73%) epoch=1/3 epoch_step=9210/22357 (41.20%) loss=0.183659 lr=0.000995761 elapsed=13:01:13 eta=81:47:55 val_mrr=0.488147
[TRAIN] 2026-04-25 23:14:49 step=9220/67071 (13.75%) epoch=1/3 epoch_step=9220/22357 (41.24%) loss=0.183659 lr=0.000995727 elapsed=13:01:36 eta=81:44:13 val_mrr=0.488147
[TRAIN] 2026-04-25 23:15:13 step=9230/67071 (13.76%) epoch=1/3 epoch_step=9230/22357 (41.28%) loss=0.200413 lr=0.000995693 elapsed=13:02:00 eta=81:40:30 val_mrr=0.488147
[TRAIN] 2026-04-25 23:15:36 step=9240/67071 (13.78%) epoch=1/3 epoch_step=9240/22357 (41.33%) loss=0.201530 lr=0.000995659 elapsed=13:02:24 eta=81:36:49 val_mrr=0.488147
[TRAIN] 2026-04-25 23:15:58 step=9250/67071 (13.79%) epoch=1/3 epoch_step=9250/22357 (41.37%) loss=0.190681 lr=0.000995624 elapsed=13:02:46 eta=81:33:00 val_mrr=0.488147
[TRAIN] 2026-04-25 23:16:22 step=9260/67071 (13.81%) epoch=1/3 epoch_step=9260/22357 (41.42%) loss=0.203484 lr=0.00099559 elapsed=13:03:09 eta=81:29:17 val_mrr=0.488147
[TRAIN] 2026-04-25 23:16:45 step=9270/67071 (13.82%) epoch=1/3 epoch_step=9270/22357 (41.46%) loss=0.173367 lr=0.000995555 elapsed=13:03:33 eta=81:25:37 val_mrr=0.488147
[TRAIN] 2026-04-25 23:17:08 step=9280/67071 (13.84%) epoch=1/3 epoch_step=9280/22357 (41.51%) loss=0.165167 lr=0.000995521 elapsed=13:03:55 eta=81:21:52 val_mrr=0.488147
[TRAIN] 2026-04-25 23:17:31 step=9290/67071 (13.85%) epoch=1/3 epoch_step=9290/22357 (41.55%) loss=0.193927 lr=0.000995486 elapsed=13:04:19 eta=81:18:10 val_mrr=0.488147
[TRAIN] 2026-04-25 23:17:56 step=9300/67071 (13.87%) epoch=1/3 epoch_step=9300/22357 (41.60%) loss=0.210619 lr=0.000995451 elapsed=13:04:43 eta=81:14:38 val_mrr=0.488147
[TRAIN] 2026-04-25 23:18:20 step=9310/67071 (13.88%) epoch=1/3 epoch_step=9310/22357 (41.64%) loss=0.178516 lr=0.000995416 elapsed=13:05:07 eta=81:11:03 val_mrr=0.488147
[TRAIN] 2026-04-25 23:18:44 step=9320/67071 (13.90%) epoch=1/3 epoch_step=9320/22357 (41.69%) loss=0.167902 lr=0.000995381 elapsed=13:05:31 eta=81:07:28 val_mrr=0.488147
[TRAIN] 2026-04-25 23:19:07 step=9330/67071 (13.91%) epoch=1/3 epoch_step=9330/22357 (41.73%) loss=0.188883 lr=0.000995345 elapsed=13:05:54 eta=81:03:46 val_mrr=0.488147
[TRAIN] 2026-04-25 23:19:30 step=9340/67071 (13.93%) epoch=1/3 epoch_step=9340/22357 (41.78%) loss=0.174209 lr=0.00099531 elapsed=13:06:17 eta=81:00:05 val_mrr=0.488147
[TRAIN] 2026-04-25 23:19:53 step=9350/67071 (13.94%) epoch=1/3 epoch_step=9350/22357 (41.82%) loss=0.181530 lr=0.000995274 elapsed=13:06:41 eta=80:56:27 val_mrr=0.488147
[TRAIN] 2026-04-25 23:20:17 step=9360/67071 (13.96%) epoch=1/3 epoch_step=9360/22357 (41.87%) loss=0.150682 lr=0.000995238 elapsed=13:07:04 eta=80:52:52 val_mrr=0.488147
[TRAIN] 2026-04-25 23:20:41 step=9370/67071 (13.97%) epoch=1/3 epoch_step=9370/22357 (41.91%) loss=0.174337 lr=0.000995202 elapsed=13:07:28 eta=80:49:16 val_mrr=0.488147
[TRAIN] 2026-04-25 23:21:04 step=9380/67071 (13.99%) epoch=1/3 epoch_step=9380/22357 (41.96%) loss=0.215099 lr=0.000995166 elapsed=13:07:51 eta=80:45:37 val_mrr=0.488147
[TRAIN] 2026-04-25 23:21:27 step=9390/67071 (14.00%) epoch=1/3 epoch_step=9390/22357 (42.00%) loss=0.188282 lr=0.00099513 elapsed=13:08:14 eta=80:41:59 val_mrr=0.488147
[TRAIN] 2026-04-25 23:21:50 step=9400/67071 (14.01%) epoch=1/3 epoch_step=9400/22357 (42.04%) loss=0.168633 lr=0.000995094 elapsed=13:08:38 eta=80:38:24 val_mrr=0.488147
[TRAIN] 2026-04-25 23:22:14 step=9410/67071 (14.03%) epoch=1/3 epoch_step=9410/22357 (42.09%) loss=0.179609 lr=0.000995057 elapsed=13:09:01 eta=80:34:49 val_mrr=0.488147
[TRAIN] 2026-04-25 23:22:37 step=9420/67071 (14.04%) epoch=1/3 epoch_step=9420/22357 (42.13%) loss=0.190614 lr=0.000995021 elapsed=13:09:24 eta=80:31:12 val_mrr=0.488147
[TRAIN] 2026-04-25 23:23:01 step=9430/67071 (14.06%) epoch=1/3 epoch_step=9430/22357 (42.18%) loss=0.194523 lr=0.000994984 elapsed=13:09:48 eta=80:27:40 val_mrr=0.488147
[TRAIN] 2026-04-25 23:23:24 step=9440/67071 (14.07%) epoch=1/3 epoch_step=9440/22357 (42.22%) loss=0.203373 lr=0.000994947 elapsed=13:10:12 eta=80:24:06 val_mrr=0.488147
[TRAIN] 2026-04-25 23:23:48 step=9450/67071 (14.09%) epoch=1/3 epoch_step=9450/22357 (42.27%) loss=0.217632 lr=0.00099491 elapsed=13:10:36 eta=80:20:38 val_mrr=0.488147
[TRAIN] 2026-04-25 23:24:12 step=9460/67071 (14.10%) epoch=1/3 epoch_step=9460/22357 (42.31%) loss=0.190702 lr=0.000994873 elapsed=13:11:00 eta=80:17:07 val_mrr=0.488147
[TRAIN] 2026-04-25 23:24:37 step=9470/67071 (14.12%) epoch=1/3 epoch_step=9470/22357 (42.36%) loss=0.164803 lr=0.000994836 elapsed=13:11:24 eta=80:13:41 val_mrr=0.488147
[TRAIN] 2026-04-25 23:25:00 step=9480/67071 (14.13%) epoch=1/3 epoch_step=9480/22357 (42.40%) loss=0.175690 lr=0.000994799 elapsed=13:11:48 eta=80:10:09 val_mrr=0.488147
[TRAIN] 2026-04-25 23:25:25 step=9490/67071 (14.15%) epoch=1/3 epoch_step=9490/22357 (42.45%) loss=0.192043 lr=0.000994761 elapsed=13:12:12 eta=80:06:42 val_mrr=0.488147
[STAGE] 2026-04-25 23:25:48 val prep subsets global=50000 art_art=1986 art_any=50000
[STAGE] 2026-04-25 23:25:48 val prep negatives global=50000 art_art=1986 art_any=50000
[STAGE] 2026-04-25 23:25:48 val start step=9500 epoch=0 task=relation_ranking subset=global triples=50000 batches=98 eval_batch_size=512
[STAGE] 2026-04-25 23:30:51 val start step=9500 epoch=0 task=triple_scoring subset=global triples=50000 batches=98 eval_batch_size=512
[STAGE] 2026-04-25 23:37:12 val start step=9500 epoch=0 task=relation_ranking subset=art_art triples=1986 batches=4 eval_batch_size=512
[STAGE] 2026-04-25 23:37:31 val start step=9500 epoch=0 task=triple_scoring subset=art_art triples=1986 batches=4 eval_batch_size=512
[STAGE] 2026-04-25 23:37:58 val start step=9500 epoch=0 task=relation_ranking subset=art_any triples=50000 batches=98 eval_batch_size=512
[STAGE] 2026-04-25 23:42:57 val start step=9500 epoch=0 task=triple_scoring subset=art_any triples=50000 batches=98 eval_batch_size=512
[VAL] 2026-04-25 23:51:57 step=9500 epoch=0 mrr=0.486500 aucpr=0.974401 art_art_mrr=0.414682 art_art_aucpr=0.844679 art_any_mrr=0.485785 art_any_aucpr=0.917056
[TRAIN] 2026-04-25 23:51:58 step=9500/67071 (14.16%) epoch=1/3 epoch_step=9500/22357 (42.49%) loss=0.181656 lr=0.000994724 elapsed=13:38:45 eta=82:41:45 val_mrr=0.488147
[TRAIN] 2026-04-25 23:52:21 step=9510/67071 (14.18%) epoch=1/3 epoch_step=9510/22357 (42.54%) loss=0.171356 lr=0.000994686 elapsed=13:39:08 eta=82:37:58 val_mrr=0.488147
[TRAIN] 2026-04-25 23:52:43 step=9520/67071 (14.19%) epoch=1/3 epoch_step=9520/22357 (42.58%) loss=0.166816 lr=0.000994648 elapsed=13:39:31 eta=82:34:10 val_mrr=0.488147
[TRAIN] 2026-04-25 23:53:07 step=9530/67071 (14.21%) epoch=1/3 epoch_step=9530/22357 (42.63%) loss=0.210316 lr=0.00099461 elapsed=13:39:54 eta=82:30:27 val_mrr=0.488147
[TRAIN] 2026-04-25 23:53:30 step=9540/67071 (14.22%) epoch=1/3 epoch_step=9540/22357 (42.67%) loss=0.209288 lr=0.000994572 elapsed=13:40:17 eta=82:26:44 val_mrr=0.488147
[TRAIN] 2026-04-25 23:53:52 step=9550/67071 (14.24%) epoch=1/3 epoch_step=9550/22357 (42.72%) loss=0.218611 lr=0.000994533 elapsed=13:40:39 eta=82:22:56 val_mrr=0.488147
[TRAIN] 2026-04-25 23:54:15 step=9560/67071 (14.25%) epoch=1/3 epoch_step=9560/22357 (42.76%) loss=0.173243 lr=0.000994495 elapsed=13:41:03 eta=82:19:13 val_mrr=0.488147
[TRAIN] 2026-04-25 23:54:37 step=9570/67071 (14.27%) epoch=1/3 epoch_step=9570/22357 (42.81%) loss=0.202667 lr=0.000994456 elapsed=13:41:25 eta=82:15:26 val_mrr=0.488147
[TRAIN] 2026-04-25 23:55:01 step=9580/67071 (14.28%) epoch=1/3 epoch_step=9580/22357 (42.85%) loss=0.206465 lr=0.000994418 elapsed=13:41:48 eta=82:11:44 val_mrr=0.488147
[TRAIN] 2026-04-25 23:55:23 step=9590/67071 (14.30%) epoch=1/3 epoch_step=9590/22357 (42.89%) loss=0.211066 lr=0.000994379 elapsed=13:42:10 eta=82:07:57 val_mrr=0.488147
[TRAIN] 2026-04-25 23:55:46 step=9600/67071 (14.31%) epoch=1/3 epoch_step=9600/22357 (42.94%) loss=0.179300 lr=0.00099434 elapsed=13:42:33 eta=82:04:16 val_mrr=0.488147
[TRAIN] 2026-04-25 23:56:08 step=9610/67071 (14.33%) epoch=1/3 epoch_step=9610/22357 (42.98%) loss=0.183553 lr=0.000994301 elapsed=13:42:55 eta=82:00:30 val_mrr=0.488147
[TRAIN] 2026-04-25 23:56:31 step=9620/67071 (14.34%) epoch=1/3 epoch_step=9620/22357 (43.03%) loss=0.189554 lr=0.000994261 elapsed=13:43:19 eta=81:56:52 val_mrr=0.488147
[TRAIN] 2026-04-25 23:56:54 step=9630/67071 (14.36%) epoch=1/3 epoch_step=9630/22357 (43.07%) loss=0.172184 lr=0.000994222 elapsed=13:43:42 eta=81:53:10 val_mrr=0.488147
[TRAIN] 2026-04-25 23:57:17 step=9640/67071 (14.37%) epoch=1/3 epoch_step=9640/22357 (43.12%) loss=0.189186 lr=0.000994183 elapsed=13:44:04 eta=81:49:29 val_mrr=0.488147
[TRAIN] 2026-04-25 23:57:40 step=9650/67071 (14.39%) epoch=1/3 epoch_step=9650/22357 (43.16%) loss=0.152203 lr=0.000994143 elapsed=13:44:27 eta=81:45:47 val_mrr=0.488147
[TRAIN] 2026-04-25 23:58:03 step=9660/67071 (14.40%) epoch=1/3 epoch_step=9660/22357 (43.21%) loss=0.204649 lr=0.000994103 elapsed=13:44:50 eta=81:42:09 val_mrr=0.488147
[TRAIN] 2026-04-25 23:58:26 step=9670/67071 (14.42%) epoch=1/3 epoch_step=9670/22357 (43.25%) loss=0.205316 lr=0.000994063 elapsed=13:45:13 eta=81:38:28 val_mrr=0.488147
[TRAIN] 2026-04-25 23:58:49 step=9680/67071 (14.43%) epoch=1/3 epoch_step=9680/22357 (43.30%) loss=0.165565 lr=0.000994023 elapsed=13:45:36 eta=81:34:53 val_mrr=0.488147
[TRAIN] 2026-04-25 23:59:12 step=9690/67071 (14.45%) epoch=1/3 epoch_step=9690/22357 (43.34%) loss=0.202349 lr=0.000993983 elapsed=13:46:00 eta=81:31:17 val_mrr=0.488147
[TRAIN] 2026-04-25 23:59:36 step=9700/67071 (14.46%) epoch=1/3 epoch_step=9700/22357 (43.39%) loss=0.225864 lr=0.000993943 elapsed=13:46:24 eta=81:27:44 val_mrr=0.488147
[TRAIN] 2026-04-25 23:59:59 step=9710/67071 (14.48%) epoch=1/3 epoch_step=9710/22357 (43.43%) loss=0.186056 lr=0.000993902 elapsed=13:46:46 eta=81:24:05 val_mrr=0.488147
[TRAIN] 2026-04-26 00:00:22 step=9720/67071 (14.49%) epoch=1/3 epoch_step=9720/22357 (43.48%) loss=0.199884 lr=0.000993862 elapsed=13:47:09 eta=81:20:27 val_mrr=0.488147
[TRAIN] 2026-04-26 00:00:45 step=9730/67071 (14.51%) epoch=1/3 epoch_step=9730/22357 (43.52%) loss=0.187827 lr=0.000993821 elapsed=13:47:32 eta=81:16:51 val_mrr=0.488147
[TRAIN] 2026-04-26 00:01:09 step=9740/67071 (14.52%) epoch=1/3 epoch_step=9740/22357 (43.57%) loss=0.199295 lr=0.00099378 elapsed=13:47:56 eta=81:13:21 val_mrr=0.488147
[TRAIN] 2026-04-26 00:01:31 step=9750/67071 (14.54%) epoch=1/3 epoch_step=9750/22357 (43.61%) loss=0.169447 lr=0.000993739 elapsed=13:48:18 eta=81:09:39 val_mrr=0.488147
[TRAIN] 2026-04-26 00:01:53 step=9760/67071 (14.55%) epoch=1/3 epoch_step=9760/22357 (43.66%) loss=0.202756 lr=0.000993698 elapsed=13:48:41 eta=81:06:01 val_mrr=0.488147
[TRAIN] 2026-04-26 00:02:16 step=9770/67071 (14.57%) epoch=1/3 epoch_step=9770/22357 (43.70%) loss=0.189633 lr=0.000993657 elapsed=13:49:03 eta=81:02:22 val_mrr=0.488147
[TRAIN] 2026-04-26 00:02:37 step=9780/67071 (14.58%) epoch=1/3 epoch_step=9780/22357 (43.74%) loss=0.188461 lr=0.000993615 elapsed=13:49:25 eta=80:58:40 val_mrr=0.488147
[TRAIN] 2026-04-26 00:02:59 step=9790/67071 (14.60%) epoch=1/3 epoch_step=9790/22357 (43.79%) loss=0.213941 lr=0.000993574 elapsed=13:49:46 eta=80:54:56 val_mrr=0.488147
[TRAIN] 2026-04-26 00:03:22 step=9800/67071 (14.61%) epoch=1/3 epoch_step=9800/22357 (43.83%) loss=0.173809 lr=0.000993532 elapsed=13:50:09 eta=80:51:23 val_mrr=0.488147
[TRAIN] 2026-04-26 00:03:44 step=9810/67071 (14.63%) epoch=1/3 epoch_step=9810/22357 (43.88%) loss=0.145485 lr=0.00099349 elapsed=13:50:31 eta=80:47:44 val_mrr=0.488147
[TRAIN] 2026-04-26 00:04:06 step=9820/67071 (14.64%) epoch=1/3 epoch_step=9820/22357 (43.92%) loss=0.224660 lr=0.000993448 elapsed=13:50:54 eta=80:44:09 val_mrr=0.488147
[TRAIN] 2026-04-26 00:04:29 step=9830/67071 (14.66%) epoch=1/3 epoch_step=9830/22357 (43.97%) loss=0.183110 lr=0.000993406 elapsed=13:51:17 eta=80:40:36 val_mrr=0.488147
[TRAIN] 2026-04-26 00:04:52 step=9840/67071 (14.67%) epoch=1/3 epoch_step=9840/22357 (44.01%) loss=0.182756 lr=0.000993364 elapsed=13:51:39 eta=80:37:03 val_mrr=0.488147
[TRAIN] 2026-04-26 00:05:15 step=9850/67071 (14.69%) epoch=1/3 epoch_step=9850/22357 (44.06%) loss=0.199456 lr=0.000993322 elapsed=13:52:03 eta=80:33:32 val_mrr=0.488147
[TRAIN] 2026-04-26 00:05:38 step=9860/67071 (14.70%) epoch=1/3 epoch_step=9860/22357 (44.10%) loss=0.189814 lr=0.000993279 elapsed=13:52:26 eta=80:30:01 val_mrr=0.488147
[TRAIN] 2026-04-26 00:06:01 step=9870/67071 (14.72%) epoch=1/3 epoch_step=9870/22357 (44.15%) loss=0.186305 lr=0.000993237 elapsed=13:52:49 eta=80:26:30 val_mrr=0.488147
[TRAIN] 2026-04-26 00:06:24 step=9880/67071 (14.73%) epoch=1/3 epoch_step=9880/22357 (44.19%) loss=0.202386 lr=0.000993194 elapsed=13:53:11 eta=80:22:56 val_mrr=0.488147
[TRAIN] 2026-04-26 00:06:46 step=9890/67071 (14.75%) epoch=1/3 epoch_step=9890/22357 (44.24%) loss=0.203062 lr=0.000993151 elapsed=13:53:33 eta=80:19:22 val_mrr=0.488147
[TRAIN] 2026-04-26 00:07:09 step=9900/67071 (14.76%) epoch=1/3 epoch_step=9900/22357 (44.28%) loss=0.187469 lr=0.000993108 elapsed=13:53:56 eta=80:15:51 val_mrr=0.488147
[TRAIN] 2026-04-26 00:07:32 step=9910/67071 (14.78%) epoch=1/3 epoch_step=9910/22357 (44.33%) loss=0.187294 lr=0.000993065 elapsed=13:54:19 eta=80:12:22 val_mrr=0.488147
[TRAIN] 2026-04-26 00:07:54 step=9920/67071 (14.79%) epoch=1/3 epoch_step=9920/22357 (44.37%) loss=0.240776 lr=0.000993022 elapsed=13:54:42 eta=80:08:50 val_mrr=0.488147
[TRAIN] 2026-04-26 00:08:18 step=9930/67071 (14.81%) epoch=1/3 epoch_step=9930/22357 (44.42%) loss=0.190919 lr=0.000992979 elapsed=13:55:05 eta=80:05:25 val_mrr=0.488147
[TRAIN] 2026-04-26 00:08:41 step=9940/67071 (14.82%) epoch=1/3 epoch_step=9940/22357 (44.46%) loss=0.172625 lr=0.000992935 elapsed=13:55:28 eta=80:01:58 val_mrr=0.488147
[TRAIN] 2026-04-26 00:09:04 step=9950/67071 (14.84%) epoch=1/3 epoch_step=9950/22357 (44.51%) loss=0.168046 lr=0.000992891 elapsed=13:55:51 eta=79:58:29 val_mrr=0.488147
[TRAIN] 2026-04-26 00:09:26 step=9960/67071 (14.85%) epoch=1/3 epoch_step=9960/22357 (44.55%) loss=0.206243 lr=0.000992848 elapsed=13:56:13 eta=79:54:56 val_mrr=0.488147
[TRAIN] 2026-04-26 00:09:47 step=9970/67071 (14.86%) epoch=1/3 epoch_step=9970/22357 (44.59%) loss=0.163910 lr=0.000992804 elapsed=13:56:35 eta=79:51:18 val_mrr=0.488147
[TRAIN] 2026-04-26 00:10:08 step=9980/67071 (14.88%) epoch=1/3 epoch_step=9980/22357 (44.64%) loss=0.202301 lr=0.00099276 elapsed=13:56:55 eta=79:47:39 val_mrr=0.488147
[TRAIN] 2026-04-26 00:10:30 step=9990/67071 (14.89%) epoch=1/3 epoch_step=9990/22357 (44.68%) loss=0.182913 lr=0.000992715 elapsed=13:57:17 eta=79:44:07 val_mrr=0.488147
[STAGE] 2026-04-26 00:10:53 val prep subsets global=50000 art_art=1986 art_any=50000
[STAGE] 2026-04-26 00:10:53 val prep negatives global=50000 art_art=1986 art_any=50000
[STAGE] 2026-04-26 00:10:53 val start step=10000 epoch=0 task=relation_ranking subset=global triples=50000 batches=98 eval_batch_size=512
[STAGE] 2026-04-26 00:15:31 val start step=10000 epoch=0 task=triple_scoring subset=global triples=50000 batches=98 eval_batch_size=512
[STAGE] 2026-04-26 00:21:32 val start step=10000 epoch=0 task=relation_ranking subset=art_art triples=1986 batches=4 eval_batch_size=512
[STAGE] 2026-04-26 00:21:50 val start step=10000 epoch=0 task=triple_scoring subset=art_art triples=1986 batches=4 eval_batch_size=512
[STAGE] 2026-04-26 00:22:14 val start step=10000 epoch=0 task=relation_ranking subset=art_any triples=50000 batches=98 eval_batch_size=512
[STAGE] 2026-04-26 00:26:55 val start step=10000 epoch=0 task=triple_scoring subset=art_any triples=50000 batches=98 eval_batch_size=512
[VAL] 2026-04-26 00:35:25 step=10000 epoch=0 mrr=0.481393 aucpr=0.976275 art_art_mrr=0.403356 art_art_aucpr=0.846991 art_any_mrr=0.481048 art_any_aucpr=0.914072
[TRAIN] 2026-04-26 00:35:26 step=10000/67071 (14.91%) epoch=1/3 epoch_step=10000/22357 (44.73%) loss=0.194751 lr=0.000992671 elapsed=14:22:13 eta=82:00:47 val_mrr=0.488147
[TRAIN] 2026-04-26 00:35:48 step=10010/67071 (14.92%) epoch=1/3 epoch_step=10010/22357 (44.77%) loss=0.181309 lr=0.000992627 elapsed=14:22:35 eta=81:57:05 val_mrr=0.488147
[TRAIN] 2026-04-26 00:36:09 step=10020/67071 (14.94%) epoch=1/3 epoch_step=10020/22357 (44.82%) loss=0.211892 lr=0.000992582 elapsed=14:22:57 eta=81:53:21 val_mrr=0.488147
[TRAIN] 2026-04-26 00:36:32 step=10030/67071 (14.95%) epoch=1/3 epoch_step=10030/22357 (44.86%) loss=0.188080 lr=0.000992537 elapsed=14:23:19 eta=81:49:44 val_mrr=0.488147
[TRAIN] 2026-04-26 00:36:54 step=10040/67071 (14.97%) epoch=1/3 epoch_step=10040/22357 (44.91%) loss=0.201080 lr=0.000992492 elapsed=14:23:41 eta=81:46:04 val_mrr=0.488147
[TRAIN] 2026-04-26 00:37:16 step=10050/67071 (14.98%) epoch=1/3 epoch_step=10050/22357 (44.95%) loss=0.154232 lr=0.000992447 elapsed=14:24:03 eta=81:42:23 val_mrr=0.488147
[TRAIN] 2026-04-26 00:37:38 step=10060/67071 (15.00%) epoch=1/3 epoch_step=10060/22357 (45.00%) loss=0.175985 lr=0.000992402 elapsed=14:24:25 eta=81:38:44 val_mrr=0.488147
[TRAIN] 2026-04-26 00:37:59 step=10070/67071 (15.01%) epoch=1/3 epoch_step=10070/22357 (45.04%) loss=0.165086 lr=0.000992357 elapsed=14:24:47 eta=81:35:02 val_mrr=0.488147
[TRAIN] 2026-04-26 00:38:21 step=10080/67071 (15.03%) epoch=1/3 epoch_step=10080/22357 (45.09%) loss=0.192286 lr=0.000992312 elapsed=14:25:08 eta=81:31:21 val_mrr=0.488147
[TRAIN] 2026-04-26 00:38:42 step=10090/67071 (15.04%) epoch=1/3 epoch_step=10090/22357 (45.13%) loss=0.178158 lr=0.000992266 elapsed=14:25:30 eta=81:27:41 val_mrr=0.488147
[TRAIN] 2026-04-26 00:39:05 step=10100/67071 (15.06%) epoch=1/3 epoch_step=10100/22357 (45.18%) loss=0.187592 lr=0.00099222 elapsed=14:25:52 eta=81:24:06 val_mrr=0.488147
[TRAIN] 2026-04-26 00:39:27 step=10110/67071 (15.07%) epoch=1/3 epoch_step=10110/22357 (45.22%) loss=0.166974 lr=0.000992175 elapsed=14:26:15 eta=81:20:31 val_mrr=0.488147
[TRAIN] 2026-04-26 00:39:49 step=10120/67071 (15.09%) epoch=1/3 epoch_step=10120/22357 (45.27%) loss=0.206385 lr=0.000992129 elapsed=14:26:37 eta=81:16:56 val_mrr=0.488147
[TRAIN] 2026-04-26 00:40:11 step=10130/67071 (15.10%) epoch=1/3 epoch_step=10130/22357 (45.31%) loss=0.189084 lr=0.000992083 elapsed=14:26:58 eta=81:13:15 val_mrr=0.488147
[TRAIN] 2026-04-26 00:40:33 step=10140/67071 (15.12%) epoch=1/3 epoch_step=10140/22357 (45.35%) loss=0.177252 lr=0.000992037 elapsed=14:27:20 eta=81:09:40 val_mrr=0.488147
[TRAIN] 2026-04-26 00:40:55 step=10150/67071 (15.13%) epoch=1/3 epoch_step=10150/22357 (45.40%) loss=0.148795 lr=0.00099199 elapsed=14:27:43 eta=81:06:07 val_mrr=0.488147
[TRAIN] 2026-04-26 00:41:17 step=10160/67071 (15.15%) epoch=1/3 epoch_step=10160/22357 (45.44%) loss=0.181854 lr=0.000991944 elapsed=14:28:05 eta=81:02:31 val_mrr=0.488147
[TRAIN] 2026-04-26 00:41:39 step=10170/67071 (15.16%) epoch=1/3 epoch_step=10170/22357 (45.49%) loss=0.193125 lr=0.000991897 elapsed=14:28:27 eta=80:58:55 val_mrr=0.488147
[TRAIN] 2026-04-26 00:42:01 step=10180/67071 (15.18%) epoch=1/3 epoch_step=10180/22357 (45.53%) loss=0.170194 lr=0.00099185 elapsed=14:28:49 eta=80:55:22 val_mrr=0.488147
[TRAIN] 2026-04-26 00:42:24 step=10190/67071 (15.19%) epoch=1/3 epoch_step=10190/22357 (45.58%) loss=0.184410 lr=0.000991804 elapsed=14:29:11 eta=80:51:50 val_mrr=0.488147
[TRAIN] 2026-04-26 00:42:47 step=10200/67071 (15.21%) epoch=1/3 epoch_step=10200/22357 (45.62%) loss=0.202327 lr=0.000991757 elapsed=14:29:34 eta=80:48:20 val_mrr=0.488147
[TRAIN] 2026-04-26 00:43:09 step=10210/67071 (15.22%) epoch=1/3 epoch_step=10210/22357 (45.67%) loss=0.181434 lr=0.000991709 elapsed=14:29:56 eta=80:44:47 val_mrr=0.488147
[TRAIN] 2026-04-26 00:43:30 step=10220/67071 (15.24%) epoch=1/3 epoch_step=10220/22357 (45.71%) loss=0.174696 lr=0.000991662 elapsed=14:30:18 eta=80:41:12 val_mrr=0.488147
[TRAIN] 2026-04-26 00:43:52 step=10230/67071 (15.25%) epoch=1/3 epoch_step=10230/22357 (45.76%) loss=0.188767 lr=0.000991615 elapsed=14:30:39 eta=80:37:38 val_mrr=0.488147
[TRAIN] 2026-04-26 00:44:14 step=10240/67071 (15.27%) epoch=1/3 epoch_step=10240/22357 (45.80%) loss=0.185108 lr=0.000991567 elapsed=14:31:01 eta=80:34:04 val_mrr=0.488147
[TRAIN] 2026-04-26 00:44:36 step=10250/67071 (15.28%) epoch=1/3 epoch_step=10250/22357 (45.85%) loss=0.193221 lr=0.00099152 elapsed=14:31:23 eta=80:30:31 val_mrr=0.488147
[TRAIN] 2026-04-26 00:44:57 step=10260/67071 (15.30%) epoch=1/3 epoch_step=10260/22357 (45.89%) loss=0.188414 lr=0.000991472 elapsed=14:31:45 eta=80:26:58 val_mrr=0.488147
[TRAIN] 2026-04-26 00:45:19 step=10270/67071 (15.31%) epoch=1/3 epoch_step=10270/22357 (45.94%) loss=0.182652 lr=0.000991424 elapsed=14:32:06 eta=80:23:25 val_mrr=0.488147
[TRAIN] 2026-04-26 00:45:41 step=10280/67071 (15.33%) epoch=1/3 epoch_step=10280/22357 (45.98%) loss=0.214632 lr=0.000991376 elapsed=14:32:28 eta=80:19:52 val_mrr=0.488147
[TRAIN] 2026-04-26 00:46:03 step=10290/67071 (15.34%) epoch=1/3 epoch_step=10290/22357 (46.03%) loss=0.168945 lr=0.000991328 elapsed=14:32:50 eta=80:16:21 val_mrr=0.488147
[TRAIN] 2026-04-26 00:46:25 step=10300/67071 (15.36%) epoch=1/3 epoch_step=10300/22357 (46.07%) loss=0.202255 lr=0.000991279 elapsed=14:33:13 eta=80:12:55 val_mrr=0.488147
[TRAIN] 2026-04-26 00:46:48 step=10310/67071 (15.37%) epoch=1/3 epoch_step=10310/22357 (46.12%) loss=0.169760 lr=0.000991231 elapsed=14:33:35 eta=80:09:28 val_mrr=0.488147
[TRAIN] 2026-04-26 00:47:10 step=10320/67071 (15.39%) epoch=1/3 epoch_step=10320/22357 (46.16%) loss=0.186999 lr=0.000991182 elapsed=14:33:57 eta=80:05:59 val_mrr=0.488147
[TRAIN] 2026-04-26 00:47:32 step=10330/67071 (15.40%) epoch=1/3 epoch_step=10330/22357 (46.20%) loss=0.214002 lr=0.000991134 elapsed=14:34:19 eta=80:02:28 val_mrr=0.488147
[TRAIN] 2026-04-26 00:47:54 step=10340/67071 (15.42%) epoch=1/3 epoch_step=10340/22357 (46.25%) loss=0.185448 lr=0.000991085 elapsed=14:34:41 eta=79:59:01 val_mrr=0.488147
[TRAIN] 2026-04-26 00:48:14 step=10350/67071 (15.43%) epoch=1/3 epoch_step=10350/22357 (46.29%) loss=0.163489 lr=0.000991036 elapsed=14:35:02 eta=79:55:24 val_mrr=0.488147
[TRAIN] 2026-04-26 00:48:36 step=10360/67071 (15.45%) epoch=1/3 epoch_step=10360/22357 (46.34%) loss=0.173800 lr=0.000990987 elapsed=14:35:23 eta=79:51:53 val_mrr=0.488147
[TRAIN] 2026-04-26 00:48:57 step=10370/67071 (15.46%) epoch=1/3 epoch_step=10370/22357 (46.38%) loss=0.165282 lr=0.000990937 elapsed=14:35:45 eta=79:48:22 val_mrr=0.488147
[TRAIN] 2026-04-26 00:49:20 step=10380/67071 (15.48%) epoch=1/3 epoch_step=10380/22357 (46.43%) loss=0.194290 lr=0.000990888 elapsed=14:36:07 eta=79:44:58 val_mrr=0.488147
[TRAIN] 2026-04-26 00:49:42 step=10390/67071 (15.49%) epoch=1/3 epoch_step=10390/22357 (46.47%) loss=0.217070 lr=0.000990838 elapsed=14:36:29 eta=79:41:33 val_mrr=0.488147
[TRAIN] 2026-04-26 00:50:04 step=10400/67071 (15.51%) epoch=1/3 epoch_step=10400/22357 (46.52%) loss=0.192841 lr=0.000990789 elapsed=14:36:52 eta=79:38:07 val_mrr=0.488147
[TRAIN] 2026-04-26 00:50:25 step=10410/67071 (15.52%) epoch=1/3 epoch_step=10410/22357 (46.56%) loss=0.224633 lr=0.000990739 elapsed=14:37:12 eta=79:34:34 val_mrr=0.488147
[TRAIN] 2026-04-26 00:50:48 step=10420/67071 (15.54%) epoch=1/3 epoch_step=10420/22357 (46.61%) loss=0.204887 lr=0.000990689 elapsed=14:37:35 eta=79:31:13 val_mrr=0.488147
[TRAIN] 2026-04-26 00:51:10 step=10430/67071 (15.55%) epoch=1/3 epoch_step=10430/22357 (46.65%) loss=0.164509 lr=0.000990639 elapsed=14:37:57 eta=79:27:48 val_mrr=0.488147
[TRAIN] 2026-04-26 00:51:31 step=10440/67071 (15.57%) epoch=1/3 epoch_step=10440/22357 (46.70%) loss=0.180971 lr=0.000990589 elapsed=14:38:19 eta=79:24:20 val_mrr=0.488147
[TRAIN] 2026-04-26 00:51:53 step=10450/67071 (15.58%) epoch=1/3 epoch_step=10450/22357 (46.74%) loss=0.187712 lr=0.000990539 elapsed=14:38:40 eta=79:20:54 val_mrr=0.488147
[TRAIN] 2026-04-26 00:52:15 step=10460/67071 (15.60%) epoch=1/3 epoch_step=10460/22357 (46.79%) loss=0.197315 lr=0.000990488 elapsed=14:39:02 eta=79:17:27 val_mrr=0.488147
[TRAIN] 2026-04-26 00:52:36 step=10470/67071 (15.61%) epoch=1/3 epoch_step=10470/22357 (46.83%) loss=0.215774 lr=0.000990438 elapsed=14:39:23 eta=79:14:00 val_mrr=0.488147
[TRAIN] 2026-04-26 00:52:57 step=10480/67071 (15.63%) epoch=1/3 epoch_step=10480/22357 (46.88%) loss=0.197814 lr=0.000990387 elapsed=14:39:45 eta=79:10:32 val_mrr=0.488147
[TRAIN] 2026-04-26 00:53:19 step=10490/67071 (15.64%) epoch=1/3 epoch_step=10490/22357 (46.92%) loss=0.205458 lr=0.000990336 elapsed=14:40:06 eta=79:07:06 val_mrr=0.488147
[STAGE] 2026-04-26 00:53:41 val prep subsets global=50000 art_art=1986 art_any=50000
[STAGE] 2026-04-26 00:53:41 val prep negatives global=50000 art_art=1986 art_any=50000
[STAGE] 2026-04-26 00:53:41 val start step=10500 epoch=0 task=relation_ranking subset=global triples=50000 batches=98 eval_batch_size=512
[STAGE] 2026-04-26 00:58:23 val start step=10500 epoch=0 task=triple_scoring subset=global triples=50000 batches=98 eval_batch_size=512
[STAGE] 2026-04-26 01:04:27 val start step=10500 epoch=0 task=relation_ranking subset=art_art triples=1986 batches=4 eval_batch_size=512
[STAGE] 2026-04-26 01:04:45 val start step=10500 epoch=0 task=triple_scoring subset=art_art triples=1986 batches=4 eval_batch_size=512
[STAGE] 2026-04-26 01:05:10 val start step=10500 epoch=0 task=relation_ranking subset=art_any triples=50000 batches=98 eval_batch_size=512
[STAGE] 2026-04-26 01:09:54 val start step=10500 epoch=0 task=triple_scoring subset=art_any triples=50000 batches=98 eval_batch_size=512
[VAL] 2026-04-26 01:18:37 step=10500 epoch=0 mrr=0.475399 aucpr=0.974729 art_art_mrr=0.377318 art_art_aucpr=0.858688 art_any_mrr=0.475102 art_any_aucpr=0.909878
[STAGE] 2026-04-26 01:18:37 early stopping triggered at step=10500 epoch=0 no_improve_evals=5
[TRAIN] 2026-04-26 01:18:37 step=10500/67071 (15.66%) epoch=1/3 epoch_step=10500/22357 (46.97%) loss=0.192298 lr=0.000990285 elapsed=15:05:25 eta=81:18:06 val_mrr=0.488147
[STAGE] 2026-04-26 01:18:37 epoch completed epoch=1/3
[STAGE] 2026-04-26 01:18:38 test prep subsets global=1425681 art_art=2083 art_any=357035
[STAGE] 2026-04-26 01:18:42 test prep negatives global=1425681 art_art=2083 art_any=357035
[STAGE] 2026-04-26 01:18:42 test start step=10500 epoch=1 task=relation_ranking subset=global triples=1425681 batches=2785 eval_batch_size=512
[EVAL] 2026-04-26 01:48:42 phase=test step=10500 epoch=1 task=relation_ranking subset=global triples=326144/1425681 batches=637/2785 elapsed=30:00
[EVAL] 2026-04-26 02:18:43 phase=test step=10500 epoch=1 task=relation_ranking subset=global triples=962048/1425681 batches=1879/2785 elapsed=01:00:00
[STAGE] 2026-04-26 02:29:26 test start step=10500 epoch=1 task=triple_scoring subset=global triples=1425681 batches=2785 eval_batch_size=512
[EVAL] 2026-04-26 02:59:26 phase=test step=10500 epoch=1 task=triple_scoring subset=global triples=230912/1425681 batches=451/2785 elapsed=30:00
[EVAL] 2026-04-26 03:29:27 phase=test step=10500 epoch=1 task=triple_scoring subset=global triples=564224/1425681 batches=1102/2785 elapsed=01:00:00
[EVAL] 2026-04-26 03:59:27 phase=test step=10500 epoch=1 task=triple_scoring subset=global triples=1352704/1425681 batches=2642/2785 elapsed=01:30:01
[STAGE] 2026-04-26 04:02:33 test start step=10500 epoch=1 task=relation_ranking subset=art_art triples=2083 batches=5 eval_batch_size=512
[STAGE] 2026-04-26 04:02:54 test start step=10500 epoch=1 task=triple_scoring subset=art_art triples=2083 batches=5 eval_batch_size=512
[STAGE] 2026-04-26 04:03:23 test start step=10500 epoch=1 task=relation_ranking subset=art_any triples=357035 batches=698 eval_batch_size=512
[EVAL] 2026-04-26 04:33:24 phase=test step=10500 epoch=1 task=relation_ranking subset=art_any triples=299008/357035 batches=584/698 elapsed=30:01
[STAGE] 2026-04-26 04:39:24 test start step=10500 epoch=1 task=triple_scoring subset=art_any triples=357035 batches=698 eval_batch_size=512
[EVAL] 2026-04-26 05:09:28 phase=test step=10500 epoch=1 task=triple_scoring subset=art_any triples=158720/357035 batches=310/698 elapsed=30:04
[EVAL] 2026-04-26 05:39:30 phase=test step=10500 epoch=1 task=triple_scoring subset=art_any triples=317440/357035 batches=620/698 elapsed=01:00:07
[TEST] 2026-04-26 05:46:48 step=10500 epoch=1 mrr=0.411957 aucpr=0.971762 art_art_mrr=0.388913 art_art_aucpr=0.861742 art_any_mrr=0.475533 art_any_aucpr=0.911937
[STAGE] 2026-04-26 05:46:48 DONE train (70415.51s)
[RESULT] 2026-04-26 05:46:48 {"best_metric": 0.4881471706471741, "early_stopped": true, "stopped_epoch": 1, "stopped_step": 10500, "val_mrr": 0.4753994600407077, "val_hits1": 0.27044, "val_hits3": 0.60764, "val_hits10": 0.8998, "val_top1_acc": 0.27044, "val_auc": 0.9805906522000002, "val_aucpr": 0.9747286849079196, "val_art_art_mrr": 0.37731786955811597, "val_art_art_hits1": 0.18479355488418933, "val_art_art_hits3": 0.47532729103726085, "val_art_art_hits10": 0.8182275931520645, "val_art_art_top1_acc": 0.18479355488418933, "val_art_art_auc": 0.8636241708069274, "val_art_art_aucpr": 0.8586883829630494, "val_art_any_mrr": 0.475102050426625, "val_art_any_hits1": 0.27112, "val_art_any_hits3": 0.60574, "val_art_any_hits10": 0.89926, "val_art_any_top1_acc": 0.27112, "val_art_any_auc": 0.9270748122000001, "val_art_any_aucpr": 0.909878346381402, "test_mrr": 0.4119571749156756, "test_hits1": 0.24124050190750945, "test_hits3": 0.49304998804080297, "test_hits10": 0.7902223568947051, "test_top1_acc": 0.24124050190750945, "test_auc": 0.9786945780709263, "test_aucpr": 0.9717617386601274, "test_art_art_mrr": 0.38891280090226427, "test_art_art_hits1": 0.20787325972155546, "test_art_art_hits3": 0.4815170427268363, "test_art_art_hits10": 0.8122899663946231, "test_art_art_top1_acc": 0.20787325972155546, "test_art_art_auc": 0.86411037479871, "test_art_art_aucpr": 0.8617417812748664, "test_art_any_mrr": 0.47553307063432476, "test_art_any_hits1": 0.2696318288123013, "test_art_any_hits3": 0.6097525452686712, "test_art_any_hits10": 0.901152548069517, "test_art_any_top1_acc": 0.2696318288123013, "test_art_any_auc": 0.9287130236633101, "test_art_any_aucpr": 0.9119370434870495}
