nohup: ignoring input
[STAGE] 2026-04-26 06:37:31 START build experiment
[CONFIG] 2026-04-26 06:37:31 paths graph_dir=/root/autodl-tmp/个人项目2/操作数据库/full_graph_export text_dir=/root/autodl-tmp/个人项目2/操作数据库/full_graph_export/text_chunks image_dir=/root/autodl-tmp/个人项目2/图片/64 local_model_root=/root/autodl-tmp/个人项目2/链路预测实验/local_models
[CONFIG] 2026-04-26 06:37:31 models text_encoder=roberta_frozen text_model=roberta-base text_model_dir=/root/autodl-tmp/个人项目2/链路预测实验/local_models/text/roberta-base image_encoder=resnet50 image_model=resnet50 image_model_dir=/root/autodl-tmp/个人项目2/链路预测实验/local_models/image/resnet50 graph_encoder=rgcn use_graph=True kge_scorer=complex
[CONFIG] 2026-04-26 06:37:31 cache_root=/root/autodl-tmp/个人项目2/graphkge/cache/full cache_session=20260426_063731_mm_kge_complex_roberta_resnet50_rgcn_frozen raw_cache_root=/root/autodl-tmp/个人项目2/graphkge/cache/full/shared_raw
[DATA] 2026-04-26 06:37:39 catalog entities=1706516 art_entities=431773 chunks=85 triples=14297782 relations=353
[DATA] 2026-04-26 06:37:39 splits train=11446322 val=1425779 test=1425681 sample_chunks=0 train_propagation_edges=22137586
[EVAL] 2026-04-26 06:37:39 validation_max_triples=50000 final_test_max_triples=FULL
build adjacency index:   0%|                                                                    | 0/85 [00:00<?, ?chunk/s]build adjacency index:  15%|████████▊                                                 | 13/85 [00:00<00:00, 120.98chunk/s]build adjacency index:  31%|██████████████████                                         | 26/85 [00:00<00:02, 23.16chunk/s]build adjacency index:  38%|██████████████████████▏                                    | 32/85 [00:01<00:02, 22.57chunk/s]build adjacency index:  44%|█████████████████████████▋                                 | 37/85 [00:01<00:01, 24.12chunk/s]build adjacency index:  48%|████████████████████████████▍                              | 41/85 [00:01<00:01, 24.83chunk/s]build adjacency index:  53%|███████████████████████████████▏                           | 45/85 [00:01<00:01, 25.39chunk/s]build adjacency index:  61%|████████████████████████████████████                       | 52/85 [00:01<00:00, 33.24chunk/s]build adjacency index:  71%|█████████████████████████████████████████▋                 | 60/85 [00:01<00:00, 42.72chunk/s]build adjacency index:  80%|███████████████████████████████████████████████▏           | 68/85 [00:02<00:00, 49.79chunk/s]build adjacency index:  91%|█████████████████████████████████████████████████████▍     | 77/85 [00:02<00:00, 58.41chunk/s]build adjacency index: 100%|███████████████████████████████████████████████████████████| 85/85 [00:02<00:00, 62.96chunk/s]build adjacency index: 100%|███████████████████████████████████████████████████████████| 85/85 [00:02<00:00, 37.74chunk/s]
Some weights of RobertaModel were not initialized from the model checkpoint at /root/autodl-tmp/个人项目2/链路预测实验/local_models/text/roberta-base and are newly initialized: ['roberta.pooler.dense.bias', 'roberta.pooler.dense.weight']
You should probably TRAIN this model on a down-stream task to be able to use it for predictions and inference.
[STAGE] 2026-04-26 06:37:48 image index cache loaded: /root/autodl-tmp/个人项目2/graphkge/cache/full/image_index/image_index.pkl entries=430969
[STAGE] 2026-04-26 06:37:49 DONE build experiment (18.04s)
[CONFIG] 2026-04-26 06:37:49 training run_dir=/root/autodl-tmp/个人项目2/graphkge/runs/20260426_063731_mm_kge_complex_roberta_resnet50_rgcn_frozen cache_session=20260426_063731_mm_kge_complex_roberta_resnet50_rgcn_frozen
[STAGE] 2026-04-26 06:37:49 START prebuild raw caches
[STAGE] 2026-04-26 06:37:59 text cache prebuild done missing=0
[STAGE] 2026-04-26 06:38:27 image raw cache prebuild done missing=416457 loaded=0
[STAGE] 2026-04-26 06:38:27 DONE prebuild raw caches (38.45s)
[STAGE] 2026-04-26 06:38:27 START train
[STAGE] 2026-04-26 06:38:27 epoch start epoch=1/3 steps_per_epoch=22357 global_step=0/67071
[TRAIN] 2026-04-26 06:38:33 step=1/67071 (0.00%) epoch=1/3 epoch_step=1/22357 (0.00%) loss=0.693184 lr=4.00001e-05 elapsed=00:05 eta=97:22:23 val_mrr=NA
[TRAIN] 2026-04-26 06:38:36 step=2/67071 (0.00%) epoch=1/3 epoch_step=2/22357 (0.01%) loss=0.693147 lr=4.00002e-05 elapsed=00:09 eta=83:55:29 val_mrr=NA
[TRAIN] 2026-04-26 06:38:40 step=3/67071 (0.00%) epoch=1/3 epoch_step=3/22357 (0.01%) loss=0.693120 lr=4.00005e-05 elapsed=00:13 eta=81:52:24 val_mrr=NA
[TRAIN] 2026-04-26 06:38:44 step=4/67071 (0.01%) epoch=1/3 epoch_step=4/22357 (0.02%) loss=0.693123 lr=4.00008e-05 elapsed=00:17 eta=79:10:48 val_mrr=NA
[TRAIN] 2026-04-26 06:38:48 step=5/67071 (0.01%) epoch=1/3 epoch_step=5/22357 (0.02%) loss=0.693089 lr=4.00013e-05 elapsed=00:21 eta=77:43:24 val_mrr=NA
[TRAIN] 2026-04-26 06:39:08 step=10/67071 (0.01%) epoch=1/3 epoch_step=10/22357 (0.04%) loss=0.692987 lr=4.00053e-05 elapsed=00:41 eta=75:26:47 val_mrr=NA
[TRAIN] 2026-04-26 06:39:46 step=20/67071 (0.03%) epoch=1/3 epoch_step=20/22357 (0.09%) loss=0.692666 lr=4.00211e-05 elapsed=01:19 eta=73:26:56 val_mrr=NA
[TRAIN] 2026-04-26 06:40:24 step=30/67071 (0.04%) epoch=1/3 epoch_step=30/22357 (0.13%) loss=0.691901 lr=4.00474e-05 elapsed=01:57 eta=72:24:15 val_mrr=NA
[TRAIN] 2026-04-26 06:41:00 step=40/67071 (0.06%) epoch=1/3 epoch_step=40/22357 (0.18%) loss=0.690221 lr=4.00843e-05 elapsed=02:33 eta=71:10:54 val_mrr=NA
[TRAIN] 2026-04-26 06:41:36 step=50/67071 (0.07%) epoch=1/3 epoch_step=50/22357 (0.22%) loss=0.685758 lr=4.01317e-05 elapsed=03:09 eta=70:22:20 val_mrr=NA
[TRAIN] 2026-04-26 06:42:13 step=60/67071 (0.09%) epoch=1/3 epoch_step=60/22357 (0.27%) loss=0.676790 lr=4.01896e-05 elapsed=03:46 eta=70:00:49 val_mrr=NA
[TRAIN] 2026-04-26 06:42:50 step=70/67071 (0.10%) epoch=1/3 epoch_step=70/22357 (0.31%) loss=0.679464 lr=4.02581e-05 elapsed=04:23 eta=69:55:50 val_mrr=NA
[TRAIN] 2026-04-26 06:43:28 step=80/67071 (0.12%) epoch=1/3 epoch_step=80/22357 (0.36%) loss=0.649357 lr=4.03371e-05 elapsed=05:01 eta=69:59:34 val_mrr=NA
[TRAIN] 2026-04-26 06:44:05 step=90/67071 (0.13%) epoch=1/3 epoch_step=90/22357 (0.40%) loss=0.644077 lr=4.04266e-05 elapsed=05:38 eta=69:49:51 val_mrr=NA
[TRAIN] 2026-04-26 06:44:42 step=100/67071 (0.15%) epoch=1/3 epoch_step=100/22357 (0.45%) loss=0.643979 lr=4.05266e-05 elapsed=06:14 eta=69:39:48 val_mrr=NA
[TRAIN] 2026-04-26 06:45:18 step=110/67071 (0.16%) epoch=1/3 epoch_step=110/22357 (0.49%) loss=0.635173 lr=4.06372e-05 elapsed=06:51 eta=69:31:18 val_mrr=NA
[TRAIN] 2026-04-26 06:45:56 step=120/67071 (0.18%) epoch=1/3 epoch_step=120/22357 (0.54%) loss=0.620853 lr=4.07583e-05 elapsed=07:28 eta=69:28:28 val_mrr=NA
[TRAIN] 2026-04-26 06:46:34 step=130/67071 (0.19%) epoch=1/3 epoch_step=130/22357 (0.58%) loss=0.603512 lr=4.08899e-05 elapsed=08:07 eta=69:36:01 val_mrr=NA
[TRAIN] 2026-04-26 06:47:10 step=140/67071 (0.21%) epoch=1/3 epoch_step=140/22357 (0.63%) loss=0.609159 lr=4.1032e-05 elapsed=08:43 eta=69:28:30 val_mrr=NA
[TRAIN] 2026-04-26 06:47:47 step=150/67071 (0.22%) epoch=1/3 epoch_step=150/22357 (0.67%) loss=0.595691 lr=4.11846e-05 elapsed=09:20 eta=69:23:17 val_mrr=NA
[TRAIN] 2026-04-26 06:48:24 step=160/67071 (0.24%) epoch=1/3 epoch_step=160/22357 (0.72%) loss=0.543544 lr=4.13477e-05 elapsed=09:57 eta=69:20:56 val_mrr=NA
[TRAIN] 2026-04-26 06:49:02 step=170/67071 (0.25%) epoch=1/3 epoch_step=170/22357 (0.76%) loss=0.540725 lr=4.15214e-05 elapsed=10:35 eta=69:22:10 val_mrr=NA
[TRAIN] 2026-04-26 06:49:40 step=180/67071 (0.27%) epoch=1/3 epoch_step=180/22357 (0.81%) loss=0.542188 lr=4.17055e-05 elapsed=11:13 eta=69:26:27 val_mrr=NA
[TRAIN] 2026-04-26 06:50:20 step=190/67071 (0.28%) epoch=1/3 epoch_step=190/22357 (0.85%) loss=0.541567 lr=4.19002e-05 elapsed=11:53 eta=69:40:57 val_mrr=NA
[TRAIN] 2026-04-26 06:51:00 step=200/67071 (0.30%) epoch=1/3 epoch_step=200/22357 (0.89%) loss=0.541216 lr=4.21053e-05 elapsed=12:33 eta=69:54:48 val_mrr=NA
[TRAIN] 2026-04-26 06:51:38 step=210/67071 (0.31%) epoch=1/3 epoch_step=210/22357 (0.94%) loss=0.518667 lr=4.23209e-05 elapsed=13:10 eta=69:53:30 val_mrr=NA
[TRAIN] 2026-04-26 06:52:15 step=220/67071 (0.33%) epoch=1/3 epoch_step=220/22357 (0.98%) loss=0.537434 lr=4.2547e-05 elapsed=13:47 eta=69:50:22 val_mrr=NA
[TRAIN] 2026-04-26 06:52:52 step=230/67071 (0.34%) epoch=1/3 epoch_step=230/22357 (1.03%) loss=0.515495 lr=4.27836e-05 elapsed=14:25 eta=69:48:18 val_mrr=NA
[TRAIN] 2026-04-26 06:53:30 step=240/67071 (0.36%) epoch=1/3 epoch_step=240/22357 (1.07%) loss=0.519079 lr=4.30307e-05 elapsed=15:03 eta=69:50:40 val_mrr=NA
[TRAIN] 2026-04-26 06:54:08 step=250/67071 (0.37%) epoch=1/3 epoch_step=250/22357 (1.12%) loss=0.544344 lr=4.32882e-05 elapsed=15:40 eta=69:48:56 val_mrr=NA
[TRAIN] 2026-04-26 06:54:45 step=260/67071 (0.39%) epoch=1/3 epoch_step=260/22357 (1.16%) loss=0.527305 lr=4.35562e-05 elapsed=16:18 eta=69:46:39 val_mrr=NA
[TRAIN] 2026-04-26 06:55:22 step=270/67071 (0.40%) epoch=1/3 epoch_step=270/22357 (1.21%) loss=0.525869 lr=4.38346e-05 elapsed=16:55 eta=69:45:15 val_mrr=NA
[TRAIN] 2026-04-26 06:55:58 step=280/67071 (0.42%) epoch=1/3 epoch_step=280/22357 (1.25%) loss=0.510832 lr=4.41235e-05 elapsed=17:31 eta=69:38:32 val_mrr=NA
[TRAIN] 2026-04-26 06:56:35 step=290/67071 (0.43%) epoch=1/3 epoch_step=290/22357 (1.30%) loss=0.507135 lr=4.44228e-05 elapsed=18:08 eta=69:35:27 val_mrr=NA
[TRAIN] 2026-04-26 06:57:14 step=300/67071 (0.45%) epoch=1/3 epoch_step=300/22357 (1.34%) loss=0.516374 lr=4.47326e-05 elapsed=18:47 eta=69:40:47 val_mrr=NA
[TRAIN] 2026-04-26 06:57:51 step=310/67071 (0.46%) epoch=1/3 epoch_step=310/22357 (1.39%) loss=0.503228 lr=4.50528e-05 elapsed=19:24 eta=69:36:22 val_mrr=NA
[TRAIN] 2026-04-26 06:58:28 step=320/67071 (0.48%) epoch=1/3 epoch_step=320/22357 (1.43%) loss=0.497475 lr=4.53834e-05 elapsed=20:01 eta=69:34:11 val_mrr=NA
[TRAIN] 2026-04-26 06:59:05 step=330/67071 (0.49%) epoch=1/3 epoch_step=330/22357 (1.48%) loss=0.508492 lr=4.57244e-05 elapsed=20:38 eta=69:32:36 val_mrr=NA
[TRAIN] 2026-04-26 06:59:42 step=340/67071 (0.51%) epoch=1/3 epoch_step=340/22357 (1.52%) loss=0.474622 lr=4.60759e-05 elapsed=21:15 eta=69:30:04 val_mrr=NA
[TRAIN] 2026-04-26 07:00:19 step=350/67071 (0.52%) epoch=1/3 epoch_step=350/22357 (1.57%) loss=0.497212 lr=4.64377e-05 elapsed=21:52 eta=69:27:39 val_mrr=NA
[TRAIN] 2026-04-26 07:00:55 step=360/67071 (0.54%) epoch=1/3 epoch_step=360/22357 (1.61%) loss=0.509013 lr=4.681e-05 elapsed=22:28 eta=69:22:09 val_mrr=NA
[TRAIN] 2026-04-26 07:01:32 step=370/67071 (0.55%) epoch=1/3 epoch_step=370/22357 (1.65%) loss=0.514428 lr=4.71926e-05 elapsed=23:04 eta=69:19:16 val_mrr=NA
[TRAIN] 2026-04-26 07:02:09 step=380/67071 (0.57%) epoch=1/3 epoch_step=380/22357 (1.70%) loss=0.477674 lr=4.75856e-05 elapsed=23:42 eta=69:19:31 val_mrr=NA
[TRAIN] 2026-04-26 07:02:47 step=390/67071 (0.58%) epoch=1/3 epoch_step=390/22357 (1.74%) loss=0.473469 lr=4.7989e-05 elapsed=24:19 eta=69:18:39 val_mrr=NA
[TRAIN] 2026-04-26 07:03:27 step=400/67071 (0.60%) epoch=1/3 epoch_step=400/22357 (1.79%) loss=0.489816 lr=4.84027e-05 elapsed=25:00 eta=69:26:00 val_mrr=NA
[TRAIN] 2026-04-26 07:04:04 step=410/67071 (0.61%) epoch=1/3 epoch_step=410/22357 (1.83%) loss=0.466073 lr=4.88268e-05 elapsed=25:37 eta=69:24:14 val_mrr=NA
[TRAIN] 2026-04-26 07:04:42 step=420/67071 (0.63%) epoch=1/3 epoch_step=420/22357 (1.88%) loss=0.488776 lr=4.92612e-05 elapsed=26:15 eta=69:24:31 val_mrr=NA
[TRAIN] 2026-04-26 07:05:20 step=430/67071 (0.64%) epoch=1/3 epoch_step=430/22357 (1.92%) loss=0.478863 lr=4.9706e-05 elapsed=26:53 eta=69:25:12 val_mrr=NA
[TRAIN] 2026-04-26 07:05:58 step=440/67071 (0.66%) epoch=1/3 epoch_step=440/22357 (1.97%) loss=0.472497 lr=5.0161e-05 elapsed=27:31 eta=69:25:53 val_mrr=NA
[TRAIN] 2026-04-26 07:06:36 step=450/67071 (0.67%) epoch=1/3 epoch_step=450/22357 (2.01%) loss=0.466637 lr=5.06264e-05 elapsed=28:09 eta=69:26:45 val_mrr=NA
[TRAIN] 2026-04-26 07:07:14 step=460/67071 (0.69%) epoch=1/3 epoch_step=460/22357 (2.06%) loss=0.477108 lr=5.11021e-05 elapsed=28:47 eta=69:27:04 val_mrr=NA
[TRAIN] 2026-04-26 07:07:50 step=470/67071 (0.70%) epoch=1/3 epoch_step=470/22357 (2.10%) loss=0.482556 lr=5.15881e-05 elapsed=29:23 eta=69:23:30 val_mrr=NA
[TRAIN] 2026-04-26 07:08:27 step=480/67071 (0.72%) epoch=1/3 epoch_step=480/22357 (2.15%) loss=0.457341 lr=5.20843e-05 elapsed=30:00 eta=69:21:24 val_mrr=NA
[TRAIN] 2026-04-26 07:09:05 step=490/67071 (0.73%) epoch=1/3 epoch_step=490/22357 (2.19%) loss=0.484947 lr=5.25909e-05 elapsed=30:37 eta=69:21:13 val_mrr=NA
[STAGE] 2026-04-26 07:09:42 val prep subsets global=50000 art_art=1986 art_any=50000
[STAGE] 2026-04-26 07:09:42 val prep negatives global=50000 art_art=1986 art_any=50000
[STAGE] 2026-04-26 07:09:42 val start step=500 epoch=0 task=relation_ranking subset=global triples=50000 batches=98 eval_batch_size=512
[STAGE] 2026-04-26 07:16:12 val start step=500 epoch=0 task=triple_scoring subset=global triples=50000 batches=98 eval_batch_size=512
[STAGE] 2026-04-26 07:24:20 val start step=500 epoch=0 task=relation_ranking subset=art_art triples=1986 batches=4 eval_batch_size=512
[STAGE] 2026-04-26 07:24:45 val start step=500 epoch=0 task=triple_scoring subset=art_art triples=1986 batches=4 eval_batch_size=512
[STAGE] 2026-04-26 07:25:20 val start step=500 epoch=0 task=relation_ranking subset=art_any triples=50000 batches=98 eval_batch_size=512
[STAGE] 2026-04-26 07:31:53 val start step=500 epoch=0 task=triple_scoring subset=art_any triples=50000 batches=98 eval_batch_size=512
[VAL] 2026-04-26 07:43:57 step=500 epoch=0 mrr=0.217282 aucpr=0.895745 art_art_mrr=0.017817 art_art_aucpr=0.537189 art_any_mrr=0.221221 art_any_aucpr=0.674659
[TRAIN] 2026-04-26 07:44:01 step=500/67071 (0.75%) epoch=1/3 epoch_step=500/22357 (2.24%) loss=0.474455 lr=5.31076e-05 elapsed=01:05:33 eta=145:28:20 val_mrr=0.217282
[TRAIN] 2026-04-26 07:44:39 step=510/67071 (0.76%) epoch=1/3 epoch_step=510/22357 (2.28%) loss=0.463383 lr=5.36347e-05 elapsed=01:06:11 eta=143:58:19 val_mrr=0.217282
[TRAIN] 2026-04-26 07:45:16 step=520/67071 (0.78%) epoch=1/3 epoch_step=520/22357 (2.33%) loss=0.450845 lr=5.41719e-05 elapsed=01:06:49 eta=142:30:55 val_mrr=0.217282
[TRAIN] 2026-04-26 07:45:53 step=530/67071 (0.79%) epoch=1/3 epoch_step=530/22357 (2.37%) loss=0.469020 lr=5.47194e-05 elapsed=01:07:26 eta=141:05:56 val_mrr=0.217282
[TRAIN] 2026-04-26 07:46:31 step=540/67071 (0.81%) epoch=1/3 epoch_step=540/22357 (2.42%) loss=0.456977 lr=5.52771e-05 elapsed=01:08:04 eta=139:45:58 val_mrr=0.217282
[TRAIN] 2026-04-26 07:47:08 step=550/67071 (0.82%) epoch=1/3 epoch_step=550/22357 (2.46%) loss=0.477003 lr=5.5845e-05 elapsed=01:08:41 eta=138:26:53 val_mrr=0.217282
[TRAIN] 2026-04-26 07:47:45 step=560/67071 (0.83%) epoch=1/3 epoch_step=560/22357 (2.50%) loss=0.454194 lr=5.64231e-05 elapsed=01:09:17 eta=137:09:28 val_mrr=0.217282
[TRAIN] 2026-04-26 07:48:21 step=570/67071 (0.85%) epoch=1/3 epoch_step=570/22357 (2.55%) loss=0.470130 lr=5.70113e-05 elapsed=01:09:54 eta=135:54:25 val_mrr=0.217282
[TRAIN] 2026-04-26 07:48:57 step=580/67071 (0.86%) epoch=1/3 epoch_step=580/22357 (2.59%) loss=0.466460 lr=5.76098e-05 elapsed=01:10:30 eta=134:42:21 val_mrr=0.217282
[TRAIN] 2026-04-26 07:49:34 step=590/67071 (0.88%) epoch=1/3 epoch_step=590/22357 (2.64%) loss=0.460579 lr=5.82183e-05 elapsed=01:11:06 eta=133:32:21 val_mrr=0.217282
[TRAIN] 2026-04-26 07:50:11 step=600/67071 (0.89%) epoch=1/3 epoch_step=600/22357 (2.68%) loss=0.464692 lr=5.8837e-05 elapsed=01:11:44 eta=132:27:04 val_mrr=0.217282
[TRAIN] 2026-04-26 07:50:48 step=610/67071 (0.91%) epoch=1/3 epoch_step=610/22357 (2.73%) loss=0.444788 lr=5.94658e-05 elapsed=01:12:20 eta=131:21:44 val_mrr=0.217282
[TRAIN] 2026-04-26 07:51:24 step=620/67071 (0.92%) epoch=1/3 epoch_step=620/22357 (2.77%) loss=0.448329 lr=6.01048e-05 elapsed=01:12:57 eta=130:18:09 val_mrr=0.217282
[TRAIN] 2026-04-26 07:52:01 step=630/67071 (0.94%) epoch=1/3 epoch_step=630/22357 (2.82%) loss=0.464543 lr=6.07538e-05 elapsed=01:13:33 eta=129:17:07 val_mrr=0.217282
[TRAIN] 2026-04-26 07:52:37 step=640/67071 (0.95%) epoch=1/3 epoch_step=640/22357 (2.86%) loss=0.476607 lr=6.14129e-05 elapsed=01:14:10 eta=128:17:54 val_mrr=0.217282
[TRAIN] 2026-04-26 07:53:14 step=650/67071 (0.97%) epoch=1/3 epoch_step=650/22357 (2.91%) loss=0.445865 lr=6.2082e-05 elapsed=01:14:47 eta=127:21:04 val_mrr=0.217282
[TRAIN] 2026-04-26 07:53:51 step=660/67071 (0.98%) epoch=1/3 epoch_step=660/22357 (2.95%) loss=0.467397 lr=6.27613e-05 elapsed=01:15:23 eta=126:25:48 val_mrr=0.217282
[TRAIN] 2026-04-26 07:54:27 step=670/67071 (1.00%) epoch=1/3 epoch_step=670/22357 (3.00%) loss=0.446607 lr=6.34505e-05 elapsed=01:16:00 eta=125:31:45 val_mrr=0.217282
[TRAIN] 2026-04-26 07:55:04 step=680/67071 (1.01%) epoch=1/3 epoch_step=680/22357 (3.04%) loss=0.450704 lr=6.41498e-05 elapsed=01:16:36 eta=124:39:15 val_mrr=0.217282
[TRAIN] 2026-04-26 07:55:40 step=690/67071 (1.03%) epoch=1/3 epoch_step=690/22357 (3.09%) loss=0.462631 lr=6.4859e-05 elapsed=01:17:13 eta=123:48:12 val_mrr=0.217282
[TRAIN] 2026-04-26 07:56:18 step=700/67071 (1.04%) epoch=1/3 epoch_step=700/22357 (3.13%) loss=0.436155 lr=6.55783e-05 elapsed=01:17:51 eta=123:01:34 val_mrr=0.217282
[TRAIN] 2026-04-26 07:56:54 step=710/67071 (1.06%) epoch=1/3 epoch_step=710/22357 (3.18%) loss=0.456133 lr=6.63075e-05 elapsed=01:18:27 eta=122:12:03 val_mrr=0.217282
[TRAIN] 2026-04-26 07:57:31 step=720/67071 (1.07%) epoch=1/3 epoch_step=720/22357 (3.22%) loss=0.433267 lr=6.70467e-05 elapsed=01:19:03 eta=121:25:09 val_mrr=0.217282
[TRAIN] 2026-04-26 07:58:08 step=730/67071 (1.09%) epoch=1/3 epoch_step=730/22357 (3.27%) loss=0.415506 lr=6.77958e-05 elapsed=01:19:40 eta=120:40:25 val_mrr=0.217282
[TRAIN] 2026-04-26 07:58:44 step=740/67071 (1.10%) epoch=1/3 epoch_step=740/22357 (3.31%) loss=0.453727 lr=6.85549e-05 elapsed=01:20:17 eta=119:55:53 val_mrr=0.217282
[TRAIN] 2026-04-26 07:59:21 step=750/67071 (1.12%) epoch=1/3 epoch_step=750/22357 (3.35%) loss=0.428342 lr=6.93239e-05 elapsed=01:20:54 eta=119:13:08 val_mrr=0.217282
[TRAIN] 2026-04-26 07:59:57 step=760/67071 (1.13%) epoch=1/3 epoch_step=760/22357 (3.40%) loss=0.433953 lr=7.01027e-05 elapsed=01:21:30 eta=118:30:41 val_mrr=0.217282
[TRAIN] 2026-04-26 08:00:34 step=770/67071 (1.15%) epoch=1/3 epoch_step=770/22357 (3.44%) loss=0.424030 lr=7.08914e-05 elapsed=01:22:06 eta=117:49:41 val_mrr=0.217282
[TRAIN] 2026-04-26 08:01:10 step=780/67071 (1.16%) epoch=1/3 epoch_step=780/22357 (3.49%) loss=0.412401 lr=7.169e-05 elapsed=01:22:43 eta=117:09:35 val_mrr=0.217282
[TRAIN] 2026-04-26 08:01:47 step=790/67071 (1.18%) epoch=1/3 epoch_step=790/22357 (3.53%) loss=0.444555 lr=7.24984e-05 elapsed=01:23:20 eta=116:31:06 val_mrr=0.217282
[TRAIN] 2026-04-26 08:02:26 step=800/67071 (1.19%) epoch=1/3 epoch_step=800/22357 (3.58%) loss=0.427406 lr=7.33167e-05 elapsed=01:23:58 eta=115:56:08 val_mrr=0.217282
[TRAIN] 2026-04-26 08:03:02 step=810/67071 (1.21%) epoch=1/3 epoch_step=810/22357 (3.62%) loss=0.402093 lr=7.41447e-05 elapsed=01:24:35 eta=115:18:52 val_mrr=0.217282
[TRAIN] 2026-04-26 08:03:38 step=820/67071 (1.22%) epoch=1/3 epoch_step=820/22357 (3.67%) loss=0.424004 lr=7.49825e-05 elapsed=01:25:11 eta=114:42:08 val_mrr=0.217282
[TRAIN] 2026-04-26 08:04:15 step=830/67071 (1.24%) epoch=1/3 epoch_step=830/22357 (3.71%) loss=0.398169 lr=7.58301e-05 elapsed=01:25:48 eta=114:07:08 val_mrr=0.217282
[TRAIN] 2026-04-26 08:04:52 step=840/67071 (1.25%) epoch=1/3 epoch_step=840/22357 (3.76%) loss=0.428112 lr=7.66875e-05 elapsed=01:26:25 eta=113:33:16 val_mrr=0.217282
[TRAIN] 2026-04-26 08:05:29 step=850/67071 (1.27%) epoch=1/3 epoch_step=850/22357 (3.80%) loss=0.427649 lr=7.75546e-05 elapsed=01:27:01 eta=112:59:27 val_mrr=0.217282
[TRAIN] 2026-04-26 08:06:05 step=860/67071 (1.28%) epoch=1/3 epoch_step=860/22357 (3.85%) loss=0.403027 lr=7.84313e-05 elapsed=01:27:37 eta=112:25:54 val_mrr=0.217282
[TRAIN] 2026-04-26 08:06:40 step=870/67071 (1.30%) epoch=1/3 epoch_step=870/22357 (3.89%) loss=0.426166 lr=7.93178e-05 elapsed=01:28:13 eta=111:52:53 val_mrr=0.217282
[TRAIN] 2026-04-26 08:07:16 step=880/67071 (1.31%) epoch=1/3 epoch_step=880/22357 (3.94%) loss=0.425466 lr=8.0214e-05 elapsed=01:28:49 eta=111:20:21 val_mrr=0.217282
[TRAIN] 2026-04-26 08:07:52 step=890/67071 (1.33%) epoch=1/3 epoch_step=890/22357 (3.98%) loss=0.423887 lr=8.11198e-05 elapsed=01:29:24 eta=110:48:05 val_mrr=0.217282
[TRAIN] 2026-04-26 08:08:30 step=900/67071 (1.34%) epoch=1/3 epoch_step=900/22357 (4.03%) loss=0.400143 lr=8.20352e-05 elapsed=01:30:03 eta=110:20:57 val_mrr=0.217282
[TRAIN] 2026-04-26 08:09:10 step=910/67071 (1.36%) epoch=1/3 epoch_step=910/22357 (4.07%) loss=0.413794 lr=8.29602e-05 elapsed=01:30:43 eta=109:55:08 val_mrr=0.217282
[TRAIN] 2026-04-26 08:09:49 step=920/67071 (1.37%) epoch=1/3 epoch_step=920/22357 (4.12%) loss=0.436779 lr=8.38948e-05 elapsed=01:31:21 eta=109:28:40 val_mrr=0.217282
[TRAIN] 2026-04-26 08:10:27 step=930/67071 (1.39%) epoch=1/3 epoch_step=930/22357 (4.16%) loss=0.405763 lr=8.4839e-05 elapsed=01:32:00 eta=109:02:43 val_mrr=0.217282
[TRAIN] 2026-04-26 08:11:05 step=940/67071 (1.40%) epoch=1/3 epoch_step=940/22357 (4.20%) loss=0.409043 lr=8.57928e-05 elapsed=01:32:38 eta=108:36:35 val_mrr=0.217282
[TRAIN] 2026-04-26 08:11:41 step=950/67071 (1.42%) epoch=1/3 epoch_step=950/22357 (4.25%) loss=0.433212 lr=8.67561e-05 elapsed=01:33:14 eta=108:08:53 val_mrr=0.217282
[TRAIN] 2026-04-26 08:12:18 step=960/67071 (1.43%) epoch=1/3 epoch_step=960/22357 (4.29%) loss=0.409386 lr=8.77289e-05 elapsed=01:33:51 eta=107:42:48 val_mrr=0.217282
[TRAIN] 2026-04-26 08:12:56 step=970/67071 (1.45%) epoch=1/3 epoch_step=970/22357 (4.34%) loss=0.423447 lr=8.87111e-05 elapsed=01:34:29 eta=107:18:14 val_mrr=0.217282
[TRAIN] 2026-04-26 08:13:34 step=980/67071 (1.46%) epoch=1/3 epoch_step=980/22357 (4.38%) loss=0.401285 lr=8.97029e-05 elapsed=01:35:07 eta=106:54:15 val_mrr=0.217282
[TRAIN] 2026-04-26 08:14:12 step=990/67071 (1.48%) epoch=1/3 epoch_step=990/22357 (4.43%) loss=0.420794 lr=9.07041e-05 elapsed=01:35:45 eta=106:31:07 val_mrr=0.217282
[STAGE] 2026-04-26 08:14:51 val prep subsets global=50000 art_art=1986 art_any=50000
[STAGE] 2026-04-26 08:14:51 val prep negatives global=50000 art_art=1986 art_any=50000
[STAGE] 2026-04-26 08:14:51 val start step=1000 epoch=0 task=relation_ranking subset=global triples=50000 batches=98 eval_batch_size=512
[STAGE] 2026-04-26 08:21:30 val start step=1000 epoch=0 task=triple_scoring subset=global triples=50000 batches=98 eval_batch_size=512
[STAGE] 2026-04-26 08:29:48 val start step=1000 epoch=0 task=relation_ranking subset=art_art triples=1986 batches=4 eval_batch_size=512
[STAGE] 2026-04-26 08:30:13 val start step=1000 epoch=0 task=triple_scoring subset=art_art triples=1986 batches=4 eval_batch_size=512
[STAGE] 2026-04-26 08:30:48 val start step=1000 epoch=0 task=relation_ranking subset=art_any triples=50000 batches=98 eval_batch_size=512
[STAGE] 2026-04-26 08:37:34 val start step=1000 epoch=0 task=triple_scoring subset=art_any triples=50000 batches=98 eval_batch_size=512
[VAL] 2026-04-26 08:49:00 step=1000 epoch=0 mrr=0.460646 aucpr=0.904129 art_art_mrr=0.122653 art_art_aucpr=0.640768 art_any_mrr=0.460087 art_any_aucpr=0.694925
[TRAIN] 2026-04-26 08:49:03 step=1000/67071 (1.49%) epoch=1/3 epoch_step=1000/22357 (4.47%) loss=0.380539 lr=9.17147e-05 elapsed=02:10:36 eta=143:48:47 val_mrr=0.460646
[TRAIN] 2026-04-26 08:49:42 step=1010/67071 (1.51%) epoch=1/3 epoch_step=1010/22357 (4.52%) loss=0.385040 lr=9.27347e-05 elapsed=02:11:15 eta=143:04:11 val_mrr=0.460646
[TRAIN] 2026-04-26 08:50:20 step=1020/67071 (1.52%) epoch=1/3 epoch_step=1020/22357 (4.56%) loss=0.397160 lr=9.37641e-05 elapsed=02:11:53 eta=142:20:16 val_mrr=0.460646
[TRAIN] 2026-04-26 08:50:59 step=1030/67071 (1.54%) epoch=1/3 epoch_step=1030/22357 (4.61%) loss=0.382573 lr=9.48028e-05 elapsed=02:12:32 eta=141:37:32 val_mrr=0.460646
[TRAIN] 2026-04-26 08:51:38 step=1040/67071 (1.55%) epoch=1/3 epoch_step=1040/22357 (4.65%) loss=0.396978 lr=9.58509e-05 elapsed=02:13:11 eta=140:55:35 val_mrr=0.460646
[TRAIN] 2026-04-26 08:52:17 step=1050/67071 (1.57%) epoch=1/3 epoch_step=1050/22357 (4.70%) loss=0.398016 lr=9.69082e-05 elapsed=02:13:49 eta=140:14:29 val_mrr=0.460646
[TRAIN] 2026-04-26 08:52:55 step=1060/67071 (1.58%) epoch=1/3 epoch_step=1060/22357 (4.74%) loss=0.353891 lr=9.79749e-05 elapsed=02:14:28 eta=139:33:40 val_mrr=0.460646
[TRAIN] 2026-04-26 08:53:33 step=1070/67071 (1.60%) epoch=1/3 epoch_step=1070/22357 (4.79%) loss=0.399213 lr=9.90508e-05 elapsed=02:15:06 eta=138:53:21 val_mrr=0.460646
[TRAIN] 2026-04-26 08:54:12 step=1080/67071 (1.61%) epoch=1/3 epoch_step=1080/22357 (4.83%) loss=0.382181 lr=0.000100136 elapsed=02:15:44 eta=138:13:57 val_mrr=0.460646
[TRAIN] 2026-04-26 08:54:50 step=1090/67071 (1.63%) epoch=1/3 epoch_step=1090/22357 (4.88%) loss=0.366614 lr=0.00010123 elapsed=02:16:23 eta=137:35:33 val_mrr=0.460646
[TRAIN] 2026-04-26 08:55:29 step=1100/67071 (1.64%) epoch=1/3 epoch_step=1100/22357 (4.92%) loss=0.362787 lr=0.000102334 elapsed=02:17:02 eta=136:58:04 val_mrr=0.460646
[TRAIN] 2026-04-26 08:56:07 step=1110/67071 (1.65%) epoch=1/3 epoch_step=1110/22357 (4.96%) loss=0.362168 lr=0.000103447 elapsed=02:17:39 eta=136:20:04 val_mrr=0.460646
[TRAIN] 2026-04-26 08:56:45 step=1120/67071 (1.67%) epoch=1/3 epoch_step=1120/22357 (5.01%) loss=0.383512 lr=0.000104569 elapsed=02:18:18 eta=135:43:33 val_mrr=0.460646
[TRAIN] 2026-04-26 08:57:22 step=1130/67071 (1.68%) epoch=1/3 epoch_step=1130/22357 (5.05%) loss=0.373964 lr=0.0001057 elapsed=02:18:55 eta=135:06:09 val_mrr=0.460646
[TRAIN] 2026-04-26 08:57:59 step=1140/67071 (1.70%) epoch=1/3 epoch_step=1140/22357 (5.10%) loss=0.372537 lr=0.00010684 elapsed=02:19:31 eta=134:29:16 val_mrr=0.460646
[TRAIN] 2026-04-26 08:58:36 step=1150/67071 (1.71%) epoch=1/3 epoch_step=1150/22357 (5.14%) loss=0.340559 lr=0.000107989 elapsed=02:20:09 eta=133:53:32 val_mrr=0.460646
[TRAIN] 2026-04-26 08:59:13 step=1160/67071 (1.73%) epoch=1/3 epoch_step=1160/22357 (5.19%) loss=0.367405 lr=0.000109147 elapsed=02:20:46 eta=133:17:59 val_mrr=0.460646
[TRAIN] 2026-04-26 08:59:50 step=1170/67071 (1.74%) epoch=1/3 epoch_step=1170/22357 (5.23%) loss=0.355770 lr=0.000110314 elapsed=02:21:23 eta=132:43:38 val_mrr=0.460646
[TRAIN] 2026-04-26 09:00:27 step=1180/67071 (1.76%) epoch=1/3 epoch_step=1180/22357 (5.28%) loss=0.342057 lr=0.00011149 elapsed=02:22:00 eta=132:09:05 val_mrr=0.460646
[TRAIN] 2026-04-26 09:01:04 step=1190/67071 (1.77%) epoch=1/3 epoch_step=1190/22357 (5.32%) loss=0.372034 lr=0.000112676 elapsed=02:22:37 eta=131:35:36 val_mrr=0.460646
[TRAIN] 2026-04-26 09:01:44 step=1200/67071 (1.79%) epoch=1/3 epoch_step=1200/22357 (5.37%) loss=0.333317 lr=0.00011387 elapsed=02:23:16 eta=131:04:26 val_mrr=0.460646
[TRAIN] 2026-04-26 09:02:21 step=1210/67071 (1.80%) epoch=1/3 epoch_step=1210/22357 (5.41%) loss=0.349671 lr=0.000115073 elapsed=02:23:54 eta=130:32:33 val_mrr=0.460646
[TRAIN] 2026-04-26 09:02:59 step=1220/67071 (1.82%) epoch=1/3 epoch_step=1220/22357 (5.46%) loss=0.347956 lr=0.000116285 elapsed=02:24:32 eta=130:00:57 val_mrr=0.460646
[TRAIN] 2026-04-26 09:03:36 step=1230/67071 (1.83%) epoch=1/3 epoch_step=1230/22357 (5.50%) loss=0.334648 lr=0.000117505 elapsed=02:25:09 eta=129:29:53 val_mrr=0.460646
[TRAIN] 2026-04-26 09:04:15 step=1240/67071 (1.85%) epoch=1/3 epoch_step=1240/22357 (5.55%) loss=0.332255 lr=0.000118735 elapsed=02:25:47 eta=128:59:54 val_mrr=0.460646
[TRAIN] 2026-04-26 09:04:53 step=1250/67071 (1.86%) epoch=1/3 epoch_step=1250/22357 (5.59%) loss=0.354053 lr=0.000119973 elapsed=02:26:26 eta=128:30:24 val_mrr=0.460646
[TRAIN] 2026-04-26 09:05:30 step=1260/67071 (1.88%) epoch=1/3 epoch_step=1260/22357 (5.64%) loss=0.360005 lr=0.00012122 elapsed=02:27:03 eta=128:00:35 val_mrr=0.460646
[TRAIN] 2026-04-26 09:06:08 step=1270/67071 (1.89%) epoch=1/3 epoch_step=1270/22357 (5.68%) loss=0.387236 lr=0.000122476 elapsed=02:27:41 eta=127:31:48 val_mrr=0.460646
[TRAIN] 2026-04-26 09:06:47 step=1280/67071 (1.91%) epoch=1/3 epoch_step=1280/22357 (5.73%) loss=0.338591 lr=0.000123741 elapsed=02:28:19 eta=127:03:33 val_mrr=0.460646
[TRAIN] 2026-04-26 09:07:24 step=1290/67071 (1.92%) epoch=1/3 epoch_step=1290/22357 (5.77%) loss=0.340207 lr=0.000125014 elapsed=02:28:57 eta=126:35:10 val_mrr=0.460646
[TRAIN] 2026-04-26 09:08:03 step=1300/67071 (1.94%) epoch=1/3 epoch_step=1300/22357 (5.81%) loss=0.299674 lr=0.000126296 elapsed=02:29:36 eta=126:08:49 val_mrr=0.460646
[TRAIN] 2026-04-26 09:08:41 step=1310/67071 (1.95%) epoch=1/3 epoch_step=1310/22357 (5.86%) loss=0.337592 lr=0.000127587 elapsed=02:30:13 eta=125:40:58 val_mrr=0.460646
[TRAIN] 2026-04-26 09:09:18 step=1320/67071 (1.97%) epoch=1/3 epoch_step=1320/22357 (5.90%) loss=0.296604 lr=0.000128886 elapsed=02:30:50 eta=125:13:31 val_mrr=0.460646
[TRAIN] 2026-04-26 09:09:56 step=1330/67071 (1.98%) epoch=1/3 epoch_step=1330/22357 (5.95%) loss=0.349095 lr=0.000130194 elapsed=02:31:29 eta=124:47:26 val_mrr=0.460646
[TRAIN] 2026-04-26 09:10:34 step=1340/67071 (2.00%) epoch=1/3 epoch_step=1340/22357 (5.99%) loss=0.314677 lr=0.000131511 elapsed=02:32:07 eta=124:21:40 val_mrr=0.460646
[TRAIN] 2026-04-26 09:11:12 step=1350/67071 (2.01%) epoch=1/3 epoch_step=1350/22357 (6.04%) loss=0.291770 lr=0.000132836 elapsed=02:32:44 eta=123:55:35 val_mrr=0.460646
[TRAIN] 2026-04-26 09:11:51 step=1360/67071 (2.03%) epoch=1/3 epoch_step=1360/22357 (6.08%) loss=0.321313 lr=0.000134169 elapsed=02:33:23 eta=123:31:21 val_mrr=0.460646
[TRAIN] 2026-04-26 09:12:29 step=1370/67071 (2.04%) epoch=1/3 epoch_step=1370/22357 (6.13%) loss=0.327530 lr=0.000135511 elapsed=02:34:02 eta=123:06:43 val_mrr=0.460646
[TRAIN] 2026-04-26 09:13:07 step=1380/67071 (2.06%) epoch=1/3 epoch_step=1380/22357 (6.17%) loss=0.318814 lr=0.000136861 elapsed=02:34:39 eta=122:41:51 val_mrr=0.460646
[TRAIN] 2026-04-26 09:13:43 step=1390/67071 (2.07%) epoch=1/3 epoch_step=1390/22357 (6.22%) loss=0.309589 lr=0.00013822 elapsed=02:35:16 eta=122:16:51 val_mrr=0.460646
[TRAIN] 2026-04-26 09:14:23 step=1400/67071 (2.09%) epoch=1/3 epoch_step=1400/22357 (6.26%) loss=0.293447 lr=0.000139587 elapsed=02:35:56 eta=121:54:27 val_mrr=0.460646
[TRAIN] 2026-04-26 09:15:01 step=1410/67071 (2.10%) epoch=1/3 epoch_step=1410/22357 (6.31%) loss=0.333881 lr=0.000140963 elapsed=02:36:34 eta=121:30:50 val_mrr=0.460646
[TRAIN] 2026-04-26 09:15:39 step=1420/67071 (2.12%) epoch=1/3 epoch_step=1420/22357 (6.35%) loss=0.311798 lr=0.000142346 elapsed=02:37:12 eta=121:07:46 val_mrr=0.460646
[TRAIN] 2026-04-26 09:16:17 step=1430/67071 (2.13%) epoch=1/3 epoch_step=1430/22357 (6.40%) loss=0.280064 lr=0.000143739 elapsed=02:37:50 eta=120:44:38 val_mrr=0.460646
[TRAIN] 2026-04-26 09:16:55 step=1440/67071 (2.15%) epoch=1/3 epoch_step=1440/22357 (6.44%) loss=0.311227 lr=0.000145139 elapsed=02:38:28 eta=120:22:12 val_mrr=0.460646
[TRAIN] 2026-04-26 09:17:33 step=1450/67071 (2.16%) epoch=1/3 epoch_step=1450/22357 (6.49%) loss=0.322792 lr=0.000146547 elapsed=02:39:05 eta=119:59:46 val_mrr=0.460646
[TRAIN] 2026-04-26 09:18:11 step=1460/67071 (2.18%) epoch=1/3 epoch_step=1460/22357 (6.53%) loss=0.332209 lr=0.000147964 elapsed=02:39:43 eta=119:37:49 val_mrr=0.460646
[TRAIN] 2026-04-26 09:18:49 step=1470/67071 (2.19%) epoch=1/3 epoch_step=1470/22357 (6.58%) loss=0.320221 lr=0.000149389 elapsed=02:40:22 eta=119:16:16 val_mrr=0.460646
[TRAIN] 2026-04-26 09:19:26 step=1480/67071 (2.21%) epoch=1/3 epoch_step=1480/22357 (6.62%) loss=0.266929 lr=0.000150822 elapsed=02:40:59 eta=118:54:17 val_mrr=0.460646
[TRAIN] 2026-04-26 09:20:04 step=1490/67071 (2.22%) epoch=1/3 epoch_step=1490/22357 (6.66%) loss=0.305793 lr=0.000152263 elapsed=02:41:37 eta=118:33:28 val_mrr=0.460646
[STAGE] 2026-04-26 09:20:42 val prep subsets global=50000 art_art=1986 art_any=50000
[STAGE] 2026-04-26 09:20:42 val prep negatives global=50000 art_art=1986 art_any=50000
[STAGE] 2026-04-26 09:20:42 val start step=1500 epoch=0 task=relation_ranking subset=global triples=50000 batches=98 eval_batch_size=512
[STAGE] 2026-04-26 09:27:17 val start step=1500 epoch=0 task=triple_scoring subset=global triples=50000 batches=98 eval_batch_size=512
[STAGE] 2026-04-26 09:35:29 val start step=1500 epoch=0 task=relation_ranking subset=art_art triples=1986 batches=4 eval_batch_size=512
[STAGE] 2026-04-26 09:35:52 val start step=1500 epoch=0 task=triple_scoring subset=art_art triples=1986 batches=4 eval_batch_size=512
[STAGE] 2026-04-26 09:36:25 val start step=1500 epoch=0 task=relation_ranking subset=art_any triples=50000 batches=98 eval_batch_size=512
[STAGE] 2026-04-26 09:43:05 val start step=1500 epoch=0 task=triple_scoring subset=art_any triples=50000 batches=98 eval_batch_size=512
[VAL] 2026-04-26 09:55:19 step=1500 epoch=0 mrr=0.587712 aucpr=0.913731 art_art_mrr=0.104705 art_art_aucpr=0.672069 art_any_mrr=0.589372 art_any_aucpr=0.720384
[TRAIN] 2026-04-26 09:55:22 step=1500/67071 (2.24%) epoch=1/3 epoch_step=1500/22357 (6.71%) loss=0.342100 lr=0.000153713 elapsed=03:16:55 eta=143:28:02 val_mrr=0.587712
[TRAIN] 2026-04-26 09:56:04 step=1510/67071 (2.25%) epoch=1/3 epoch_step=1510/22357 (6.75%) loss=0.340629 lr=0.00015517 elapsed=03:17:36 eta=142:59:35 val_mrr=0.587712
[TRAIN] 2026-04-26 09:56:44 step=1520/67071 (2.27%) epoch=1/3 epoch_step=1520/22357 (6.80%) loss=0.313208 lr=0.000156635 elapsed=03:18:17 eta=142:30:49 val_mrr=0.587712
[TRAIN] 2026-04-26 09:57:24 step=1530/67071 (2.28%) epoch=1/3 epoch_step=1530/22357 (6.84%) loss=0.293685 lr=0.000158108 elapsed=03:18:56 eta=142:02:02 val_mrr=0.587712
[TRAIN] 2026-04-26 09:58:02 step=1540/67071 (2.30%) epoch=1/3 epoch_step=1540/22357 (6.89%) loss=0.317609 lr=0.00015959 elapsed=03:19:35 eta=141:32:47 val_mrr=0.587712
[TRAIN] 2026-04-26 09:58:43 step=1550/67071 (2.31%) epoch=1/3 epoch_step=1550/22357 (6.93%) loss=0.273341 lr=0.000161079 elapsed=03:20:15 eta=141:05:10 val_mrr=0.587712
[TRAIN] 2026-04-26 09:59:23 step=1560/67071 (2.33%) epoch=1/3 epoch_step=1560/22357 (6.98%) loss=0.303863 lr=0.000162576 elapsed=03:20:56 eta=140:37:42 val_mrr=0.587712
[TRAIN] 2026-04-26 10:00:03 step=1570/67071 (2.34%) epoch=1/3 epoch_step=1570/22357 (7.02%) loss=0.345337 lr=0.00016408 elapsed=03:21:36 eta=140:10:57 val_mrr=0.587712
[TRAIN] 2026-04-26 10:00:43 step=1580/67071 (2.36%) epoch=1/3 epoch_step=1580/22357 (7.07%) loss=0.293778 lr=0.000165593 elapsed=03:22:15 eta=139:43:27 val_mrr=0.587712
[TRAIN] 2026-04-26 10:01:21 step=1590/67071 (2.37%) epoch=1/3 epoch_step=1590/22357 (7.11%) loss=0.282960 lr=0.000167114 elapsed=03:22:53 eta=139:15:30 val_mrr=0.587712
[TRAIN] 2026-04-26 10:01:59 step=1600/67071 (2.39%) epoch=1/3 epoch_step=1600/22357 (7.16%) loss=0.330044 lr=0.000168642 elapsed=03:23:32 eta=138:48:19 val_mrr=0.587712
[TRAIN] 2026-04-26 10:02:37 step=1610/67071 (2.40%) epoch=1/3 epoch_step=1610/22357 (7.20%) loss=0.348883 lr=0.000170178 elapsed=03:24:10 eta=138:20:59 val_mrr=0.587712
[TRAIN] 2026-04-26 10:03:15 step=1620/67071 (2.42%) epoch=1/3 epoch_step=1620/22357 (7.25%) loss=0.297550 lr=0.000171721 elapsed=03:24:47 eta=137:53:53 val_mrr=0.587712
[TRAIN] 2026-04-26 10:03:51 step=1630/67071 (2.43%) epoch=1/3 epoch_step=1630/22357 (7.29%) loss=0.288334 lr=0.000173272 elapsed=03:25:24 eta=137:26:12 val_mrr=0.587712
[TRAIN] 2026-04-26 10:04:27 step=1640/67071 (2.45%) epoch=1/3 epoch_step=1640/22357 (7.34%) loss=0.265233 lr=0.000174831 elapsed=03:26:00 eta=136:58:47 val_mrr=0.587712
[TRAIN] 2026-04-26 10:05:05 step=1650/67071 (2.46%) epoch=1/3 epoch_step=1650/22357 (7.38%) loss=0.299353 lr=0.000176397 elapsed=03:26:38 eta=136:32:42 val_mrr=0.587712
[TRAIN] 2026-04-26 10:05:41 step=1660/67071 (2.47%) epoch=1/3 epoch_step=1660/22357 (7.42%) loss=0.329119 lr=0.000177971 elapsed=03:27:14 eta=136:05:42 val_mrr=0.587712
[TRAIN] 2026-04-26 10:06:18 step=1670/67071 (2.49%) epoch=1/3 epoch_step=1670/22357 (7.47%) loss=0.288466 lr=0.000179553 elapsed=03:27:51 eta=135:39:42 val_mrr=0.587712
[TRAIN] 2026-04-26 10:06:55 step=1680/67071 (2.50%) epoch=1/3 epoch_step=1680/22357 (7.51%) loss=0.310465 lr=0.000181142 elapsed=03:28:28 eta=135:14:05 val_mrr=0.587712
[TRAIN] 2026-04-26 10:07:31 step=1690/67071 (2.52%) epoch=1/3 epoch_step=1690/22357 (7.56%) loss=0.301727 lr=0.000182738 elapsed=03:29:04 eta=134:48:16 val_mrr=0.587712
[TRAIN] 2026-04-26 10:08:11 step=1700/67071 (2.53%) epoch=1/3 epoch_step=1700/22357 (7.60%) loss=0.305785 lr=0.000184342 elapsed=03:29:43 eta=134:24:33 val_mrr=0.587712
[TRAIN] 2026-04-26 10:08:48 step=1710/67071 (2.55%) epoch=1/3 epoch_step=1710/22357 (7.65%) loss=0.295109 lr=0.000185953 elapsed=03:30:21 eta=134:00:05 val_mrr=0.587712
[TRAIN] 2026-04-26 10:09:26 step=1720/67071 (2.56%) epoch=1/3 epoch_step=1720/22357 (7.69%) loss=0.292067 lr=0.000187571 elapsed=03:30:59 eta=133:36:08 val_mrr=0.587712
[TRAIN] 2026-04-26 10:10:03 step=1730/67071 (2.58%) epoch=1/3 epoch_step=1730/22357 (7.74%) loss=0.306495 lr=0.000189197 elapsed=03:31:36 eta=133:12:06 val_mrr=0.587712
[TRAIN] 2026-04-26 10:10:41 step=1740/67071 (2.59%) epoch=1/3 epoch_step=1740/22357 (7.78%) loss=0.303893 lr=0.00019083 elapsed=03:32:14 eta=132:48:25 val_mrr=0.587712
[TRAIN] 2026-04-26 10:11:19 step=1750/67071 (2.61%) epoch=1/3 epoch_step=1750/22357 (7.83%) loss=0.278938 lr=0.00019247 elapsed=03:32:52 eta=132:25:13 val_mrr=0.587712
[TRAIN] 2026-04-26 10:11:58 step=1760/67071 (2.62%) epoch=1/3 epoch_step=1760/22357 (7.87%) loss=0.292487 lr=0.000194118 elapsed=03:33:30 eta=132:02:49 val_mrr=0.587712
[TRAIN] 2026-04-26 10:12:35 step=1770/67071 (2.64%) epoch=1/3 epoch_step=1770/22357 (7.92%) loss=0.268645 lr=0.000195772 elapsed=03:34:08 eta=131:39:49 val_mrr=0.587712
[TRAIN] 2026-04-26 10:13:13 step=1780/67071 (2.65%) epoch=1/3 epoch_step=1780/22357 (7.96%) loss=0.287033 lr=0.000197434 elapsed=03:34:45 eta=131:17:23 val_mrr=0.587712
[TRAIN] 2026-04-26 10:13:52 step=1790/67071 (2.67%) epoch=1/3 epoch_step=1790/22357 (8.01%) loss=0.263075 lr=0.000199103 elapsed=03:35:24 eta=130:55:44 val_mrr=0.587712
[TRAIN] 2026-04-26 10:14:31 step=1800/67071 (2.68%) epoch=1/3 epoch_step=1800/22357 (8.05%) loss=0.258701 lr=0.000200778 elapsed=03:36:04 eta=130:34:54 val_mrr=0.587712
[TRAIN] 2026-04-26 10:15:10 step=1810/67071 (2.70%) epoch=1/3 epoch_step=1810/22357 (8.10%) loss=0.291551 lr=0.000202461 elapsed=03:36:42 eta=130:13:25 val_mrr=0.587712
[TRAIN] 2026-04-26 10:15:47 step=1820/67071 (2.71%) epoch=1/3 epoch_step=1820/22357 (8.14%) loss=0.243343 lr=0.000204151 elapsed=03:37:19 eta=129:51:35 val_mrr=0.587712
[TRAIN] 2026-04-26 10:16:23 step=1830/67071 (2.73%) epoch=1/3 epoch_step=1830/22357 (8.19%) loss=0.275890 lr=0.000205848 elapsed=03:37:56 eta=129:29:18 val_mrr=0.587712
[TRAIN] 2026-04-26 10:16:59 step=1840/67071 (2.74%) epoch=1/3 epoch_step=1840/22357 (8.23%) loss=0.273643 lr=0.000207551 elapsed=03:38:32 eta=129:07:28 val_mrr=0.587712
[TRAIN] 2026-04-26 10:17:36 step=1850/67071 (2.76%) epoch=1/3 epoch_step=1850/22357 (8.27%) loss=0.297175 lr=0.000209262 elapsed=03:39:09 eta=128:45:45 val_mrr=0.587712
[TRAIN] 2026-04-26 10:18:13 step=1860/67071 (2.77%) epoch=1/3 epoch_step=1860/22357 (8.32%) loss=0.256044 lr=0.000210979 elapsed=03:39:45 eta=128:24:29 val_mrr=0.587712
[TRAIN] 2026-04-26 10:18:49 step=1870/67071 (2.79%) epoch=1/3 epoch_step=1870/22357 (8.36%) loss=0.290107 lr=0.000212703 elapsed=03:40:22 eta=128:03:25 val_mrr=0.587712
[TRAIN] 2026-04-26 10:19:26 step=1880/67071 (2.80%) epoch=1/3 epoch_step=1880/22357 (8.41%) loss=0.261647 lr=0.000214434 elapsed=03:40:59 eta=127:42:41 val_mrr=0.587712
[TRAIN] 2026-04-26 10:20:04 step=1890/67071 (2.82%) epoch=1/3 epoch_step=1890/22357 (8.45%) loss=0.294874 lr=0.000216171 elapsed=03:41:36 eta=127:22:39 val_mrr=0.587712
[TRAIN] 2026-04-26 10:20:42 step=1900/67071 (2.83%) epoch=1/3 epoch_step=1900/22357 (8.50%) loss=0.286964 lr=0.000217915 elapsed=03:42:15 eta=127:03:08 val_mrr=0.587712
[TRAIN] 2026-04-26 10:21:18 step=1910/67071 (2.85%) epoch=1/3 epoch_step=1910/22357 (8.54%) loss=0.271636 lr=0.000219666 elapsed=03:42:51 eta=126:42:44 val_mrr=0.587712
[TRAIN] 2026-04-26 10:21:56 step=1920/67071 (2.86%) epoch=1/3 epoch_step=1920/22357 (8.59%) loss=0.271589 lr=0.000221424 elapsed=03:43:29 eta=126:23:11 val_mrr=0.587712
[TRAIN] 2026-04-26 10:22:33 step=1930/67071 (2.88%) epoch=1/3 epoch_step=1930/22357 (8.63%) loss=0.280342 lr=0.000223188 elapsed=03:44:06 eta=126:03:47 val_mrr=0.587712
[TRAIN] 2026-04-26 10:23:09 step=1940/67071 (2.89%) epoch=1/3 epoch_step=1940/22357 (8.68%) loss=0.251867 lr=0.000224958 elapsed=03:44:42 eta=125:43:52 val_mrr=0.587712
[TRAIN] 2026-04-26 10:23:46 step=1950/67071 (2.91%) epoch=1/3 epoch_step=1950/22357 (8.72%) loss=0.276236 lr=0.000226735 elapsed=03:45:19 eta=125:24:18 val_mrr=0.587712
[TRAIN] 2026-04-26 10:24:21 step=1960/67071 (2.92%) epoch=1/3 epoch_step=1960/22357 (8.77%) loss=0.269691 lr=0.000228518 elapsed=03:45:54 eta=125:04:24 val_mrr=0.587712
[TRAIN] 2026-04-26 10:24:57 step=1970/67071 (2.94%) epoch=1/3 epoch_step=1970/22357 (8.81%) loss=0.294096 lr=0.000230308 elapsed=03:46:30 eta=124:44:57 val_mrr=0.587712
[TRAIN] 2026-04-26 10:25:36 step=1980/67071 (2.95%) epoch=1/3 epoch_step=1980/22357 (8.86%) loss=0.282565 lr=0.000232104 elapsed=03:47:08 eta=124:27:00 val_mrr=0.587712
[TRAIN] 2026-04-26 10:26:16 step=1990/67071 (2.97%) epoch=1/3 epoch_step=1990/22357 (8.90%) loss=0.274408 lr=0.000233907 elapsed=03:47:48 eta=124:10:10 val_mrr=0.587712
[STAGE] 2026-04-26 10:26:56 val prep subsets global=50000 art_art=1986 art_any=50000
[STAGE] 2026-04-26 10:26:56 val prep negatives global=50000 art_art=1986 art_any=50000
[STAGE] 2026-04-26 10:26:56 val start step=2000 epoch=0 task=relation_ranking subset=global triples=50000 batches=98 eval_batch_size=512
[STAGE] 2026-04-26 10:33:24 val start step=2000 epoch=0 task=triple_scoring subset=global triples=50000 batches=98 eval_batch_size=512
[STAGE] 2026-04-26 10:41:39 val start step=2000 epoch=0 task=relation_ranking subset=art_art triples=1986 batches=4 eval_batch_size=512
[STAGE] 2026-04-26 10:42:03 val start step=2000 epoch=0 task=triple_scoring subset=art_art triples=1986 batches=4 eval_batch_size=512
[STAGE] 2026-04-26 10:42:36 val start step=2000 epoch=0 task=relation_ranking subset=art_any triples=50000 batches=98 eval_batch_size=512
[STAGE] 2026-04-26 10:48:58 val start step=2000 epoch=0 task=triple_scoring subset=art_any triples=50000 batches=98 eval_batch_size=512
[VAL] 2026-04-26 11:00:41 step=2000 epoch=0 mrr=0.712814 aucpr=0.946981 art_art_mrr=0.170001 art_art_aucpr=0.712286 art_any_mrr=0.713084 art_any_aucpr=0.819489
[TRAIN] 2026-04-26 11:00:45 step=2000/67071 (2.98%) epoch=1/3 epoch_step=2000/22357 (8.95%) loss=0.243169 lr=0.000235715 elapsed=04:22:17 eta=142:13:40 val_mrr=0.712814
[TRAIN] 2026-04-26 11:01:23 step=2010/67071 (3.00%) epoch=1/3 epoch_step=2010/22357 (8.99%) loss=0.264255 lr=0.00023753 elapsed=04:22:55 eta=141:50:32 val_mrr=0.712814
[TRAIN] 2026-04-26 11:02:00 step=2020/67071 (3.01%) epoch=1/3 epoch_step=2020/22357 (9.04%) loss=0.245266 lr=0.000239351 elapsed=04:23:33 eta=141:27:04 val_mrr=0.712814
[TRAIN] 2026-04-26 11:02:38 step=2030/67071 (3.03%) epoch=1/3 epoch_step=2030/22357 (9.08%) loss=0.271746 lr=0.000241179 elapsed=04:24:11 eta=141:04:26 val_mrr=0.712814
[TRAIN] 2026-04-26 11:03:16 step=2040/67071 (3.04%) epoch=1/3 epoch_step=2040/22357 (9.12%) loss=0.275870 lr=0.000243012 elapsed=04:24:49 eta=140:41:37 val_mrr=0.712814
[TRAIN] 2026-04-26 11:03:54 step=2050/67071 (3.06%) epoch=1/3 epoch_step=2050/22357 (9.17%) loss=0.282420 lr=0.000244852 elapsed=04:25:27 eta=140:19:26 val_mrr=0.712814
[TRAIN] 2026-04-26 11:04:33 step=2060/67071 (3.07%) epoch=1/3 epoch_step=2060/22357 (9.21%) loss=0.262167 lr=0.000246697 elapsed=04:26:06 eta=139:57:45 val_mrr=0.712814
[TRAIN] 2026-04-26 11:05:11 step=2070/67071 (3.09%) epoch=1/3 epoch_step=2070/22357 (9.26%) loss=0.259278 lr=0.000248549 elapsed=04:26:44 eta=139:35:44 val_mrr=0.712814
[TRAIN] 2026-04-26 11:05:49 step=2080/67071 (3.10%) epoch=1/3 epoch_step=2080/22357 (9.30%) loss=0.235894 lr=0.000250406 elapsed=04:27:22 eta=139:14:03 val_mrr=0.712814
[TRAIN] 2026-04-26 11:06:27 step=2090/67071 (3.12%) epoch=1/3 epoch_step=2090/22357 (9.35%) loss=0.284524 lr=0.00025227 elapsed=04:28:00 eta=138:52:32 val_mrr=0.712814
[TRAIN] 2026-04-26 11:07:07 step=2100/67071 (3.13%) epoch=1/3 epoch_step=2100/22357 (9.39%) loss=0.262425 lr=0.000254139 elapsed=04:28:40 eta=138:32:09 val_mrr=0.712814
[TRAIN] 2026-04-26 11:07:45 step=2110/67071 (3.15%) epoch=1/3 epoch_step=2110/22357 (9.44%) loss=0.261870 lr=0.000256014 elapsed=04:29:18 eta=138:10:58 val_mrr=0.712814
[TRAIN] 2026-04-26 11:08:24 step=2120/67071 (3.16%) epoch=1/3 epoch_step=2120/22357 (9.48%) loss=0.241638 lr=0.000257895 elapsed=04:29:57 eta=137:50:20 val_mrr=0.712814
[TRAIN] 2026-04-26 11:09:02 step=2130/67071 (3.18%) epoch=1/3 epoch_step=2130/22357 (9.53%) loss=0.279294 lr=0.000259782 elapsed=04:30:35 eta=137:29:41 val_mrr=0.712814
[TRAIN] 2026-04-26 11:09:41 step=2140/67071 (3.19%) epoch=1/3 epoch_step=2140/22357 (9.57%) loss=0.274114 lr=0.000261674 elapsed=04:31:14 eta=137:09:40 val_mrr=0.712814
[TRAIN] 2026-04-26 11:10:20 step=2150/67071 (3.21%) epoch=1/3 epoch_step=2150/22357 (9.62%) loss=0.261224 lr=0.000263572 elapsed=04:31:53 eta=136:49:36 val_mrr=0.712814
[TRAIN] 2026-04-26 11:10:59 step=2160/67071 (3.22%) epoch=1/3 epoch_step=2160/22357 (9.66%) loss=0.283482 lr=0.000265476 elapsed=04:32:32 eta=136:30:02 val_mrr=0.712814
[TRAIN] 2026-04-26 11:11:38 step=2170/67071 (3.24%) epoch=1/3 epoch_step=2170/22357 (9.71%) loss=0.257028 lr=0.000267385 elapsed=04:33:11 eta=136:10:22 val_mrr=0.712814
[TRAIN] 2026-04-26 11:12:18 step=2180/67071 (3.25%) epoch=1/3 epoch_step=2180/22357 (9.75%) loss=0.286664 lr=0.0002693 elapsed=04:33:51 eta=135:51:24 val_mrr=0.712814
[TRAIN] 2026-04-26 11:12:58 step=2190/67071 (3.27%) epoch=1/3 epoch_step=2190/22357 (9.80%) loss=0.260268 lr=0.00027122 elapsed=04:34:31 eta=135:32:36 val_mrr=0.712814
[TRAIN] 2026-04-26 11:13:37 step=2200/67071 (3.28%) epoch=1/3 epoch_step=2200/22357 (9.84%) loss=0.274849 lr=0.000273146 elapsed=04:35:10 eta=135:13:33 val_mrr=0.712814
[TRAIN] 2026-04-26 11:14:15 step=2210/67071 (3.30%) epoch=1/3 epoch_step=2210/22357 (9.89%) loss=0.251029 lr=0.000275077 elapsed=04:35:48 eta=134:54:22 val_mrr=0.712814
[TRAIN] 2026-04-26 11:14:53 step=2220/67071 (3.31%) epoch=1/3 epoch_step=2220/22357 (9.93%) loss=0.288984 lr=0.000277014 elapsed=04:36:26 eta=134:35:03 val_mrr=0.712814
[TRAIN] 2026-04-26 11:15:31 step=2230/67071 (3.32%) epoch=1/3 epoch_step=2230/22357 (9.97%) loss=0.233196 lr=0.000278956 elapsed=04:37:03 eta=134:15:47 val_mrr=0.712814
[TRAIN] 2026-04-26 11:16:09 step=2240/67071 (3.34%) epoch=1/3 epoch_step=2240/22357 (10.02%) loss=0.247235 lr=0.000280903 elapsed=04:37:42 eta=133:57:06 val_mrr=0.712814
[TRAIN] 2026-04-26 11:16:47 step=2250/67071 (3.35%) epoch=1/3 epoch_step=2250/22357 (10.06%) loss=0.283343 lr=0.000282855 elapsed=04:38:20 eta=133:38:32 val_mrr=0.712814
[TRAIN] 2026-04-26 11:17:25 step=2260/67071 (3.37%) epoch=1/3 epoch_step=2260/22357 (10.11%) loss=0.284224 lr=0.000284813 elapsed=04:38:57 eta=133:19:47 val_mrr=0.712814
[TRAIN] 2026-04-26 11:18:02 step=2270/67071 (3.38%) epoch=1/3 epoch_step=2270/22357 (10.15%) loss=0.260915 lr=0.000286776 elapsed=04:39:35 eta=133:01:02 val_mrr=0.712814
[TRAIN] 2026-04-26 11:18:40 step=2280/67071 (3.40%) epoch=1/3 epoch_step=2280/22357 (10.20%) loss=0.252712 lr=0.000288744 elapsed=04:40:12 eta=132:42:41 val_mrr=0.712814
[TRAIN] 2026-04-26 11:19:18 step=2290/67071 (3.41%) epoch=1/3 epoch_step=2290/22357 (10.24%) loss=0.224447 lr=0.000290717 elapsed=04:40:50 eta=132:24:30 val_mrr=0.712814
[TRAIN] 2026-04-26 11:19:56 step=2300/67071 (3.43%) epoch=1/3 epoch_step=2300/22357 (10.29%) loss=0.218932 lr=0.000292695 elapsed=04:41:29 eta=132:06:49 val_mrr=0.712814
[TRAIN] 2026-04-26 11:20:33 step=2310/67071 (3.44%) epoch=1/3 epoch_step=2310/22357 (10.33%) loss=0.251138 lr=0.000294678 elapsed=04:42:06 eta=131:48:41 val_mrr=0.712814
[TRAIN] 2026-04-26 11:21:13 step=2320/67071 (3.46%) epoch=1/3 epoch_step=2320/22357 (10.38%) loss=0.211400 lr=0.000296666 elapsed=04:42:45 eta=131:31:39 val_mrr=0.712814
[TRAIN] 2026-04-26 11:21:52 step=2330/67071 (3.47%) epoch=1/3 epoch_step=2330/22357 (10.42%) loss=0.273996 lr=0.000298659 elapsed=04:43:25 eta=131:14:46 val_mrr=0.712814
[TRAIN] 2026-04-26 11:22:31 step=2340/67071 (3.49%) epoch=1/3 epoch_step=2340/22357 (10.47%) loss=0.222098 lr=0.000300656 elapsed=04:44:04 eta=130:58:09 val_mrr=0.712814
[TRAIN] 2026-04-26 11:23:11 step=2350/67071 (3.50%) epoch=1/3 epoch_step=2350/22357 (10.51%) loss=0.242745 lr=0.000302659 elapsed=04:44:44 eta=130:41:39 val_mrr=0.712814
[TRAIN] 2026-04-26 11:23:51 step=2360/67071 (3.52%) epoch=1/3 epoch_step=2360/22357 (10.56%) loss=0.254562 lr=0.000304666 elapsed=04:45:24 eta=130:25:40 val_mrr=0.712814
[TRAIN] 2026-04-26 11:24:32 step=2370/67071 (3.53%) epoch=1/3 epoch_step=2370/22357 (10.60%) loss=0.250771 lr=0.000306678 elapsed=04:46:04 eta=130:09:49 val_mrr=0.712814
[TRAIN] 2026-04-26 11:25:13 step=2380/67071 (3.55%) epoch=1/3 epoch_step=2380/22357 (10.65%) loss=0.231517 lr=0.000308695 elapsed=04:46:45 eta=129:54:17 val_mrr=0.712814
[TRAIN] 2026-04-26 11:25:52 step=2390/67071 (3.56%) epoch=1/3 epoch_step=2390/22357 (10.69%) loss=0.234286 lr=0.000310716 elapsed=04:47:24 eta=129:38:05 val_mrr=0.712814
[TRAIN] 2026-04-26 11:26:32 step=2400/67071 (3.58%) epoch=1/3 epoch_step=2400/22357 (10.73%) loss=0.268851 lr=0.000312742 elapsed=04:48:04 eta=129:22:28 val_mrr=0.712814
[TRAIN] 2026-04-26 11:27:11 step=2410/67071 (3.59%) epoch=1/3 epoch_step=2410/22357 (10.78%) loss=0.265006 lr=0.000314773 elapsed=04:48:44 eta=129:06:36 val_mrr=0.712814
[TRAIN] 2026-04-26 11:27:51 step=2420/67071 (3.61%) epoch=1/3 epoch_step=2420/22357 (10.82%) loss=0.280130 lr=0.000316808 elapsed=04:49:24 eta=128:51:14 val_mrr=0.712814
[TRAIN] 2026-04-26 11:28:30 step=2430/67071 (3.62%) epoch=1/3 epoch_step=2430/22357 (10.87%) loss=0.276739 lr=0.000318847 elapsed=04:50:03 eta=128:35:37 val_mrr=0.712814
[TRAIN] 2026-04-26 11:29:09 step=2440/67071 (3.64%) epoch=1/3 epoch_step=2440/22357 (10.91%) loss=0.258134 lr=0.000320891 elapsed=04:50:42 eta=128:20:02 val_mrr=0.712814
[TRAIN] 2026-04-26 11:29:49 step=2450/67071 (3.65%) epoch=1/3 epoch_step=2450/22357 (10.96%) loss=0.231482 lr=0.000322939 elapsed=04:51:21 eta=128:04:48 val_mrr=0.712814
[TRAIN] 2026-04-26 11:30:27 step=2460/67071 (3.67%) epoch=1/3 epoch_step=2460/22357 (11.00%) loss=0.254036 lr=0.000324992 elapsed=04:52:00 eta=127:49:06 val_mrr=0.712814
[TRAIN] 2026-04-26 11:31:06 step=2470/67071 (3.68%) epoch=1/3 epoch_step=2470/22357 (11.05%) loss=0.265996 lr=0.000327049 elapsed=04:52:39 eta=127:33:51 val_mrr=0.712814
[TRAIN] 2026-04-26 11:31:46 step=2480/67071 (3.70%) epoch=1/3 epoch_step=2480/22357 (11.09%) loss=0.231513 lr=0.00032911 elapsed=04:53:19 eta=127:19:12 val_mrr=0.712814
[TRAIN] 2026-04-26 11:32:23 step=2490/67071 (3.71%) epoch=1/3 epoch_step=2490/22357 (11.14%) loss=0.250544 lr=0.000331175 elapsed=04:53:56 eta=127:03:34 val_mrr=0.712814
[STAGE] 2026-04-26 11:33:01 val prep subsets global=50000 art_art=1986 art_any=50000
[STAGE] 2026-04-26 11:33:01 val prep negatives global=50000 art_art=1986 art_any=50000
[STAGE] 2026-04-26 11:33:01 val start step=2500 epoch=0 task=relation_ranking subset=global triples=50000 batches=98 eval_batch_size=512
[STAGE] 2026-04-26 11:39:28 val start step=2500 epoch=0 task=triple_scoring subset=global triples=50000 batches=98 eval_batch_size=512
[STAGE] 2026-04-26 11:48:11 val start step=2500 epoch=0 task=relation_ranking subset=art_art triples=1986 batches=4 eval_batch_size=512
[STAGE] 2026-04-26 11:48:37 val start step=2500 epoch=0 task=triple_scoring subset=art_art triples=1986 batches=4 eval_batch_size=512
[STAGE] 2026-04-26 11:49:12 val start step=2500 epoch=0 task=relation_ranking subset=art_any triples=50000 batches=98 eval_batch_size=512
[STAGE] 2026-04-26 11:55:51 val start step=2500 epoch=0 task=triple_scoring subset=art_any triples=50000 batches=98 eval_batch_size=512
[VAL] 2026-04-26 12:08:33 step=2500 epoch=0 mrr=0.655302 aucpr=0.953763 art_art_mrr=0.171848 art_art_aucpr=0.768414 art_any_mrr=0.654919 art_any_aucpr=0.848076
[TRAIN] 2026-04-26 12:08:35 step=2500/67071 (3.73%) epoch=1/3 epoch_step=2500/22357 (11.18%) loss=0.241422 lr=0.000333244 elapsed=05:30:07 eta=142:06:34 val_mrr=0.712814
[TRAIN] 2026-04-26 12:09:14 step=2510/67071 (3.74%) epoch=1/3 epoch_step=2510/22357 (11.23%) loss=0.240276 lr=0.000335318 elapsed=05:30:47 eta=141:48:12 val_mrr=0.712814
[TRAIN] 2026-04-26 12:09:55 step=2520/67071 (3.76%) epoch=1/3 epoch_step=2520/22357 (11.27%) loss=0.232336 lr=0.000337395 elapsed=05:31:27 eta=141:30:22 val_mrr=0.712814
[TRAIN] 2026-04-26 12:10:34 step=2530/67071 (3.77%) epoch=1/3 epoch_step=2530/22357 (11.32%) loss=0.208804 lr=0.000339477 elapsed=05:32:07 eta=141:12:13 val_mrr=0.712814
[TRAIN] 2026-04-26 12:11:13 step=2540/67071 (3.79%) epoch=1/3 epoch_step=2540/22357 (11.36%) loss=0.238402 lr=0.000341562 elapsed=05:32:46 eta=140:54:05 val_mrr=0.712814
[TRAIN] 2026-04-26 12:11:52 step=2550/67071 (3.80%) epoch=1/3 epoch_step=2550/22357 (11.41%) loss=0.243061 lr=0.000343652 elapsed=05:33:24 eta=140:36:00 val_mrr=0.712814
[TRAIN] 2026-04-26 12:12:30 step=2560/67071 (3.82%) epoch=1/3 epoch_step=2560/22357 (11.45%) loss=0.227671 lr=0.000345745 elapsed=05:34:03 eta=140:17:56 val_mrr=0.712814
[TRAIN] 2026-04-26 12:13:09 step=2570/67071 (3.83%) epoch=1/3 epoch_step=2570/22357 (11.50%) loss=0.233351 lr=0.000347842 elapsed=05:34:41 eta=139:59:55 val_mrr=0.712814
[TRAIN] 2026-04-26 12:13:46 step=2580/67071 (3.85%) epoch=1/3 epoch_step=2580/22357 (11.54%) loss=0.265123 lr=0.000349943 elapsed=05:35:19 eta=139:41:43 val_mrr=0.712814
[TRAIN] 2026-04-26 12:14:25 step=2590/67071 (3.86%) epoch=1/3 epoch_step=2590/22357 (11.58%) loss=0.232779 lr=0.000352048 elapsed=05:35:58 eta=139:24:10 val_mrr=0.712814
[TRAIN] 2026-04-26 12:15:04 step=2600/67071 (3.88%) epoch=1/3 epoch_step=2600/22357 (11.63%) loss=0.214255 lr=0.000354156 elapsed=05:36:37 eta=139:06:53 val_mrr=0.712814
[TRAIN] 2026-04-26 12:15:43 step=2610/67071 (3.89%) epoch=1/3 epoch_step=2610/22357 (11.67%) loss=0.219812 lr=0.000356268 elapsed=05:37:15 eta=138:49:24 val_mrr=0.712814
[TRAIN] 2026-04-26 12:16:21 step=2620/67071 (3.91%) epoch=1/3 epoch_step=2620/22357 (11.72%) loss=0.231133 lr=0.000358384 elapsed=05:37:54 eta=138:32:05 val_mrr=0.712814
[TRAIN] 2026-04-26 12:17:01 step=2630/67071 (3.92%) epoch=1/3 epoch_step=2630/22357 (11.76%) loss=0.260185 lr=0.000360503 elapsed=05:38:33 eta=138:15:20 val_mrr=0.712814
[TRAIN] 2026-04-26 12:17:40 step=2640/67071 (3.94%) epoch=1/3 epoch_step=2640/22357 (11.81%) loss=0.248034 lr=0.000362626 elapsed=05:39:13 eta=137:58:40 val_mrr=0.712814
[TRAIN] 2026-04-26 12:18:18 step=2650/67071 (3.95%) epoch=1/3 epoch_step=2650/22357 (11.85%) loss=0.239432 lr=0.000364752 elapsed=05:39:50 eta=137:41:25 val_mrr=0.712814
[TRAIN] 2026-04-26 12:18:55 step=2660/67071 (3.97%) epoch=1/3 epoch_step=2660/22357 (11.90%) loss=0.226485 lr=0.000366881 elapsed=05:40:27 eta=137:24:03 val_mrr=0.712814
[TRAIN] 2026-04-26 12:19:33 step=2670/67071 (3.98%) epoch=1/3 epoch_step=2670/22357 (11.94%) loss=0.238877 lr=0.000369014 elapsed=05:41:05 eta=137:07:06 val_mrr=0.712814
[TRAIN] 2026-04-26 12:20:10 step=2680/67071 (4.00%) epoch=1/3 epoch_step=2680/22357 (11.99%) loss=0.242252 lr=0.00037115 elapsed=05:41:43 eta=136:50:10 val_mrr=0.712814
[TRAIN] 2026-04-26 12:20:48 step=2690/67071 (4.01%) epoch=1/3 epoch_step=2690/22357 (12.03%) loss=0.207785 lr=0.00037329 elapsed=05:42:21 eta=136:33:27 val_mrr=0.712814
[TRAIN] 2026-04-26 12:21:27 step=2700/67071 (4.03%) epoch=1/3 epoch_step=2700/22357 (12.08%) loss=0.242314 lr=0.000375432 elapsed=05:43:00 eta=136:17:19 val_mrr=0.712814
[TRAIN] 2026-04-26 12:22:05 step=2710/67071 (4.04%) epoch=1/3 epoch_step=2710/22357 (12.12%) loss=0.212341 lr=0.000377578 elapsed=05:43:37 eta=136:00:49 val_mrr=0.712814
[TRAIN] 2026-04-26 12:22:43 step=2720/67071 (4.06%) epoch=1/3 epoch_step=2720/22357 (12.17%) loss=0.231881 lr=0.000379727 elapsed=05:44:16 eta=135:44:39 val_mrr=0.712814
[TRAIN] 2026-04-26 12:23:21 step=2730/67071 (4.07%) epoch=1/3 epoch_step=2730/22357 (12.21%) loss=0.222623 lr=0.000381879 elapsed=05:44:54 eta=135:28:33 val_mrr=0.712814
[TRAIN] 2026-04-26 12:23:59 step=2740/67071 (4.09%) epoch=1/3 epoch_step=2740/22357 (12.26%) loss=0.230128 lr=0.000384034 elapsed=05:45:32 eta=135:12:35 val_mrr=0.712814
[TRAIN] 2026-04-26 12:24:38 step=2750/67071 (4.10%) epoch=1/3 epoch_step=2750/22357 (12.30%) loss=0.224099 lr=0.000386192 elapsed=05:46:10 eta=134:56:50 val_mrr=0.712814
[TRAIN] 2026-04-26 12:25:16 step=2760/67071 (4.12%) epoch=1/3 epoch_step=2760/22357 (12.35%) loss=0.233617 lr=0.000388353 elapsed=05:46:49 eta=134:41:02 val_mrr=0.712814
[TRAIN] 2026-04-26 12:25:53 step=2770/67071 (4.13%) epoch=1/3 epoch_step=2770/22357 (12.39%) loss=0.201893 lr=0.000390517 elapsed=05:47:26 eta=134:25:05 val_mrr=0.712814
[TRAIN] 2026-04-26 12:26:31 step=2780/67071 (4.14%) epoch=1/3 epoch_step=2780/22357 (12.43%) loss=0.199590 lr=0.000392684 elapsed=05:48:03 eta=134:09:12 val_mrr=0.712814
[TRAIN] 2026-04-26 12:27:09 step=2790/67071 (4.16%) epoch=1/3 epoch_step=2790/22357 (12.48%) loss=0.251603 lr=0.000394853 elapsed=05:48:41 eta=133:53:42 val_mrr=0.712814
[TRAIN] 2026-04-26 12:27:48 step=2800/67071 (4.17%) epoch=1/3 epoch_step=2800/22357 (12.52%) loss=0.244858 lr=0.000397025 elapsed=05:49:21 eta=133:38:51 val_mrr=0.712814
[TRAIN] 2026-04-26 12:28:26 step=2810/67071 (4.19%) epoch=1/3 epoch_step=2810/22357 (12.57%) loss=0.236368 lr=0.0003992 elapsed=05:49:59 eta=133:23:42 val_mrr=0.712814
[TRAIN] 2026-04-26 12:29:04 step=2820/67071 (4.20%) epoch=1/3 epoch_step=2820/22357 (12.61%) loss=0.223329 lr=0.000401378 elapsed=05:50:37 eta=133:08:29 val_mrr=0.712814
[TRAIN] 2026-04-26 12:29:43 step=2830/67071 (4.22%) epoch=1/3 epoch_step=2830/22357 (12.66%) loss=0.230131 lr=0.000403558 elapsed=05:51:16 eta=132:53:36 val_mrr=0.712814
[TRAIN] 2026-04-26 12:30:22 step=2840/67071 (4.23%) epoch=1/3 epoch_step=2840/22357 (12.70%) loss=0.226877 lr=0.000405741 elapsed=05:51:55 eta=132:39:00 val_mrr=0.712814
[TRAIN] 2026-04-26 12:31:01 step=2850/67071 (4.25%) epoch=1/3 epoch_step=2850/22357 (12.75%) loss=0.198836 lr=0.000407926 elapsed=05:52:33 eta=132:24:21 val_mrr=0.712814
[TRAIN] 2026-04-26 12:31:40 step=2860/67071 (4.26%) epoch=1/3 epoch_step=2860/22357 (12.79%) loss=0.225995 lr=0.000410114 elapsed=05:53:13 eta=132:10:15 val_mrr=0.712814
[TRAIN] 2026-04-26 12:32:20 step=2870/67071 (4.28%) epoch=1/3 epoch_step=2870/22357 (12.84%) loss=0.221951 lr=0.000412304 elapsed=05:53:53 eta=131:56:14 val_mrr=0.712814
[TRAIN] 2026-04-26 12:32:59 step=2880/67071 (4.29%) epoch=1/3 epoch_step=2880/22357 (12.88%) loss=0.201049 lr=0.000414496 elapsed=05:54:31 eta=131:41:48 val_mrr=0.712814
[TRAIN] 2026-04-26 12:33:37 step=2890/67071 (4.31%) epoch=1/3 epoch_step=2890/22357 (12.93%) loss=0.216215 lr=0.000416691 elapsed=05:55:10 eta=131:27:35 val_mrr=0.712814
[TRAIN] 2026-04-26 12:34:16 step=2900/67071 (4.32%) epoch=1/3 epoch_step=2900/22357 (12.97%) loss=0.202691 lr=0.000418888 elapsed=05:55:49 eta=131:13:30 val_mrr=0.712814
[TRAIN] 2026-04-26 12:34:55 step=2910/67071 (4.34%) epoch=1/3 epoch_step=2910/22357 (13.02%) loss=0.251014 lr=0.000421088 elapsed=05:56:28 eta=130:59:28 val_mrr=0.712814
[TRAIN] 2026-04-26 12:35:33 step=2920/67071 (4.35%) epoch=1/3 epoch_step=2920/22357 (13.06%) loss=0.232609 lr=0.000423289 elapsed=05:57:06 eta=130:45:13 val_mrr=0.712814
[TRAIN] 2026-04-26 12:36:12 step=2930/67071 (4.37%) epoch=1/3 epoch_step=2930/22357 (13.11%) loss=0.231655 lr=0.000425493 elapsed=05:57:44 eta=130:31:18 val_mrr=0.712814
[TRAIN] 2026-04-26 12:36:51 step=2940/67071 (4.38%) epoch=1/3 epoch_step=2940/22357 (13.15%) loss=0.203821 lr=0.000427698 elapsed=05:58:24 eta=130:17:44 val_mrr=0.712814
[TRAIN] 2026-04-26 12:37:29 step=2950/67071 (4.40%) epoch=1/3 epoch_step=2950/22357 (13.19%) loss=0.232237 lr=0.000429906 elapsed=05:59:02 eta=130:03:58 val_mrr=0.712814
[TRAIN] 2026-04-26 12:38:07 step=2960/67071 (4.41%) epoch=1/3 epoch_step=2960/22357 (13.24%) loss=0.252063 lr=0.000432116 elapsed=05:59:40 eta=129:50:07 val_mrr=0.712814
[TRAIN] 2026-04-26 12:38:47 step=2970/67071 (4.43%) epoch=1/3 epoch_step=2970/22357 (13.28%) loss=0.181428 lr=0.000434327 elapsed=06:00:20 eta=129:36:52 val_mrr=0.712814
[TRAIN] 2026-04-26 12:39:26 step=2980/67071 (4.44%) epoch=1/3 epoch_step=2980/22357 (13.33%) loss=0.250225 lr=0.000436541 elapsed=06:00:59 eta=129:23:33 val_mrr=0.712814
[TRAIN] 2026-04-26 12:40:04 step=2990/67071 (4.46%) epoch=1/3 epoch_step=2990/22357 (13.37%) loss=0.238945 lr=0.000438756 elapsed=06:01:37 eta=129:10:07 val_mrr=0.712814
[STAGE] 2026-04-26 12:40:44 val prep subsets global=50000 art_art=1986 art_any=50000
[STAGE] 2026-04-26 12:40:45 val prep negatives global=50000 art_art=1986 art_any=50000
[STAGE] 2026-04-26 12:40:45 val start step=3000 epoch=0 task=relation_ranking subset=global triples=50000 batches=98 eval_batch_size=512
[STAGE] 2026-04-26 12:47:27 val start step=3000 epoch=0 task=triple_scoring subset=global triples=50000 batches=98 eval_batch_size=512
[STAGE] 2026-04-26 12:56:19 val start step=3000 epoch=0 task=relation_ranking subset=art_art triples=1986 batches=4 eval_batch_size=512
[STAGE] 2026-04-26 12:56:45 val start step=3000 epoch=0 task=triple_scoring subset=art_art triples=1986 batches=4 eval_batch_size=512
[STAGE] 2026-04-26 12:57:21 val start step=3000 epoch=0 task=relation_ranking subset=art_any triples=50000 batches=98 eval_batch_size=512
[STAGE] 2026-04-26 13:04:15 val start step=3000 epoch=0 task=triple_scoring subset=art_any triples=50000 batches=98 eval_batch_size=512
[VAL] 2026-04-26 13:16:14 step=3000 epoch=0 mrr=0.674737 aucpr=0.959510 art_art_mrr=0.182542 art_art_aucpr=0.763864 art_any_mrr=0.671743 art_any_aucpr=0.858671
[TRAIN] 2026-04-26 13:16:16 step=3000/67071 (4.47%) epoch=1/3 epoch_step=3000/22357 (13.42%) loss=0.226612 lr=0.000440973 elapsed=06:37:49 eta=141:36:04 val_mrr=0.712814
[TRAIN] 2026-04-26 13:16:55 step=3010/67071 (4.49%) epoch=1/3 epoch_step=3010/22357 (13.46%) loss=0.204995 lr=0.000443192 elapsed=06:38:27 eta=141:20:11 val_mrr=0.712814
[TRAIN] 2026-04-26 13:17:33 step=3020/67071 (4.50%) epoch=1/3 epoch_step=3020/22357 (13.51%) loss=0.205446 lr=0.000445412 elapsed=06:39:06 eta=141:04:28 val_mrr=0.712814
[TRAIN] 2026-04-26 13:18:12 step=3030/67071 (4.52%) epoch=1/3 epoch_step=3030/22357 (13.55%) loss=0.196952 lr=0.000447634 elapsed=06:39:45 eta=140:49:01 val_mrr=0.712814
[TRAIN] 2026-04-26 13:18:52 step=3040/67071 (4.53%) epoch=1/3 epoch_step=3040/22357 (13.60%) loss=0.248319 lr=0.000449858 elapsed=06:40:25 eta=140:33:48 val_mrr=0.712814
[TRAIN] 2026-04-26 13:19:32 step=3050/67071 (4.55%) epoch=1/3 epoch_step=3050/22357 (13.64%) loss=0.208649 lr=0.000452083 elapsed=06:41:04 eta=140:18:40 val_mrr=0.712814
[TRAIN] 2026-04-26 13:20:10 step=3060/67071 (4.56%) epoch=1/3 epoch_step=3060/22357 (13.69%) loss=0.188307 lr=0.00045431 elapsed=06:41:42 eta=140:03:06 val_mrr=0.712814
[TRAIN] 2026-04-26 13:20:47 step=3070/67071 (4.58%) epoch=1/3 epoch_step=3070/22357 (13.73%) loss=0.203079 lr=0.000456538 elapsed=06:42:20 eta=139:47:36 val_mrr=0.712814
[TRAIN] 2026-04-26 13:21:26 step=3080/67071 (4.59%) epoch=1/3 epoch_step=3080/22357 (13.78%) loss=0.200440 lr=0.000458768 elapsed=06:42:58 eta=139:32:15 val_mrr=0.712814
[TRAIN] 2026-04-26 13:22:04 step=3090/67071 (4.61%) epoch=1/3 epoch_step=3090/22357 (13.82%) loss=0.207986 lr=0.000460999 elapsed=06:43:37 eta=139:17:03 val_mrr=0.712814
[TRAIN] 2026-04-26 13:22:44 step=3100/67071 (4.62%) epoch=1/3 epoch_step=3100/22357 (13.87%) loss=0.211128 lr=0.000463231 elapsed=06:44:17 eta=139:02:41 val_mrr=0.712814
[TRAIN] 2026-04-26 13:23:24 step=3110/67071 (4.64%) epoch=1/3 epoch_step=3110/22357 (13.91%) loss=0.224187 lr=0.000465465 elapsed=06:44:56 eta=138:48:04 val_mrr=0.712814
[TRAIN] 2026-04-26 13:24:04 step=3120/67071 (4.65%) epoch=1/3 epoch_step=3120/22357 (13.96%) loss=0.259316 lr=0.000467699 elapsed=06:45:36 eta=138:33:44 val_mrr=0.712814
[TRAIN] 2026-04-26 13:24:43 step=3130/67071 (4.67%) epoch=1/3 epoch_step=3130/22357 (14.00%) loss=0.234066 lr=0.000469935 elapsed=06:46:16 eta=138:19:25 val_mrr=0.712814
[TRAIN] 2026-04-26 13:25:23 step=3140/67071 (4.68%) epoch=1/3 epoch_step=3140/22357 (14.04%) loss=0.227211 lr=0.000472172 elapsed=06:46:56 eta=138:05:05 val_mrr=0.712814
[TRAIN] 2026-04-26 13:26:03 step=3150/67071 (4.70%) epoch=1/3 epoch_step=3150/22357 (14.09%) loss=0.213915 lr=0.00047441 elapsed=06:47:35 eta=137:51:00 val_mrr=0.712814
[TRAIN] 2026-04-26 13:26:43 step=3160/67071 (4.71%) epoch=1/3 epoch_step=3160/22357 (14.13%) loss=0.184447 lr=0.000476649 elapsed=06:48:16 eta=137:37:14 val_mrr=0.712814
[TRAIN] 2026-04-26 13:27:24 step=3170/67071 (4.73%) epoch=1/3 epoch_step=3170/22357 (14.18%) loss=0.202034 lr=0.000478889 elapsed=06:48:56 eta=137:23:23 val_mrr=0.712814
[TRAIN] 2026-04-26 13:28:04 step=3180/67071 (4.74%) epoch=1/3 epoch_step=3180/22357 (14.22%) loss=0.180355 lr=0.00048113 elapsed=06:49:36 eta=137:09:35 val_mrr=0.712814
[TRAIN] 2026-04-26 13:28:42 step=3190/67071 (4.76%) epoch=1/3 epoch_step=3190/22357 (14.27%) loss=0.184976 lr=0.000483371 elapsed=06:50:14 eta=136:55:13 val_mrr=0.712814
[TRAIN] 2026-04-26 13:29:21 step=3200/67071 (4.77%) epoch=1/3 epoch_step=3200/22357 (14.31%) loss=0.227952 lr=0.000485614 elapsed=06:50:54 eta=136:41:24 val_mrr=0.712814
[TRAIN] 2026-04-26 13:30:01 step=3210/67071 (4.79%) epoch=1/3 epoch_step=3210/22357 (14.36%) loss=0.231122 lr=0.000487857 elapsed=06:51:33 eta=136:27:40 val_mrr=0.712814
[TRAIN] 2026-04-26 13:30:40 step=3220/67071 (4.80%) epoch=1/3 epoch_step=3220/22357 (14.40%) loss=0.200448 lr=0.000490101 elapsed=06:52:12 eta=136:13:48 val_mrr=0.712814
[TRAIN] 2026-04-26 13:31:18 step=3230/67071 (4.82%) epoch=1/3 epoch_step=3230/22357 (14.45%) loss=0.202608 lr=0.000492346 elapsed=06:52:50 eta=135:59:44 val_mrr=0.712814
[TRAIN] 2026-04-26 13:31:55 step=3240/67071 (4.83%) epoch=1/3 epoch_step=3240/22357 (14.49%) loss=0.215289 lr=0.000494591 elapsed=06:53:28 eta=135:45:37 val_mrr=0.712814
[TRAIN] 2026-04-26 13:32:33 step=3250/67071 (4.85%) epoch=1/3 epoch_step=3250/22357 (14.54%) loss=0.220247 lr=0.000496837 elapsed=06:54:06 eta=135:31:47 val_mrr=0.712814
[TRAIN] 2026-04-26 13:33:11 step=3260/67071 (4.86%) epoch=1/3 epoch_step=3260/22357 (14.58%) loss=0.188106 lr=0.000499083 elapsed=06:54:44 eta=135:17:51 val_mrr=0.712814
[TRAIN] 2026-04-26 13:33:49 step=3270/67071 (4.88%) epoch=1/3 epoch_step=3270/22357 (14.63%) loss=0.234764 lr=0.00050133 elapsed=06:55:22 eta=135:04:04 val_mrr=0.712814
[TRAIN] 2026-04-26 13:34:27 step=3280/67071 (4.89%) epoch=1/3 epoch_step=3280/22357 (14.67%) loss=0.229680 lr=0.000503577 elapsed=06:55:59 eta=134:50:20 val_mrr=0.712814
[TRAIN] 2026-04-26 13:35:04 step=3290/67071 (4.91%) epoch=1/3 epoch_step=3290/22357 (14.72%) loss=0.195849 lr=0.000505824 elapsed=06:56:37 eta=134:36:41 val_mrr=0.712814
[TRAIN] 2026-04-26 13:35:44 step=3300/67071 (4.92%) epoch=1/3 epoch_step=3300/22357 (14.76%) loss=0.243104 lr=0.000508072 elapsed=06:57:17 eta=134:23:51 val_mrr=0.712814
[TRAIN] 2026-04-26 13:36:21 step=3310/67071 (4.94%) epoch=1/3 epoch_step=3310/22357 (14.81%) loss=0.221773 lr=0.00051032 elapsed=06:57:54 eta=134:10:06 val_mrr=0.712814
[TRAIN] 2026-04-26 13:36:58 step=3320/67071 (4.95%) epoch=1/3 epoch_step=3320/22357 (14.85%) loss=0.210913 lr=0.000512569 elapsed=06:58:31 eta=133:56:27 val_mrr=0.712814
[TRAIN] 2026-04-26 13:37:36 step=3330/67071 (4.96%) epoch=1/3 epoch_step=3330/22357 (14.89%) loss=0.217595 lr=0.000514817 elapsed=06:59:08 eta=133:42:56 val_mrr=0.712814
[TRAIN] 2026-04-26 13:38:13 step=3340/67071 (4.98%) epoch=1/3 epoch_step=3340/22357 (14.94%) loss=0.248918 lr=0.000517066 elapsed=06:59:46 eta=133:29:28 val_mrr=0.712814
[TRAIN] 2026-04-26 13:38:52 step=3350/67071 (4.99%) epoch=1/3 epoch_step=3350/22357 (14.98%) loss=0.200438 lr=0.000519314 elapsed=07:00:25 eta=133:16:40 val_mrr=0.712814
[TRAIN] 2026-04-26 13:39:30 step=3360/67071 (5.01%) epoch=1/3 epoch_step=3360/22357 (15.03%) loss=0.209118 lr=0.000521563 elapsed=07:01:03 eta=133:03:41 val_mrr=0.712814
[TRAIN] 2026-04-26 13:40:09 step=3370/67071 (5.02%) epoch=1/3 epoch_step=3370/22357 (15.07%) loss=0.183032 lr=0.000523811 elapsed=07:01:42 eta=132:51:02 val_mrr=0.712814
[TRAIN] 2026-04-26 13:40:49 step=3380/67071 (5.04%) epoch=1/3 epoch_step=3380/22357 (15.12%) loss=0.190725 lr=0.00052606 elapsed=07:02:22 eta=132:38:46 val_mrr=0.712814
[TRAIN] 2026-04-26 13:41:28 step=3390/67071 (5.05%) epoch=1/3 epoch_step=3390/22357 (15.16%) loss=0.188346 lr=0.000528308 elapsed=07:03:00 eta=132:26:11 val_mrr=0.712814
[TRAIN] 2026-04-26 13:42:08 step=3400/67071 (5.07%) epoch=1/3 epoch_step=3400/22357 (15.21%) loss=0.248460 lr=0.000530557 elapsed=07:03:41 eta=132:14:08 val_mrr=0.712814
[TRAIN] 2026-04-26 13:42:47 step=3410/67071 (5.08%) epoch=1/3 epoch_step=3410/22357 (15.25%) loss=0.183831 lr=0.000532805 elapsed=07:04:20 eta=132:01:45 val_mrr=0.712814
[TRAIN] 2026-04-26 13:43:27 step=3420/67071 (5.10%) epoch=1/3 epoch_step=3420/22357 (15.30%) loss=0.242357 lr=0.000535052 elapsed=07:05:00 eta=131:49:51 val_mrr=0.712814
[TRAIN] 2026-04-26 13:44:09 step=3430/67071 (5.11%) epoch=1/3 epoch_step=3430/22357 (15.34%) loss=0.199550 lr=0.0005373 elapsed=07:05:41 eta=131:38:17 val_mrr=0.712814
[TRAIN] 2026-04-26 13:44:49 step=3440/67071 (5.13%) epoch=1/3 epoch_step=3440/22357 (15.39%) loss=0.186687 lr=0.000539547 elapsed=07:06:21 eta=131:26:27 val_mrr=0.712814
[TRAIN] 2026-04-26 13:45:28 step=3450/67071 (5.14%) epoch=1/3 epoch_step=3450/22357 (15.43%) loss=0.224066 lr=0.000541793 elapsed=07:07:01 eta=131:14:33 val_mrr=0.712814
[TRAIN] 2026-04-26 13:46:10 step=3460/67071 (5.16%) epoch=1/3 epoch_step=3460/22357 (15.48%) loss=0.197480 lr=0.000544039 elapsed=07:07:42 eta=131:03:15 val_mrr=0.712814
[TRAIN] 2026-04-26 13:46:50 step=3470/67071 (5.17%) epoch=1/3 epoch_step=3470/22357 (15.52%) loss=0.206174 lr=0.000546285 elapsed=07:08:23 eta=130:51:48 val_mrr=0.712814
[TRAIN] 2026-04-26 13:47:31 step=3480/67071 (5.19%) epoch=1/3 epoch_step=3480/22357 (15.57%) loss=0.195220 lr=0.00054853 elapsed=07:09:03 eta=130:40:16 val_mrr=0.712814
[TRAIN] 2026-04-26 13:48:12 step=3490/67071 (5.20%) epoch=1/3 epoch_step=3490/22357 (15.61%) loss=0.217916 lr=0.000550774 elapsed=07:09:44 eta=130:29:00 val_mrr=0.712814
[STAGE] 2026-04-26 13:48:53 val prep subsets global=50000 art_art=1986 art_any=50000
[STAGE] 2026-04-26 13:48:53 val prep negatives global=50000 art_art=1986 art_any=50000
[STAGE] 2026-04-26 13:48:53 val start step=3500 epoch=0 task=relation_ranking subset=global triples=50000 batches=98 eval_batch_size=512
[STAGE] 2026-04-26 13:55:48 val start step=3500 epoch=0 task=triple_scoring subset=global triples=50000 batches=98 eval_batch_size=512
[STAGE] 2026-04-26 14:04:22 val start step=3500 epoch=0 task=relation_ranking subset=art_art triples=1986 batches=4 eval_batch_size=512
[STAGE] 2026-04-26 14:04:47 val start step=3500 epoch=0 task=triple_scoring subset=art_art triples=1986 batches=4 eval_batch_size=512
[STAGE] 2026-04-26 14:05:21 val start step=3500 epoch=0 task=relation_ranking subset=art_any triples=50000 batches=98 eval_batch_size=512
[STAGE] 2026-04-26 14:12:01 val start step=3500 epoch=0 task=triple_scoring subset=art_any triples=50000 batches=98 eval_batch_size=512
[VAL] 2026-04-26 14:24:07 step=3500 epoch=0 mrr=0.672096 aucpr=0.964690 art_art_mrr=0.232347 art_art_aucpr=0.831222 art_any_mrr=0.672876 art_any_aucpr=0.876603
[TRAIN] 2026-04-26 14:24:09 step=3500/67071 (5.22%) epoch=1/3 epoch_step=3500/22357 (15.66%) loss=0.217343 lr=0.000553018 elapsed=07:45:42 eta=140:58:27 val_mrr=0.712814
[TRAIN] 2026-04-26 14:24:48 step=3510/67071 (5.23%) epoch=1/3 epoch_step=3510/22357 (15.70%) loss=0.198618 lr=0.000555261 elapsed=07:46:21 eta=140:44:47 val_mrr=0.712814
[TRAIN] 2026-04-26 14:25:27 step=3520/67071 (5.25%) epoch=1/3 epoch_step=3520/22357 (15.74%) loss=0.210575 lr=0.000557503 elapsed=07:47:00 eta=140:31:21 val_mrr=0.712814
[TRAIN] 2026-04-26 14:26:08 step=3530/67071 (5.26%) epoch=1/3 epoch_step=3530/22357 (15.79%) loss=0.194275 lr=0.000559744 elapsed=07:47:41 eta=140:18:28 val_mrr=0.712814
[TRAIN] 2026-04-26 14:26:48 step=3540/67071 (5.28%) epoch=1/3 epoch_step=3540/22357 (15.83%) loss=0.184495 lr=0.000561985 elapsed=07:48:21 eta=140:05:16 val_mrr=0.712814
[TRAIN] 2026-04-26 14:27:28 step=3550/67071 (5.29%) epoch=1/3 epoch_step=3550/22357 (15.88%) loss=0.187264 lr=0.000564224 elapsed=07:49:00 eta=139:52:00 val_mrr=0.712814
[TRAIN] 2026-04-26 14:28:07 step=3560/67071 (5.31%) epoch=1/3 epoch_step=3560/22357 (15.92%) loss=0.190997 lr=0.000566463 elapsed=07:49:40 eta=139:38:52 val_mrr=0.712814
[TRAIN] 2026-04-26 14:28:47 step=3570/67071 (5.32%) epoch=1/3 epoch_step=3570/22357 (15.97%) loss=0.192315 lr=0.0005687 elapsed=07:50:19 eta=139:25:49 val_mrr=0.712814
[TRAIN] 2026-04-26 14:29:26 step=3580/67071 (5.34%) epoch=1/3 epoch_step=3580/22357 (16.01%) loss=0.205298 lr=0.000570937 elapsed=07:50:59 eta=139:12:47 val_mrr=0.712814
[TRAIN] 2026-04-26 14:30:06 step=3590/67071 (5.35%) epoch=1/3 epoch_step=3590/22357 (16.06%) loss=0.177720 lr=0.000573172 elapsed=07:51:39 eta=138:59:58 val_mrr=0.712814
[TRAIN] 2026-04-26 14:30:46 step=3600/67071 (5.37%) epoch=1/3 epoch_step=3600/22357 (16.10%) loss=0.196711 lr=0.000575407 elapsed=07:52:19 eta=138:47:20 val_mrr=0.712814
[TRAIN] 2026-04-26 14:31:25 step=3610/67071 (5.38%) epoch=1/3 epoch_step=3610/22357 (16.15%) loss=0.207811 lr=0.00057764 elapsed=07:52:58 eta=138:34:25 val_mrr=0.712814
[TRAIN] 2026-04-26 14:32:04 step=3620/67071 (5.40%) epoch=1/3 epoch_step=3620/22357 (16.19%) loss=0.187207 lr=0.000579871 elapsed=07:53:37 eta=138:21:24 val_mrr=0.712814
[TRAIN] 2026-04-26 14:32:43 step=3630/67071 (5.41%) epoch=1/3 epoch_step=3630/22357 (16.24%) loss=0.202383 lr=0.000582102 elapsed=07:54:15 eta=138:08:27 val_mrr=0.712814
[TRAIN] 2026-04-26 14:33:21 step=3640/67071 (5.43%) epoch=1/3 epoch_step=3640/22357 (16.28%) loss=0.209678 lr=0.000584331 elapsed=07:54:54 eta=137:55:37 val_mrr=0.712814
[TRAIN] 2026-04-26 14:34:01 step=3650/67071 (5.44%) epoch=1/3 epoch_step=3650/22357 (16.33%) loss=0.193461 lr=0.000586558 elapsed=07:55:34 eta=137:43:17 val_mrr=0.712814
[TRAIN] 2026-04-26 14:34:41 step=3660/67071 (5.46%) epoch=1/3 epoch_step=3660/22357 (16.37%) loss=0.226663 lr=0.000588785 elapsed=07:56:14 eta=137:30:52 val_mrr=0.712814
[TRAIN] 2026-04-26 14:35:22 step=3670/67071 (5.47%) epoch=1/3 epoch_step=3670/22357 (16.42%) loss=0.192586 lr=0.000591009 elapsed=07:56:54 eta=137:18:44 val_mrr=0.712814
[TRAIN] 2026-04-26 14:36:02 step=3680/67071 (5.49%) epoch=1/3 epoch_step=3680/22357 (16.46%) loss=0.180654 lr=0.000593232 elapsed=07:57:34 eta=137:06:33 val_mrr=0.712814
[TRAIN] 2026-04-26 14:36:42 step=3690/67071 (5.50%) epoch=1/3 epoch_step=3690/22357 (16.50%) loss=0.191607 lr=0.000595454 elapsed=07:58:15 eta=136:54:37 val_mrr=0.712814
[TRAIN] 2026-04-26 14:37:23 step=3700/67071 (5.52%) epoch=1/3 epoch_step=3700/22357 (16.55%) loss=0.187239 lr=0.000597674 elapsed=07:58:56 eta=136:42:52 val_mrr=0.712814
[TRAIN] 2026-04-26 14:38:03 step=3710/67071 (5.53%) epoch=1/3 epoch_step=3710/22357 (16.59%) loss=0.214110 lr=0.000599892 elapsed=07:59:36 eta=136:30:43 val_mrr=0.712814
[TRAIN] 2026-04-26 14:38:42 step=3720/67071 (5.55%) epoch=1/3 epoch_step=3720/22357 (16.64%) loss=0.205109 lr=0.000602108 elapsed=08:00:14 eta=136:18:26 val_mrr=0.712814
[TRAIN] 2026-04-26 14:39:21 step=3730/67071 (5.56%) epoch=1/3 epoch_step=3730/22357 (16.68%) loss=0.200364 lr=0.000604323 elapsed=08:00:54 eta=136:06:19 val_mrr=0.712814
[TRAIN] 2026-04-26 14:40:00 step=3740/67071 (5.58%) epoch=1/3 epoch_step=3740/22357 (16.73%) loss=0.205402 lr=0.000606536 elapsed=08:01:33 eta=135:54:17 val_mrr=0.712814
[TRAIN] 2026-04-26 14:40:39 step=3750/67071 (5.59%) epoch=1/3 epoch_step=3750/22357 (16.77%) loss=0.187523 lr=0.000608746 elapsed=08:02:12 eta=135:42:10 val_mrr=0.712814
[TRAIN] 2026-04-26 14:41:18 step=3760/67071 (5.61%) epoch=1/3 epoch_step=3760/22357 (16.82%) loss=0.185508 lr=0.000610955 elapsed=08:02:50 eta=135:30:02 val_mrr=0.712814
[TRAIN] 2026-04-26 14:41:56 step=3770/67071 (5.62%) epoch=1/3 epoch_step=3770/22357 (16.86%) loss=0.164374 lr=0.000613162 elapsed=08:03:28 eta=135:17:52 val_mrr=0.712814
[TRAIN] 2026-04-26 14:42:34 step=3780/67071 (5.64%) epoch=1/3 epoch_step=3780/22357 (16.91%) loss=0.203928 lr=0.000615367 elapsed=08:04:06 eta=135:05:40 val_mrr=0.712814
[TRAIN] 2026-04-26 14:43:13 step=3790/67071 (5.65%) epoch=1/3 epoch_step=3790/22357 (16.95%) loss=0.174891 lr=0.00061757 elapsed=08:04:46 eta=134:54:04 val_mrr=0.712814
[TRAIN] 2026-04-26 14:43:54 step=3800/67071 (5.67%) epoch=1/3 epoch_step=3800/22357 (17.00%) loss=0.181399 lr=0.00061977 elapsed=08:05:27 eta=134:42:52 val_mrr=0.712814
[TRAIN] 2026-04-26 14:44:34 step=3810/67071 (5.68%) epoch=1/3 epoch_step=3810/22357 (17.04%) loss=0.191023 lr=0.000621969 elapsed=08:06:06 eta=134:31:18 val_mrr=0.712814
[TRAIN] 2026-04-26 14:45:13 step=3820/67071 (5.70%) epoch=1/3 epoch_step=3820/22357 (17.09%) loss=0.232023 lr=0.000624165 elapsed=08:06:46 eta=134:19:49 val_mrr=0.712814
[TRAIN] 2026-04-26 14:45:54 step=3830/67071 (5.71%) epoch=1/3 epoch_step=3830/22357 (17.13%) loss=0.166231 lr=0.000626359 elapsed=08:07:26 eta=134:08:35 val_mrr=0.712814
[TRAIN] 2026-04-26 14:46:33 step=3840/67071 (5.73%) epoch=1/3 epoch_step=3840/22357 (17.18%) loss=0.204943 lr=0.000628551 elapsed=08:08:06 eta=133:57:13 val_mrr=0.712814
[TRAIN] 2026-04-26 14:47:13 step=3850/67071 (5.74%) epoch=1/3 epoch_step=3850/22357 (17.22%) loss=0.193627 lr=0.00063074 elapsed=08:08:45 eta=133:45:52 val_mrr=0.712814
[TRAIN] 2026-04-26 14:47:53 step=3860/67071 (5.76%) epoch=1/3 epoch_step=3860/22357 (17.27%) loss=0.208356 lr=0.000632927 elapsed=08:09:25 eta=133:34:42 val_mrr=0.712814
[TRAIN] 2026-04-26 14:48:33 step=3870/67071 (5.77%) epoch=1/3 epoch_step=3870/22357 (17.31%) loss=0.227248 lr=0.000635111 elapsed=08:10:05 eta=133:23:38 val_mrr=0.712814
[TRAIN] 2026-04-26 14:49:13 step=3880/67071 (5.78%) epoch=1/3 epoch_step=3880/22357 (17.35%) loss=0.182475 lr=0.000637293 elapsed=08:10:46 eta=133:12:42 val_mrr=0.712814
[TRAIN] 2026-04-26 14:49:51 step=3890/67071 (5.80%) epoch=1/3 epoch_step=3890/22357 (17.40%) loss=0.186852 lr=0.000639472 elapsed=08:11:24 eta=133:01:17 val_mrr=0.712814
[TRAIN] 2026-04-26 14:50:31 step=3900/67071 (5.81%) epoch=1/3 epoch_step=3900/22357 (17.44%) loss=0.179081 lr=0.000641648 elapsed=08:12:04 eta=132:50:13 val_mrr=0.712814
[TRAIN] 2026-04-26 14:51:09 step=3910/67071 (5.83%) epoch=1/3 epoch_step=3910/22357 (17.49%) loss=0.179610 lr=0.000643822 elapsed=08:12:42 eta=132:38:51 val_mrr=0.712814
[TRAIN] 2026-04-26 14:51:49 step=3920/67071 (5.84%) epoch=1/3 epoch_step=3920/22357 (17.53%) loss=0.166424 lr=0.000645993 elapsed=08:13:22 eta=132:28:07 val_mrr=0.712814
[TRAIN] 2026-04-26 14:52:30 step=3930/67071 (5.86%) epoch=1/3 epoch_step=3930/22357 (17.58%) loss=0.219416 lr=0.000648162 elapsed=08:14:02 eta=132:17:26 val_mrr=0.712814
[TRAIN] 2026-04-26 14:53:09 step=3940/67071 (5.87%) epoch=1/3 epoch_step=3940/22357 (17.62%) loss=0.206064 lr=0.000650327 elapsed=08:14:42 eta=132:06:36 val_mrr=0.712814
[TRAIN] 2026-04-26 14:53:48 step=3950/67071 (5.89%) epoch=1/3 epoch_step=3950/22357 (17.67%) loss=0.224960 lr=0.00065249 elapsed=08:15:21 eta=131:55:44 val_mrr=0.712814
[TRAIN] 2026-04-26 14:54:28 step=3960/67071 (5.90%) epoch=1/3 epoch_step=3960/22357 (17.71%) loss=0.192981 lr=0.00065465 elapsed=08:16:00 eta=131:44:53 val_mrr=0.712814
[TRAIN] 2026-04-26 14:55:07 step=3970/67071 (5.92%) epoch=1/3 epoch_step=3970/22357 (17.76%) loss=0.200508 lr=0.000656807 elapsed=08:16:39 eta=131:34:04 val_mrr=0.712814
[TRAIN] 2026-04-26 14:55:46 step=3980/67071 (5.93%) epoch=1/3 epoch_step=3980/22357 (17.80%) loss=0.205300 lr=0.000658961 elapsed=08:17:19 eta=131:23:26 val_mrr=0.712814
[TRAIN] 2026-04-26 14:56:26 step=3990/67071 (5.95%) epoch=1/3 epoch_step=3990/22357 (17.85%) loss=0.199337 lr=0.000661112 elapsed=08:17:59 eta=131:12:56 val_mrr=0.712814
[STAGE] 2026-04-26 14:57:05 val prep subsets global=50000 art_art=1986 art_any=50000
[STAGE] 2026-04-26 14:57:06 val prep negatives global=50000 art_art=1986 art_any=50000
[STAGE] 2026-04-26 14:57:06 val start step=4000 epoch=0 task=relation_ranking subset=global triples=50000 batches=98 eval_batch_size=512
[STAGE] 2026-04-26 15:03:44 val start step=4000 epoch=0 task=triple_scoring subset=global triples=50000 batches=98 eval_batch_size=512
[STAGE] 2026-04-26 15:12:22 val start step=4000 epoch=0 task=relation_ranking subset=art_art triples=1986 batches=4 eval_batch_size=512
[STAGE] 2026-04-26 15:12:47 val start step=4000 epoch=0 task=triple_scoring subset=art_art triples=1986 batches=4 eval_batch_size=512
[STAGE] 2026-04-26 15:13:22 val start step=4000 epoch=0 task=relation_ranking subset=art_any triples=50000 batches=98 eval_batch_size=512
[STAGE] 2026-04-26 15:20:01 val start step=4000 epoch=0 task=triple_scoring subset=art_any triples=50000 batches=98 eval_batch_size=512
[VAL] 2026-04-26 15:32:01 step=4000 epoch=0 mrr=0.725007 aucpr=0.968557 art_art_mrr=0.264052 art_art_aucpr=0.806300 art_any_mrr=0.724198 art_any_aucpr=0.883018
[TRAIN] 2026-04-26 15:32:05 step=4000/67071 (5.96%) epoch=1/3 epoch_step=4000/22357 (17.89%) loss=0.179453 lr=0.000663259 elapsed=08:53:37 eta=140:14:01 val_mrr=0.725007
[TRAIN] 2026-04-26 15:32:44 step=4010/67071 (5.98%) epoch=1/3 epoch_step=4010/22357 (17.94%) loss=0.186253 lr=0.000665404 elapsed=08:54:16 eta=140:01:57 val_mrr=0.725007
[TRAIN] 2026-04-26 15:33:24 step=4020/67071 (5.99%) epoch=1/3 epoch_step=4020/22357 (17.98%) loss=0.192577 lr=0.000667545 elapsed=08:54:57 eta=139:50:20 val_mrr=0.725007
[TRAIN] 2026-04-26 15:34:03 step=4030/67071 (6.01%) epoch=1/3 epoch_step=4030/22357 (18.03%) loss=0.179347 lr=0.000669683 elapsed=08:55:36 eta=139:38:18 val_mrr=0.725007
[TRAIN] 2026-04-26 15:34:43 step=4040/67071 (6.02%) epoch=1/3 epoch_step=4040/22357 (18.07%) loss=0.196711 lr=0.000671818 elapsed=08:56:15 eta=139:26:29 val_mrr=0.725007
[TRAIN] 2026-04-26 15:35:22 step=4050/67071 (6.04%) epoch=1/3 epoch_step=4050/22357 (18.12%) loss=0.171030 lr=0.00067395 elapsed=08:56:55 eta=139:14:43 val_mrr=0.725007
[TRAIN] 2026-04-26 15:36:02 step=4060/67071 (6.05%) epoch=1/3 epoch_step=4060/22357 (18.16%) loss=0.184435 lr=0.000676078 elapsed=08:57:35 eta=139:03:14 val_mrr=0.725007
[TRAIN] 2026-04-26 15:36:42 step=4070/67071 (6.07%) epoch=1/3 epoch_step=4070/22357 (18.20%) loss=0.164221 lr=0.000678203 elapsed=08:58:15 eta=138:51:40 val_mrr=0.725007
[TRAIN] 2026-04-26 15:37:21 step=4080/67071 (6.08%) epoch=1/3 epoch_step=4080/22357 (18.25%) loss=0.188939 lr=0.000680324 elapsed=08:58:54 eta=138:40:05 val_mrr=0.725007
[TRAIN] 2026-04-26 15:38:01 step=4090/67071 (6.10%) epoch=1/3 epoch_step=4090/22357 (18.29%) loss=0.194498 lr=0.000682442 elapsed=08:59:33 eta=138:28:30 val_mrr=0.725007
[TRAIN] 2026-04-26 15:38:43 step=4100/67071 (6.11%) epoch=1/3 epoch_step=4100/22357 (18.34%) loss=0.181032 lr=0.000684556 elapsed=09:00:15 eta=138:17:42 val_mrr=0.725007
[TRAIN] 2026-04-26 15:39:23 step=4110/67071 (6.13%) epoch=1/3 epoch_step=4110/22357 (18.38%) loss=0.160214 lr=0.000686666 elapsed=09:00:55 eta=138:06:25 val_mrr=0.725007
[TRAIN] 2026-04-26 15:40:02 step=4120/67071 (6.14%) epoch=1/3 epoch_step=4120/22357 (18.43%) loss=0.223209 lr=0.000688773 elapsed=09:01:35 eta=137:55:02 val_mrr=0.725007
[TRAIN] 2026-04-26 15:40:42 step=4130/67071 (6.16%) epoch=1/3 epoch_step=4130/22357 (18.47%) loss=0.162966 lr=0.000690876 elapsed=09:02:15 eta=137:43:48 val_mrr=0.725007
[TRAIN] 2026-04-26 15:41:22 step=4140/67071 (6.17%) epoch=1/3 epoch_step=4140/22357 (18.52%) loss=0.180925 lr=0.000692976 elapsed=09:02:54 eta=137:32:36 val_mrr=0.725007
[TRAIN] 2026-04-26 15:42:02 step=4150/67071 (6.19%) epoch=1/3 epoch_step=4150/22357 (18.56%) loss=0.178496 lr=0.000695072 elapsed=09:03:34 eta=137:21:28 val_mrr=0.725007
[TRAIN] 2026-04-26 15:42:41 step=4160/67071 (6.20%) epoch=1/3 epoch_step=4160/22357 (18.61%) loss=0.157203 lr=0.000697163 elapsed=09:04:14 eta=137:10:16 val_mrr=0.725007
[TRAIN] 2026-04-26 15:43:20 step=4170/67071 (6.22%) epoch=1/3 epoch_step=4170/22357 (18.65%) loss=0.185210 lr=0.000699251 elapsed=09:04:53 eta=136:59:06 val_mrr=0.725007
[TRAIN] 2026-04-26 15:44:01 step=4180/67071 (6.23%) epoch=1/3 epoch_step=4180/22357 (18.70%) loss=0.183606 lr=0.000701335 elapsed=09:05:34 eta=136:48:21 val_mrr=0.725007
[TRAIN] 2026-04-26 15:44:40 step=4190/67071 (6.25%) epoch=1/3 epoch_step=4190/22357 (18.74%) loss=0.165714 lr=0.000703415 elapsed=09:06:13 eta=136:37:14 val_mrr=0.725007
[TRAIN] 2026-04-26 15:45:21 step=4200/67071 (6.26%) epoch=1/3 epoch_step=4200/22357 (18.79%) loss=0.170228 lr=0.000705491 elapsed=09:06:54 eta=136:26:43 val_mrr=0.725007
[TRAIN] 2026-04-26 15:46:02 step=4210/67071 (6.28%) epoch=1/3 epoch_step=4210/22357 (18.83%) loss=0.193774 lr=0.000707563 elapsed=09:07:34 eta=136:15:59 val_mrr=0.725007
[TRAIN] 2026-04-26 15:46:41 step=4220/67071 (6.29%) epoch=1/3 epoch_step=4220/22357 (18.88%) loss=0.196122 lr=0.000709631 elapsed=09:08:13 eta=136:04:59 val_mrr=0.725007
[TRAIN] 2026-04-26 15:47:21 step=4230/67071 (6.31%) epoch=1/3 epoch_step=4230/22357 (18.92%) loss=0.204961 lr=0.000711695 elapsed=09:08:53 eta=135:54:17 val_mrr=0.725007
[TRAIN] 2026-04-26 15:48:01 step=4240/67071 (6.32%) epoch=1/3 epoch_step=4240/22357 (18.96%) loss=0.182886 lr=0.000713754 elapsed=09:09:34 eta=135:43:42 val_mrr=0.725007
[TRAIN] 2026-04-26 15:48:41 step=4250/67071 (6.34%) epoch=1/3 epoch_step=4250/22357 (19.01%) loss=0.178835 lr=0.000715809 elapsed=09:10:13 eta=135:33:03 val_mrr=0.725007
[TRAIN] 2026-04-26 15:49:20 step=4260/67071 (6.35%) epoch=1/3 epoch_step=4260/22357 (19.05%) loss=0.187681 lr=0.00071786 elapsed=09:10:53 eta=135:22:25 val_mrr=0.725007
[TRAIN] 2026-04-26 15:50:00 step=4270/67071 (6.37%) epoch=1/3 epoch_step=4270/22357 (19.10%) loss=0.202913 lr=0.000719907 elapsed=09:11:32 eta=135:11:45 val_mrr=0.725007
[TRAIN] 2026-04-26 15:50:39 step=4280/67071 (6.38%) epoch=1/3 epoch_step=4280/22357 (19.14%) loss=0.188530 lr=0.000721949 elapsed=09:12:12 eta=135:01:13 val_mrr=0.725007
[TRAIN] 2026-04-26 15:51:20 step=4290/67071 (6.40%) epoch=1/3 epoch_step=4290/22357 (19.19%) loss=0.176040 lr=0.000723987 elapsed=09:12:52 eta=134:50:53 val_mrr=0.725007
[TRAIN] 2026-04-26 15:52:02 step=4300/67071 (6.41%) epoch=1/3 epoch_step=4300/22357 (19.23%) loss=0.181270 lr=0.00072602 elapsed=09:13:34 eta=134:41:00 val_mrr=0.725007
[TRAIN] 2026-04-26 15:52:42 step=4310/67071 (6.43%) epoch=1/3 epoch_step=4310/22357 (19.28%) loss=0.175054 lr=0.000728049 elapsed=09:14:15 eta=134:30:46 val_mrr=0.725007
[TRAIN] 2026-04-26 15:53:21 step=4320/67071 (6.44%) epoch=1/3 epoch_step=4320/22357 (19.32%) loss=0.163262 lr=0.000730073 elapsed=09:14:53 eta=134:20:11 val_mrr=0.725007
[TRAIN] 2026-04-26 15:54:01 step=4330/67071 (6.46%) epoch=1/3 epoch_step=4330/22357 (19.37%) loss=0.162898 lr=0.000732092 elapsed=09:15:33 eta=134:09:55 val_mrr=0.725007
[TRAIN] 2026-04-26 15:54:40 step=4340/67071 (6.47%) epoch=1/3 epoch_step=4340/22357 (19.41%) loss=0.184555 lr=0.000734107 elapsed=09:16:13 eta=133:59:39 val_mrr=0.725007
[TRAIN] 2026-04-26 15:55:20 step=4350/67071 (6.49%) epoch=1/3 epoch_step=4350/22357 (19.46%) loss=0.215072 lr=0.000736117 elapsed=09:16:52 eta=133:49:20 val_mrr=0.725007
[TRAIN] 2026-04-26 15:56:00 step=4360/67071 (6.50%) epoch=1/3 epoch_step=4360/22357 (19.50%) loss=0.196148 lr=0.000738123 elapsed=09:17:32 eta=133:39:12 val_mrr=0.725007
[TRAIN] 2026-04-26 15:56:39 step=4370/67071 (6.52%) epoch=1/3 epoch_step=4370/22357 (19.55%) loss=0.181268 lr=0.000740123 elapsed=09:18:12 eta=133:28:59 val_mrr=0.725007
[TRAIN] 2026-04-26 15:57:19 step=4380/67071 (6.53%) epoch=1/3 epoch_step=4380/22357 (19.59%) loss=0.185094 lr=0.000742119 elapsed=09:18:52 eta=133:19:02 val_mrr=0.725007
[TRAIN] 2026-04-26 15:57:59 step=4390/67071 (6.55%) epoch=1/3 epoch_step=4390/22357 (19.64%) loss=0.184696 lr=0.00074411 elapsed=09:19:32 eta=133:09:00 val_mrr=0.725007
[TRAIN] 2026-04-26 15:58:41 step=4400/67071 (6.56%) epoch=1/3 epoch_step=4400/22357 (19.68%) loss=0.172937 lr=0.000746096 elapsed=09:20:14 eta=132:59:32 val_mrr=0.725007
[TRAIN] 2026-04-26 15:59:21 step=4410/67071 (6.58%) epoch=1/3 epoch_step=4410/22357 (19.73%) loss=0.208035 lr=0.000748077 elapsed=09:20:53 eta=132:49:37 val_mrr=0.725007
[TRAIN] 2026-04-26 16:00:01 step=4420/67071 (6.59%) epoch=1/3 epoch_step=4420/22357 (19.77%) loss=0.187056 lr=0.000750053 elapsed=09:21:33 eta=132:39:43 val_mrr=0.725007
[TRAIN] 2026-04-26 16:00:39 step=4430/67071 (6.60%) epoch=1/3 epoch_step=4430/22357 (19.81%) loss=0.185761 lr=0.000752024 elapsed=09:22:12 eta=132:29:36 val_mrr=0.725007
[TRAIN] 2026-04-26 16:01:17 step=4440/67071 (6.62%) epoch=1/3 epoch_step=4440/22357 (19.86%) loss=0.229420 lr=0.00075399 elapsed=09:22:50 eta=132:19:17 val_mrr=0.725007
[TRAIN] 2026-04-26 16:01:54 step=4450/67071 (6.63%) epoch=1/3 epoch_step=4450/22357 (19.90%) loss=0.202570 lr=0.000755951 elapsed=09:23:27 eta=132:08:51 val_mrr=0.725007
[TRAIN] 2026-04-26 16:02:32 step=4460/67071 (6.65%) epoch=1/3 epoch_step=4460/22357 (19.95%) loss=0.191247 lr=0.000757907 elapsed=09:24:04 eta=131:58:39 val_mrr=0.725007
[TRAIN] 2026-04-26 16:03:09 step=4470/67071 (6.66%) epoch=1/3 epoch_step=4470/22357 (19.99%) loss=0.213987 lr=0.000759857 elapsed=09:24:42 eta=131:48:26 val_mrr=0.725007
[TRAIN] 2026-04-26 16:03:47 step=4480/67071 (6.68%) epoch=1/3 epoch_step=4480/22357 (20.04%) loss=0.169493 lr=0.000761802 elapsed=09:25:20 eta=131:38:17 val_mrr=0.725007
[TRAIN] 2026-04-26 16:04:26 step=4490/67071 (6.69%) epoch=1/3 epoch_step=4490/22357 (20.08%) loss=0.168258 lr=0.000763742 elapsed=09:25:59 eta=131:28:33 val_mrr=0.725007
[STAGE] 2026-04-26 16:05:05 val prep subsets global=50000 art_art=1986 art_any=50000
[STAGE] 2026-04-26 16:05:05 val prep negatives global=50000 art_art=1986 art_any=50000
[STAGE] 2026-04-26 16:05:05 val start step=4500 epoch=0 task=relation_ranking subset=global triples=50000 batches=98 eval_batch_size=512
[STAGE] 2026-04-26 16:11:43 val start step=4500 epoch=0 task=triple_scoring subset=global triples=50000 batches=98 eval_batch_size=512
[STAGE] 2026-04-26 16:20:21 val start step=4500 epoch=0 task=relation_ranking subset=art_art triples=1986 batches=4 eval_batch_size=512
[STAGE] 2026-04-26 16:20:44 val start step=4500 epoch=0 task=triple_scoring subset=art_art triples=1986 batches=4 eval_batch_size=512
[STAGE] 2026-04-26 16:21:19 val start step=4500 epoch=0 task=relation_ranking subset=art_any triples=50000 batches=98 eval_batch_size=512
[STAGE] 2026-04-26 16:27:49 val start step=4500 epoch=0 task=triple_scoring subset=art_any triples=50000 batches=98 eval_batch_size=512
[VAL] 2026-04-26 16:39:22 step=4500 epoch=0 mrr=0.726400 aucpr=0.971989 art_art_mrr=0.454879 art_art_aucpr=0.856132 art_any_mrr=0.726869 art_any_aucpr=0.901699
[TRAIN] 2026-04-26 16:39:25 step=4500/67071 (6.71%) epoch=1/3 epoch_step=4500/22357 (20.13%) loss=0.170652 lr=0.000765677 elapsed=10:00:58 eta=139:16:17 val_mrr=0.726400
[TRAIN] 2026-04-26 16:40:06 step=4510/67071 (6.72%) epoch=1/3 epoch_step=4510/22357 (20.17%) loss=0.172048 lr=0.000767606 elapsed=10:01:38 eta=139:05:42 val_mrr=0.726400
[TRAIN] 2026-04-26 16:40:46 step=4520/67071 (6.74%) epoch=1/3 epoch_step=4520/22357 (20.22%) loss=0.166851 lr=0.000769529 elapsed=10:02:18 eta=138:55:10 val_mrr=0.726400
[TRAIN] 2026-04-26 16:41:26 step=4530/67071 (6.75%) epoch=1/3 epoch_step=4530/22357 (20.26%) loss=0.208844 lr=0.000771448 elapsed=10:02:59 eta=138:44:42 val_mrr=0.726400
[TRAIN] 2026-04-26 16:42:06 step=4540/67071 (6.77%) epoch=1/3 epoch_step=4540/22357 (20.31%) loss=0.201269 lr=0.00077336 elapsed=10:03:39 eta=138:34:17 val_mrr=0.726400
[TRAIN] 2026-04-26 16:42:46 step=4550/67071 (6.78%) epoch=1/3 epoch_step=4550/22357 (20.35%) loss=0.153997 lr=0.000775267 elapsed=10:04:19 eta=138:23:51 val_mrr=0.726400
[TRAIN] 2026-04-26 16:43:27 step=4560/67071 (6.80%) epoch=1/3 epoch_step=4560/22357 (20.40%) loss=0.175462 lr=0.000777169 elapsed=10:04:59 eta=138:13:31 val_mrr=0.726400
[TRAIN] 2026-04-26 16:44:07 step=4570/67071 (6.81%) epoch=1/3 epoch_step=4570/22357 (20.44%) loss=0.189080 lr=0.000779065 elapsed=10:05:39 eta=138:03:08 val_mrr=0.726400
[TRAIN] 2026-04-26 16:44:47 step=4580/67071 (6.83%) epoch=1/3 epoch_step=4580/22357 (20.49%) loss=0.193006 lr=0.000780955 elapsed=10:06:20 eta=137:52:56 val_mrr=0.726400
[TRAIN] 2026-04-26 16:45:26 step=4590/67071 (6.84%) epoch=1/3 epoch_step=4590/22357 (20.53%) loss=0.159025 lr=0.000782839 elapsed=10:06:59 eta=137:42:28 val_mrr=0.726400
[TRAIN] 2026-04-26 16:46:07 step=4600/67071 (6.86%) epoch=1/3 epoch_step=4600/22357 (20.58%) loss=0.179879 lr=0.000784718 elapsed=10:07:40 eta=137:32:31 val_mrr=0.726400
[TRAIN] 2026-04-26 16:46:47 step=4610/67071 (6.87%) epoch=1/3 epoch_step=4610/22357 (20.62%) loss=0.161439 lr=0.000786591 elapsed=10:08:20 eta=137:22:14 val_mrr=0.726400
[TRAIN] 2026-04-26 16:47:26 step=4620/67071 (6.89%) epoch=1/3 epoch_step=4620/22357 (20.66%) loss=0.183997 lr=0.000788458 elapsed=10:08:59 eta=137:11:55 val_mrr=0.726400
[TRAIN] 2026-04-26 16:48:06 step=4630/67071 (6.90%) epoch=1/3 epoch_step=4630/22357 (20.71%) loss=0.191233 lr=0.000790319 elapsed=10:09:39 eta=137:01:45 val_mrr=0.726400
[TRAIN] 2026-04-26 16:48:46 step=4640/67071 (6.92%) epoch=1/3 epoch_step=4640/22357 (20.75%) loss=0.198938 lr=0.000792174 elapsed=10:10:18 eta=136:51:37 val_mrr=0.726400
[TRAIN] 2026-04-26 16:49:25 step=4650/67071 (6.93%) epoch=1/3 epoch_step=4650/22357 (20.80%) loss=0.203128 lr=0.000794023 elapsed=10:10:57 eta=136:41:25 val_mrr=0.726400
[TRAIN] 2026-04-26 16:50:04 step=4660/67071 (6.95%) epoch=1/3 epoch_step=4660/22357 (20.84%) loss=0.179194 lr=0.000795866 elapsed=10:11:37 eta=136:31:16 val_mrr=0.726400
[TRAIN] 2026-04-26 16:50:42 step=4670/67071 (6.96%) epoch=1/3 epoch_step=4670/22357 (20.89%) loss=0.192226 lr=0.000797704 elapsed=10:12:15 eta=136:20:57 val_mrr=0.726400
[TRAIN] 2026-04-26 16:51:20 step=4680/67071 (6.98%) epoch=1/3 epoch_step=4680/22357 (20.93%) loss=0.166505 lr=0.000799535 elapsed=10:12:53 eta=136:10:30 val_mrr=0.726400
[TRAIN] 2026-04-26 16:51:58 step=4690/67071 (6.99%) epoch=1/3 epoch_step=4690/22357 (20.98%) loss=0.153472 lr=0.00080136 elapsed=10:13:31 eta=136:00:11 val_mrr=0.726400
[TRAIN] 2026-04-26 16:52:38 step=4700/67071 (7.01%) epoch=1/3 epoch_step=4700/22357 (21.02%) loss=0.147854 lr=0.000803178 elapsed=10:14:11 eta=135:50:30 val_mrr=0.726400
[TRAIN] 2026-04-26 16:53:16 step=4710/67071 (7.02%) epoch=1/3 epoch_step=4710/22357 (21.07%) loss=0.236760 lr=0.000804991 elapsed=10:14:49 eta=135:40:15 val_mrr=0.726400
[TRAIN] 2026-04-26 16:53:54 step=4720/67071 (7.04%) epoch=1/3 epoch_step=4720/22357 (21.11%) loss=0.156016 lr=0.000806797 elapsed=10:15:26 eta=135:29:54 val_mrr=0.726400
[TRAIN] 2026-04-26 16:54:31 step=4730/67071 (7.05%) epoch=1/3 epoch_step=4730/22357 (21.16%) loss=0.177854 lr=0.000808597 elapsed=10:16:04 eta=135:19:44 val_mrr=0.726400
[TRAIN] 2026-04-26 16:55:09 step=4740/67071 (7.07%) epoch=1/3 epoch_step=4740/22357 (21.20%) loss=0.166259 lr=0.000810391 elapsed=10:16:41 eta=135:09:27 val_mrr=0.726400
[TRAIN] 2026-04-26 16:55:47 step=4750/67071 (7.08%) epoch=1/3 epoch_step=4750/22357 (21.25%) loss=0.160259 lr=0.000812178 elapsed=10:17:20 eta=134:59:34 val_mrr=0.726400
[TRAIN] 2026-04-26 16:56:26 step=4760/67071 (7.10%) epoch=1/3 epoch_step=4760/22357 (21.29%) loss=0.173528 lr=0.000813959 elapsed=10:17:58 eta=134:49:35 val_mrr=0.726400
[TRAIN] 2026-04-26 16:57:04 step=4770/67071 (7.11%) epoch=1/3 epoch_step=4770/22357 (21.34%) loss=0.162250 lr=0.000815733 elapsed=10:18:37 eta=134:39:48 val_mrr=0.726400
[TRAIN] 2026-04-26 16:57:43 step=4780/67071 (7.13%) epoch=1/3 epoch_step=4780/22357 (21.38%) loss=0.156780 lr=0.000817501 elapsed=10:19:15 eta=134:29:54 val_mrr=0.726400
[TRAIN] 2026-04-26 16:58:21 step=4790/67071 (7.14%) epoch=1/3 epoch_step=4790/22357 (21.43%) loss=0.154207 lr=0.000819263 elapsed=10:19:54 eta=134:20:07 val_mrr=0.726400
[TRAIN] 2026-04-26 16:59:01 step=4800/67071 (7.16%) epoch=1/3 epoch_step=4800/22357 (21.47%) loss=0.169421 lr=0.000821017 elapsed=10:20:34 eta=134:10:36 val_mrr=0.726400
[TRAIN] 2026-04-26 16:59:41 step=4810/67071 (7.17%) epoch=1/3 epoch_step=4810/22357 (21.51%) loss=0.160148 lr=0.000822766 elapsed=10:21:14 eta=134:01:12 val_mrr=0.726400
[TRAIN] 2026-04-26 17:00:20 step=4820/67071 (7.19%) epoch=1/3 epoch_step=4820/22357 (21.56%) loss=0.182240 lr=0.000824507 elapsed=10:21:53 eta=133:51:37 val_mrr=0.726400
[TRAIN] 2026-04-26 17:00:59 step=4830/67071 (7.20%) epoch=1/3 epoch_step=4830/22357 (21.60%) loss=0.184943 lr=0.000826242 elapsed=10:22:32 eta=133:42:12 val_mrr=0.726400
[TRAIN] 2026-04-26 17:01:38 step=4840/67071 (7.22%) epoch=1/3 epoch_step=4840/22357 (21.65%) loss=0.171068 lr=0.00082797 elapsed=10:23:11 eta=133:32:41 val_mrr=0.726400
[TRAIN] 2026-04-26 17:02:17 step=4850/67071 (7.23%) epoch=1/3 epoch_step=4850/22357 (21.69%) loss=0.199653 lr=0.000829692 elapsed=10:23:50 eta=133:23:07 val_mrr=0.726400
[TRAIN] 2026-04-26 17:02:58 step=4860/67071 (7.25%) epoch=1/3 epoch_step=4860/22357 (21.74%) loss=0.190137 lr=0.000831406 elapsed=10:24:30 eta=133:14:04 val_mrr=0.726400
[TRAIN] 2026-04-26 17:03:38 step=4870/67071 (7.26%) epoch=1/3 epoch_step=4870/22357 (21.78%) loss=0.145575 lr=0.000833114 elapsed=10:25:11 eta=133:05:00 val_mrr=0.726400
[TRAIN] 2026-04-26 17:04:19 step=4880/67071 (7.28%) epoch=1/3 epoch_step=4880/22357 (21.83%) loss=0.193984 lr=0.000834815 elapsed=10:25:52 eta=132:56:01 val_mrr=0.726400
[TRAIN] 2026-04-26 17:04:58 step=4890/67071 (7.29%) epoch=1/3 epoch_step=4890/22357 (21.87%) loss=0.184939 lr=0.000836509 elapsed=10:26:31 eta=132:46:45 val_mrr=0.726400
[TRAIN] 2026-04-26 17:05:39 step=4900/67071 (7.31%) epoch=1/3 epoch_step=4900/22357 (21.92%) loss=0.185208 lr=0.000838196 elapsed=10:27:12 eta=132:37:50 val_mrr=0.726400
[TRAIN] 2026-04-26 17:06:20 step=4910/67071 (7.32%) epoch=1/3 epoch_step=4910/22357 (21.96%) loss=0.179779 lr=0.000839876 elapsed=10:27:53 eta=132:29:00 val_mrr=0.726400
[TRAIN] 2026-04-26 17:07:01 step=4920/67071 (7.34%) epoch=1/3 epoch_step=4920/22357 (22.01%) loss=0.172687 lr=0.000841549 elapsed=10:28:33 eta=132:20:06 val_mrr=0.726400
[TRAIN] 2026-04-26 17:07:41 step=4930/67071 (7.35%) epoch=1/3 epoch_step=4930/22357 (22.05%) loss=0.168992 lr=0.000843215 elapsed=10:29:14 eta=132:11:15 val_mrr=0.726400
[TRAIN] 2026-04-26 17:08:21 step=4940/67071 (7.37%) epoch=1/3 epoch_step=4940/22357 (22.10%) loss=0.164952 lr=0.000844874 elapsed=10:29:54 eta=132:02:16 val_mrr=0.726400
[TRAIN] 2026-04-26 17:09:01 step=4950/67071 (7.38%) epoch=1/3 epoch_step=4950/22357 (22.14%) loss=0.192695 lr=0.000846526 elapsed=10:30:34 eta=131:53:23 val_mrr=0.726400
[TRAIN] 2026-04-26 17:09:41 step=4960/67071 (7.40%) epoch=1/3 epoch_step=4960/22357 (22.19%) loss=0.182524 lr=0.00084817 elapsed=10:31:14 eta=131:44:29 val_mrr=0.726400
[TRAIN] 2026-04-26 17:10:21 step=4970/67071 (7.41%) epoch=1/3 epoch_step=4970/22357 (22.23%) loss=0.166189 lr=0.000849808 elapsed=10:31:53 eta=131:35:32 val_mrr=0.726400
[TRAIN] 2026-04-26 17:11:00 step=4980/67071 (7.42%) epoch=1/3 epoch_step=4980/22357 (22.27%) loss=0.210922 lr=0.000851438 elapsed=10:32:33 eta=131:26:38 val_mrr=0.726400
[TRAIN] 2026-04-26 17:11:40 step=4990/67071 (7.44%) epoch=1/3 epoch_step=4990/22357 (22.32%) loss=0.168990 lr=0.000853061 elapsed=10:33:13 eta=131:17:49 val_mrr=0.726400
[STAGE] 2026-04-26 17:12:20 val prep subsets global=50000 art_art=1986 art_any=50000
[STAGE] 2026-04-26 17:12:20 val prep negatives global=50000 art_art=1986 art_any=50000
[STAGE] 2026-04-26 17:12:20 val start step=5000 epoch=0 task=relation_ranking subset=global triples=50000 batches=98 eval_batch_size=512
[STAGE] 2026-04-26 17:19:06 val start step=5000 epoch=0 task=triple_scoring subset=global triples=50000 batches=98 eval_batch_size=512
[STAGE] 2026-04-26 17:27:17 val start step=5000 epoch=0 task=relation_ranking subset=art_art triples=1986 batches=4 eval_batch_size=512
[STAGE] 2026-04-26 17:27:42 val start step=5000 epoch=0 task=triple_scoring subset=art_art triples=1986 batches=4 eval_batch_size=512
[STAGE] 2026-04-26 17:28:16 val start step=5000 epoch=0 task=relation_ranking subset=art_any triples=50000 batches=98 eval_batch_size=512
[STAGE] 2026-04-26 17:34:40 val start step=5000 epoch=0 task=triple_scoring subset=art_any triples=50000 batches=98 eval_batch_size=512
[VAL] 2026-04-26 17:46:13 step=5000 epoch=0 mrr=0.659276 aucpr=0.974951 art_art_mrr=0.421949 art_art_aucpr=0.853910 art_any_mrr=0.660482 art_any_aucpr=0.914362
[TRAIN] 2026-04-26 17:46:14 step=5000/67071 (7.45%) epoch=1/3 epoch_step=5000/22357 (22.36%) loss=0.143836 lr=0.000854676 elapsed=11:07:47 eta=138:09:56 val_mrr=0.726400
[TRAIN] 2026-04-26 17:46:52 step=5010/67071 (7.47%) epoch=1/3 epoch_step=5010/22357 (22.41%) loss=0.146827 lr=0.000856285 elapsed=11:08:25 eta=137:59:54 val_mrr=0.726400
[TRAIN] 2026-04-26 17:47:30 step=5020/67071 (7.48%) epoch=1/3 epoch_step=5020/22357 (22.45%) loss=0.179262 lr=0.000857885 elapsed=11:09:03 eta=137:49:55 val_mrr=0.726400
[TRAIN] 2026-04-26 17:48:09 step=5030/67071 (7.50%) epoch=1/3 epoch_step=5030/22357 (22.50%) loss=0.200215 lr=0.000859479 elapsed=11:09:41 eta=137:40:05 val_mrr=0.726400
[TRAIN] 2026-04-26 17:48:47 step=5040/67071 (7.51%) epoch=1/3 epoch_step=5040/22357 (22.54%) loss=0.150030 lr=0.000861065 elapsed=11:10:20 eta=137:30:12 val_mrr=0.726400
[TRAIN] 2026-04-26 17:49:26 step=5050/67071 (7.53%) epoch=1/3 epoch_step=5050/22357 (22.59%) loss=0.157560 lr=0.000862643 elapsed=11:10:58 eta=137:20:28 val_mrr=0.726400
[TRAIN] 2026-04-26 17:50:05 step=5060/67071 (7.54%) epoch=1/3 epoch_step=5060/22357 (22.63%) loss=0.167635 lr=0.000864214 elapsed=11:11:38 eta=137:10:53 val_mrr=0.726400
[TRAIN] 2026-04-26 17:50:43 step=5070/67071 (7.56%) epoch=1/3 epoch_step=5070/22357 (22.68%) loss=0.195551 lr=0.000865778 elapsed=11:12:16 eta=137:01:09 val_mrr=0.726400
[TRAIN] 2026-04-26 17:51:22 step=5080/67071 (7.57%) epoch=1/3 epoch_step=5080/22357 (22.72%) loss=0.133735 lr=0.000867334 elapsed=11:12:55 eta=136:51:30 val_mrr=0.726400
[TRAIN] 2026-04-26 17:52:01 step=5090/67071 (7.59%) epoch=1/3 epoch_step=5090/22357 (22.77%) loss=0.165211 lr=0.000868882 elapsed=11:13:33 eta=136:41:56 val_mrr=0.726400
[TRAIN] 2026-04-26 17:52:41 step=5100/67071 (7.60%) epoch=1/3 epoch_step=5100/22357 (22.81%) loss=0.151503 lr=0.000870422 elapsed=11:14:14 eta=136:32:44 val_mrr=0.726400
[TRAIN] 2026-04-26 17:53:21 step=5110/67071 (7.62%) epoch=1/3 epoch_step=5110/22357 (22.86%) loss=0.173750 lr=0.000871955 elapsed=11:14:54 eta=136:23:24 val_mrr=0.726400
[TRAIN] 2026-04-26 17:54:00 step=5120/67071 (7.63%) epoch=1/3 epoch_step=5120/22357 (22.90%) loss=0.188238 lr=0.00087348 elapsed=11:15:32 eta=136:13:53 val_mrr=0.726400
[TRAIN] 2026-04-26 17:54:40 step=5130/67071 (7.65%) epoch=1/3 epoch_step=5130/22357 (22.95%) loss=0.201376 lr=0.000874998 elapsed=11:16:13 eta=136:04:44 val_mrr=0.726400
[TRAIN] 2026-04-26 17:55:20 step=5140/67071 (7.66%) epoch=1/3 epoch_step=5140/22357 (22.99%) loss=0.176090 lr=0.000876507 elapsed=11:16:53 eta=135:55:37 val_mrr=0.726400
[TRAIN] 2026-04-26 17:56:00 step=5150/67071 (7.68%) epoch=1/3 epoch_step=5150/22357 (23.04%) loss=0.166526 lr=0.000878009 elapsed=11:17:32 eta=135:46:23 val_mrr=0.726400
[TRAIN] 2026-04-26 17:56:39 step=5160/67071 (7.69%) epoch=1/3 epoch_step=5160/22357 (23.08%) loss=0.209088 lr=0.000879503 elapsed=11:18:11 eta=135:37:07 val_mrr=0.726400
[TRAIN] 2026-04-26 17:57:18 step=5170/67071 (7.71%) epoch=1/3 epoch_step=5170/22357 (23.12%) loss=0.166595 lr=0.000880989 elapsed=11:18:50 eta=135:27:50 val_mrr=0.726400
[TRAIN] 2026-04-26 17:57:57 step=5180/67071 (7.72%) epoch=1/3 epoch_step=5180/22357 (23.17%) loss=0.189877 lr=0.000882467 elapsed=11:19:29 eta=135:18:35 val_mrr=0.726400
[TRAIN] 2026-04-26 17:58:35 step=5190/67071 (7.74%) epoch=1/3 epoch_step=5190/22357 (23.21%) loss=0.163089 lr=0.000883937 elapsed=11:20:07 eta=135:09:13 val_mrr=0.726400
[TRAIN] 2026-04-26 17:59:14 step=5200/67071 (7.75%) epoch=1/3 epoch_step=5200/22357 (23.26%) loss=0.164179 lr=0.000885399 elapsed=11:20:46 eta=135:00:01 val_mrr=0.726400
[TRAIN] 2026-04-26 17:59:52 step=5210/67071 (7.77%) epoch=1/3 epoch_step=5210/22357 (23.30%) loss=0.165496 lr=0.000886854 elapsed=11:21:24 eta=134:50:42 val_mrr=0.726400
[TRAIN] 2026-04-26 18:00:31 step=5220/67071 (7.78%) epoch=1/3 epoch_step=5220/22357 (23.35%) loss=0.169381 lr=0.0008883 elapsed=11:22:03 eta=134:41:34 val_mrr=0.726400
[TRAIN] 2026-04-26 18:01:09 step=5230/67071 (7.80%) epoch=1/3 epoch_step=5230/22357 (23.39%) loss=0.153636 lr=0.000889738 elapsed=11:22:42 eta=134:32:24 val_mrr=0.726400
[TRAIN] 2026-04-26 18:01:48 step=5240/67071 (7.81%) epoch=1/3 epoch_step=5240/22357 (23.44%) loss=0.168420 lr=0.000891168 elapsed=11:23:20 eta=134:23:16 val_mrr=0.726400
[TRAIN] 2026-04-26 18:02:26 step=5250/67071 (7.83%) epoch=1/3 epoch_step=5250/22357 (23.48%) loss=0.194244 lr=0.000892589 elapsed=11:23:59 eta=134:14:08 val_mrr=0.726400
[TRAIN] 2026-04-26 18:03:04 step=5260/67071 (7.84%) epoch=1/3 epoch_step=5260/22357 (23.53%) loss=0.175938 lr=0.000894003 elapsed=11:24:37 eta=134:04:58 val_mrr=0.726400
[TRAIN] 2026-04-26 18:03:42 step=5270/67071 (7.86%) epoch=1/3 epoch_step=5270/22357 (23.57%) loss=0.163279 lr=0.000895408 elapsed=11:25:15 eta=133:55:48 val_mrr=0.726400
[TRAIN] 2026-04-26 18:04:21 step=5280/67071 (7.87%) epoch=1/3 epoch_step=5280/22357 (23.62%) loss=0.164822 lr=0.000896805 elapsed=11:25:54 eta=133:46:54 val_mrr=0.726400
[TRAIN] 2026-04-26 18:05:00 step=5290/67071 (7.89%) epoch=1/3 epoch_step=5290/22357 (23.66%) loss=0.150209 lr=0.000898194 elapsed=11:26:32 eta=133:38:00 val_mrr=0.726400
[TRAIN] 2026-04-26 18:05:40 step=5300/67071 (7.90%) epoch=1/3 epoch_step=5300/22357 (23.71%) loss=0.180506 lr=0.000899575 elapsed=11:27:13 eta=133:29:21 val_mrr=0.726400
[TRAIN] 2026-04-26 18:06:20 step=5310/67071 (7.92%) epoch=1/3 epoch_step=5310/22357 (23.75%) loss=0.177901 lr=0.000900947 elapsed=11:27:53 eta=133:20:45 val_mrr=0.726400
[TRAIN] 2026-04-26 18:06:59 step=5320/67071 (7.93%) epoch=1/3 epoch_step=5320/22357 (23.80%) loss=0.171375 lr=0.000902311 elapsed=11:28:32 eta=133:11:58 val_mrr=0.726400
[TRAIN] 2026-04-26 18:07:38 step=5330/67071 (7.95%) epoch=1/3 epoch_step=5330/22357 (23.84%) loss=0.171357 lr=0.000903666 elapsed=11:29:10 eta=133:03:11 val_mrr=0.726400
[TRAIN] 2026-04-26 18:08:17 step=5340/67071 (7.96%) epoch=1/3 epoch_step=5340/22357 (23.89%) loss=0.160707 lr=0.000905013 elapsed=11:29:50 eta=132:54:30 val_mrr=0.726400
[TRAIN] 2026-04-26 18:08:56 step=5350/67071 (7.98%) epoch=1/3 epoch_step=5350/22357 (23.93%) loss=0.141853 lr=0.000906352 elapsed=11:30:29 eta=132:45:48 val_mrr=0.726400
[TRAIN] 2026-04-26 18:09:36 step=5360/67071 (7.99%) epoch=1/3 epoch_step=5360/22357 (23.97%) loss=0.192839 lr=0.000907682 elapsed=11:31:08 eta=132:37:14 val_mrr=0.726400
[TRAIN] 2026-04-26 18:10:15 step=5370/67071 (8.01%) epoch=1/3 epoch_step=5370/22357 (24.02%) loss=0.164538 lr=0.000909004 elapsed=11:31:47 eta=132:28:37 val_mrr=0.726400
[TRAIN] 2026-04-26 18:10:53 step=5380/67071 (8.02%) epoch=1/3 epoch_step=5380/22357 (24.06%) loss=0.177448 lr=0.000910317 elapsed=11:32:26 eta=132:19:55 val_mrr=0.726400
[TRAIN] 2026-04-26 18:11:32 step=5390/67071 (8.04%) epoch=1/3 epoch_step=5390/22357 (24.11%) loss=0.144712 lr=0.000911621 elapsed=11:33:05 eta=132:11:22 val_mrr=0.726400
[TRAIN] 2026-04-26 18:12:14 step=5400/67071 (8.05%) epoch=1/3 epoch_step=5400/22357 (24.15%) loss=0.166733 lr=0.000912917 elapsed=11:33:47 eta=132:03:23 val_mrr=0.726400
[TRAIN] 2026-04-26 18:12:53 step=5410/67071 (8.07%) epoch=1/3 epoch_step=5410/22357 (24.20%) loss=0.176862 lr=0.000914205 elapsed=11:34:25 eta=131:54:43 val_mrr=0.726400
[TRAIN] 2026-04-26 18:13:31 step=5420/67071 (8.08%) epoch=1/3 epoch_step=5420/22357 (24.24%) loss=0.111742 lr=0.000915483 elapsed=11:35:04 eta=131:46:11 val_mrr=0.726400
[TRAIN] 2026-04-26 18:14:11 step=5430/67071 (8.10%) epoch=1/3 epoch_step=5430/22357 (24.29%) loss=0.167884 lr=0.000916753 elapsed=11:35:44 eta=131:37:52 val_mrr=0.726400
[TRAIN] 2026-04-26 18:14:49 step=5440/67071 (8.11%) epoch=1/3 epoch_step=5440/22357 (24.33%) loss=0.171382 lr=0.000918014 elapsed=11:36:22 eta=131:29:17 val_mrr=0.726400
[TRAIN] 2026-04-26 18:15:27 step=5450/67071 (8.13%) epoch=1/3 epoch_step=5450/22357 (24.38%) loss=0.174750 lr=0.000919267 elapsed=11:37:00 eta=131:20:44 val_mrr=0.726400
[TRAIN] 2026-04-26 18:16:06 step=5460/67071 (8.14%) epoch=1/3 epoch_step=5460/22357 (24.42%) loss=0.155292 lr=0.000920511 elapsed=11:37:39 eta=131:12:15 val_mrr=0.726400
[TRAIN] 2026-04-26 18:16:44 step=5470/67071 (8.16%) epoch=1/3 epoch_step=5470/22357 (24.47%) loss=0.150833 lr=0.000921746 elapsed=11:38:17 eta=131:03:42 val_mrr=0.726400
[TRAIN] 2026-04-26 18:17:23 step=5480/67071 (8.17%) epoch=1/3 epoch_step=5480/22357 (24.51%) loss=0.141485 lr=0.000922972 elapsed=11:38:55 eta=130:55:21 val_mrr=0.726400
[TRAIN] 2026-04-26 18:18:02 step=5490/67071 (8.19%) epoch=1/3 epoch_step=5490/22357 (24.56%) loss=0.168049 lr=0.000924189 elapsed=11:39:34 eta=130:47:02 val_mrr=0.726400
[STAGE] 2026-04-26 18:18:42 val prep subsets global=50000 art_art=1986 art_any=50000
[STAGE] 2026-04-26 18:18:43 val prep negatives global=50000 art_art=1986 art_any=50000
[STAGE] 2026-04-26 18:18:43 val start step=5500 epoch=0 task=relation_ranking subset=global triples=50000 batches=98 eval_batch_size=512
[STAGE] 2026-04-26 18:25:21 val start step=5500 epoch=0 task=triple_scoring subset=global triples=50000 batches=98 eval_batch_size=512
[STAGE] 2026-04-26 18:33:53 val start step=5500 epoch=0 task=relation_ranking subset=art_art triples=1986 batches=4 eval_batch_size=512
[STAGE] 2026-04-26 18:34:18 val start step=5500 epoch=0 task=triple_scoring subset=art_art triples=1986 batches=4 eval_batch_size=512
[STAGE] 2026-04-26 18:34:52 val start step=5500 epoch=0 task=relation_ranking subset=art_any triples=50000 batches=98 eval_batch_size=512
[STAGE] 2026-04-26 18:41:34 val start step=5500 epoch=0 task=triple_scoring subset=art_any triples=50000 batches=98 eval_batch_size=512
[VAL] 2026-04-26 18:53:36 step=5500 epoch=0 mrr=0.725410 aucpr=0.977866 art_art_mrr=0.273312 art_art_aucpr=0.882610 art_any_mrr=0.724502 art_any_aucpr=0.927284
[TRAIN] 2026-04-26 18:53:36 step=5500/67071 (8.20%) epoch=1/3 epoch_step=5500/22357 (24.60%) loss=0.155108 lr=0.000925398 elapsed=12:15:09 eta=137:09:50 val_mrr=0.726400
[TRAIN] 2026-04-26 18:54:14 step=5510/67071 (8.22%) epoch=1/3 epoch_step=5510/22357 (24.65%) loss=0.131742 lr=0.000926597 elapsed=12:15:46 eta=137:00:29 val_mrr=0.726400
[TRAIN] 2026-04-26 18:54:51 step=5520/67071 (8.23%) epoch=1/3 epoch_step=5520/22357 (24.69%) loss=0.193961 lr=0.000927788 elapsed=12:16:24 eta=136:51:12 val_mrr=0.726400
[TRAIN] 2026-04-26 18:55:29 step=5530/67071 (8.24%) epoch=1/3 epoch_step=5530/22357 (24.73%) loss=0.188831 lr=0.000928969 elapsed=12:17:01 eta=136:42:00 val_mrr=0.726400
[TRAIN] 2026-04-26 18:56:07 step=5540/67071 (8.26%) epoch=1/3 epoch_step=5540/22357 (24.78%) loss=0.149771 lr=0.000930142 elapsed=12:17:40 eta=136:32:57 val_mrr=0.726400
[TRAIN] 2026-04-26 18:56:45 step=5550/67071 (8.27%) epoch=1/3 epoch_step=5550/22357 (24.82%) loss=0.185326 lr=0.000931306 elapsed=12:18:18 eta=136:23:58 val_mrr=0.726400
[TRAIN] 2026-04-26 18:57:24 step=5560/67071 (8.29%) epoch=1/3 epoch_step=5560/22357 (24.87%) loss=0.176995 lr=0.000932461 elapsed=12:18:57 eta=136:15:05 val_mrr=0.726400
[TRAIN] 2026-04-26 18:58:03 step=5570/67071 (8.30%) epoch=1/3 epoch_step=5570/22357 (24.91%) loss=0.141213 lr=0.000933606 elapsed=12:19:36 eta=136:06:14 val_mrr=0.726400
[TRAIN] 2026-04-26 18:58:42 step=5580/67071 (8.32%) epoch=1/3 epoch_step=5580/22357 (24.96%) loss=0.180301 lr=0.000934743 elapsed=12:20:14 eta=135:57:23 val_mrr=0.726400
[TRAIN] 2026-04-26 18:59:22 step=5590/67071 (8.33%) epoch=1/3 epoch_step=5590/22357 (25.00%) loss=0.161218 lr=0.00093587 elapsed=12:20:55 eta=135:48:50 val_mrr=0.726400
[TRAIN] 2026-04-26 19:00:04 step=5600/67071 (8.35%) epoch=1/3 epoch_step=5600/22357 (25.05%) loss=0.184152 lr=0.000936988 elapsed=12:21:37 eta=135:40:39 val_mrr=0.726400
[TRAIN] 2026-04-26 19:00:43 step=5610/67071 (8.36%) epoch=1/3 epoch_step=5610/22357 (25.09%) loss=0.180914 lr=0.000938098 elapsed=12:22:16 eta=135:32:01 val_mrr=0.726400
[TRAIN] 2026-04-26 19:01:24 step=5620/67071 (8.38%) epoch=1/3 epoch_step=5620/22357 (25.14%) loss=0.200183 lr=0.000939198 elapsed=12:22:56 eta=135:23:33 val_mrr=0.726400
[TRAIN] 2026-04-26 19:02:04 step=5630/67071 (8.39%) epoch=1/3 epoch_step=5630/22357 (25.18%) loss=0.156014 lr=0.000940288 elapsed=12:23:36 eta=135:15:03 val_mrr=0.726400
[TRAIN] 2026-04-26 19:02:44 step=5640/67071 (8.41%) epoch=1/3 epoch_step=5640/22357 (25.23%) loss=0.151163 lr=0.00094137 elapsed=12:24:17 eta=135:06:41 val_mrr=0.726400
[TRAIN] 2026-04-26 19:03:25 step=5650/67071 (8.42%) epoch=1/3 epoch_step=5650/22357 (25.27%) loss=0.140522 lr=0.000942442 elapsed=12:24:57 eta=134:58:25 val_mrr=0.726400
[TRAIN] 2026-04-26 19:04:05 step=5660/67071 (8.44%) epoch=1/3 epoch_step=5660/22357 (25.32%) loss=0.166883 lr=0.000943505 elapsed=12:25:38 eta=134:50:06 val_mrr=0.726400
[TRAIN] 2026-04-26 19:04:46 step=5670/67071 (8.45%) epoch=1/3 epoch_step=5670/22357 (25.36%) loss=0.165433 lr=0.000944559 elapsed=12:26:18 eta=134:41:49 val_mrr=0.726400
[TRAIN] 2026-04-26 19:05:26 step=5680/67071 (8.47%) epoch=1/3 epoch_step=5680/22357 (25.41%) loss=0.157062 lr=0.000945603 elapsed=12:26:59 eta=134:33:31 val_mrr=0.726400
[TRAIN] 2026-04-26 19:06:06 step=5690/67071 (8.48%) epoch=1/3 epoch_step=5690/22357 (25.45%) loss=0.123061 lr=0.000946639 elapsed=12:27:39 eta=134:25:16 val_mrr=0.726400
[TRAIN] 2026-04-26 19:06:48 step=5700/67071 (8.50%) epoch=1/3 epoch_step=5700/22357 (25.50%) loss=0.147606 lr=0.000947664 elapsed=12:28:21 eta=134:17:23 val_mrr=0.726400
[TRAIN] 2026-04-26 19:07:28 step=5710/67071 (8.51%) epoch=1/3 epoch_step=5710/22357 (25.54%) loss=0.148049 lr=0.000948681 elapsed=12:29:00 eta=134:08:59 val_mrr=0.726400
[TRAIN] 2026-04-26 19:08:07 step=5720/67071 (8.53%) epoch=1/3 epoch_step=5720/22357 (25.58%) loss=0.196327 lr=0.000949688 elapsed=12:29:40 eta=134:00:44 val_mrr=0.726400
[TRAIN] 2026-04-26 19:08:48 step=5730/67071 (8.54%) epoch=1/3 epoch_step=5730/22357 (25.63%) loss=0.167216 lr=0.000950685 elapsed=12:30:21 eta=133:52:38 val_mrr=0.726400
[TRAIN] 2026-04-26 19:09:29 step=5740/67071 (8.56%) epoch=1/3 epoch_step=5740/22357 (25.67%) loss=0.184592 lr=0.000951673 elapsed=12:31:01 eta=133:44:34 val_mrr=0.726400
[TRAIN] 2026-04-26 19:10:09 step=5750/67071 (8.57%) epoch=1/3 epoch_step=5750/22357 (25.72%) loss=0.162398 lr=0.000952652 elapsed=12:31:41 eta=133:36:23 val_mrr=0.726400
[TRAIN] 2026-04-26 19:10:49 step=5760/67071 (8.59%) epoch=1/3 epoch_step=5760/22357 (25.76%) loss=0.156963 lr=0.000953621 elapsed=12:32:22 eta=133:28:25 val_mrr=0.726400
[TRAIN] 2026-04-26 19:11:31 step=5770/67071 (8.60%) epoch=1/3 epoch_step=5770/22357 (25.81%) loss=0.141700 lr=0.00095458 elapsed=12:33:04 eta=133:20:34 val_mrr=0.726400
[TRAIN] 2026-04-26 19:12:12 step=5780/67071 (8.62%) epoch=1/3 epoch_step=5780/22357 (25.85%) loss=0.167383 lr=0.00095553 elapsed=12:33:44 eta=133:12:37 val_mrr=0.726400
[TRAIN] 2026-04-26 19:12:52 step=5790/67071 (8.63%) epoch=1/3 epoch_step=5790/22357 (25.90%) loss=0.175681 lr=0.000956471 elapsed=12:34:24 eta=133:04:35 val_mrr=0.726400
[TRAIN] 2026-04-26 19:13:35 step=5800/67071 (8.65%) epoch=1/3 epoch_step=5800/22357 (25.94%) loss=0.164424 lr=0.000957402 elapsed=12:35:08 eta=132:57:07 val_mrr=0.726400
[TRAIN] 2026-04-26 19:14:16 step=5810/67071 (8.66%) epoch=1/3 epoch_step=5810/22357 (25.99%) loss=0.171043 lr=0.000958323 elapsed=12:35:49 eta=132:49:18 val_mrr=0.726400
[TRAIN] 2026-04-26 19:14:56 step=5820/67071 (8.68%) epoch=1/3 epoch_step=5820/22357 (26.03%) loss=0.159819 lr=0.000959235 elapsed=12:36:29 eta=132:41:24 val_mrr=0.726400
[TRAIN] 2026-04-26 19:15:37 step=5830/67071 (8.69%) epoch=1/3 epoch_step=5830/22357 (26.08%) loss=0.199304 lr=0.000960137 elapsed=12:37:10 eta=132:33:33 val_mrr=0.726400
[TRAIN] 2026-04-26 19:16:17 step=5840/67071 (8.71%) epoch=1/3 epoch_step=5840/22357 (26.12%) loss=0.153036 lr=0.000961029 elapsed=12:37:50 eta=132:25:41 val_mrr=0.726400
[TRAIN] 2026-04-26 19:16:56 step=5850/67071 (8.72%) epoch=1/3 epoch_step=5850/22357 (26.17%) loss=0.136185 lr=0.000961912 elapsed=12:38:29 eta=132:17:36 val_mrr=0.726400
[TRAIN] 2026-04-26 19:17:35 step=5860/67071 (8.74%) epoch=1/3 epoch_step=5860/22357 (26.21%) loss=0.154971 lr=0.000962785 elapsed=12:39:08 eta=132:09:36 val_mrr=0.726400
[TRAIN] 2026-04-26 19:18:14 step=5870/67071 (8.75%) epoch=1/3 epoch_step=5870/22357 (26.26%) loss=0.156954 lr=0.000963648 elapsed=12:39:46 eta=132:01:27 val_mrr=0.726400
[TRAIN] 2026-04-26 19:18:53 step=5880/67071 (8.77%) epoch=1/3 epoch_step=5880/22357 (26.30%) loss=0.159278 lr=0.000964502 elapsed=12:40:26 eta=131:53:31 val_mrr=0.726400
[TRAIN] 2026-04-26 19:19:32 step=5890/67071 (8.78%) epoch=1/3 epoch_step=5890/22357 (26.35%) loss=0.153095 lr=0.000965345 elapsed=12:41:05 eta=131:45:33 val_mrr=0.726400
[TRAIN] 2026-04-26 19:20:14 step=5900/67071 (8.80%) epoch=1/3 epoch_step=5900/22357 (26.39%) loss=0.138688 lr=0.000966179 elapsed=12:41:46 eta=131:38:01 val_mrr=0.726400
[TRAIN] 2026-04-26 19:20:52 step=5910/67071 (8.81%) epoch=1/3 epoch_step=5910/22357 (26.43%) loss=0.180335 lr=0.000967004 elapsed=12:42:25 eta=131:29:58 val_mrr=0.726400
[TRAIN] 2026-04-26 19:21:33 step=5920/67071 (8.83%) epoch=1/3 epoch_step=5920/22357 (26.48%) loss=0.157684 lr=0.000967818 elapsed=12:43:05 eta=131:22:23 val_mrr=0.726400
[TRAIN] 2026-04-26 19:22:12 step=5930/67071 (8.84%) epoch=1/3 epoch_step=5930/22357 (26.52%) loss=0.172220 lr=0.000968623 elapsed=12:43:45 eta=131:14:38 val_mrr=0.726400
[TRAIN] 2026-04-26 19:22:52 step=5940/67071 (8.86%) epoch=1/3 epoch_step=5940/22357 (26.57%) loss=0.143564 lr=0.000969417 elapsed=12:44:25 eta=131:06:52 val_mrr=0.726400
[TRAIN] 2026-04-26 19:23:31 step=5950/67071 (8.87%) epoch=1/3 epoch_step=5950/22357 (26.61%) loss=0.180018 lr=0.000970202 elapsed=12:45:04 eta=130:59:01 val_mrr=0.726400
[TRAIN] 2026-04-26 19:24:10 step=5960/67071 (8.89%) epoch=1/3 epoch_step=5960/22357 (26.66%) loss=0.144101 lr=0.000970977 elapsed=12:45:42 eta=130:51:12 val_mrr=0.726400
[TRAIN] 2026-04-26 19:24:49 step=5970/67071 (8.90%) epoch=1/3 epoch_step=5970/22357 (26.70%) loss=0.159886 lr=0.000971742 elapsed=12:46:22 eta=130:43:31 val_mrr=0.726400
[TRAIN] 2026-04-26 19:25:29 step=5980/67071 (8.92%) epoch=1/3 epoch_step=5980/22357 (26.75%) loss=0.149994 lr=0.000972497 elapsed=12:47:02 eta=130:35:51 val_mrr=0.726400
[TRAIN] 2026-04-26 19:26:07 step=5990/67071 (8.93%) epoch=1/3 epoch_step=5990/22357 (26.79%) loss=0.181506 lr=0.000973243 elapsed=12:47:40 eta=130:28:02 val_mrr=0.726400
[STAGE] 2026-04-26 19:26:46 val prep subsets global=50000 art_art=1986 art_any=50000
[STAGE] 2026-04-26 19:26:47 val prep negatives global=50000 art_art=1986 art_any=50000
[STAGE] 2026-04-26 19:26:47 val start step=6000 epoch=0 task=relation_ranking subset=global triples=50000 batches=98 eval_batch_size=512
[STAGE] 2026-04-26 19:33:34 val start step=6000 epoch=0 task=triple_scoring subset=global triples=50000 batches=98 eval_batch_size=512
[STAGE] 2026-04-26 19:42:01 val start step=6000 epoch=0 task=relation_ranking subset=art_art triples=1986 batches=4 eval_batch_size=512
[STAGE] 2026-04-26 19:42:24 val start step=6000 epoch=0 task=triple_scoring subset=art_art triples=1986 batches=4 eval_batch_size=512
[STAGE] 2026-04-26 19:42:58 val start step=6000 epoch=0 task=relation_ranking subset=art_any triples=50000 batches=98 eval_batch_size=512
[STAGE] 2026-04-26 19:49:44 val start step=6000 epoch=0 task=triple_scoring subset=art_any triples=50000 batches=98 eval_batch_size=512
[VAL] 2026-04-26 20:00:59 step=6000 epoch=0 mrr=0.705396 aucpr=0.978032 art_art_mrr=0.421722 art_art_aucpr=0.880030 art_any_mrr=0.704272 art_any_aucpr=0.929554
[TRAIN] 2026-04-26 20:01:00 step=6000/67071 (8.95%) epoch=1/3 epoch_step=6000/22357 (26.84%) loss=0.148965 lr=0.000973978 elapsed=13:22:33 eta=136:08:44 val_mrr=0.726400
[TRAIN] 2026-04-26 20:01:39 step=6010/67071 (8.96%) epoch=1/3 epoch_step=6010/22357 (26.88%) loss=0.152757 lr=0.000974703 elapsed=13:23:12 eta=136:00:21 val_mrr=0.726400
[TRAIN] 2026-04-26 20:02:20 step=6020/67071 (8.98%) epoch=1/3 epoch_step=6020/22357 (26.93%) loss=0.152983 lr=0.000975419 elapsed=13:23:52 eta=135:52:21 val_mrr=0.726400
[TRAIN] 2026-04-26 20:03:00 step=6030/67071 (8.99%) epoch=1/3 epoch_step=6030/22357 (26.97%) loss=0.148187 lr=0.000976124 elapsed=13:24:33 eta=135:44:19 val_mrr=0.726400
[TRAIN] 2026-04-26 20:03:41 step=6040/67071 (9.01%) epoch=1/3 epoch_step=6040/22357 (27.02%) loss=0.157210 lr=0.000976819 elapsed=13:25:13 eta=135:36:20 val_mrr=0.726400
[TRAIN] 2026-04-26 20:04:21 step=6050/67071 (9.02%) epoch=1/3 epoch_step=6050/22357 (27.06%) loss=0.147602 lr=0.000977505 elapsed=13:25:54 eta=135:28:23 val_mrr=0.726400
[TRAIN] 2026-04-26 20:05:01 step=6060/67071 (9.04%) epoch=1/3 epoch_step=6060/22357 (27.11%) loss=0.184989 lr=0.00097818 elapsed=13:26:34 eta=135:20:17 val_mrr=0.726400
[TRAIN] 2026-04-26 20:05:41 step=6070/67071 (9.05%) epoch=1/3 epoch_step=6070/22357 (27.15%) loss=0.143308 lr=0.000978845 elapsed=13:27:14 eta=135:12:17 val_mrr=0.726400
[TRAIN] 2026-04-26 20:06:21 step=6080/67071 (9.07%) epoch=1/3 epoch_step=6080/22357 (27.20%) loss=0.130975 lr=0.000979501 elapsed=13:27:54 eta=135:04:19 val_mrr=0.726400
[TRAIN] 2026-04-26 20:07:01 step=6090/67071 (9.08%) epoch=1/3 epoch_step=6090/22357 (27.24%) loss=0.169065 lr=0.000980146 elapsed=13:28:34 eta=134:56:24 val_mrr=0.726400
[TRAIN] 2026-04-26 20:07:42 step=6100/67071 (9.09%) epoch=1/3 epoch_step=6100/22357 (27.28%) loss=0.170457 lr=0.000980781 elapsed=13:29:15 eta=134:48:37 val_mrr=0.726400
[TRAIN] 2026-04-26 20:08:22 step=6110/67071 (9.11%) epoch=1/3 epoch_step=6110/22357 (27.33%) loss=0.176463 lr=0.000981405 elapsed=13:29:55 eta=134:40:45 val_mrr=0.726400
[TRAIN] 2026-04-26 20:09:03 step=6120/67071 (9.12%) epoch=1/3 epoch_step=6120/22357 (27.37%) loss=0.151439 lr=0.00098202 elapsed=13:30:35 eta=134:32:55 val_mrr=0.726400
[TRAIN] 2026-04-26 20:09:43 step=6130/67071 (9.14%) epoch=1/3 epoch_step=6130/22357 (27.42%) loss=0.167296 lr=0.000982625 elapsed=13:31:16 eta=134:25:10 val_mrr=0.726400
[TRAIN] 2026-04-26 20:10:24 step=6140/67071 (9.15%) epoch=1/3 epoch_step=6140/22357 (27.46%) loss=0.136636 lr=0.000983219 elapsed=13:31:57 eta=134:17:28 val_mrr=0.726400
[TRAIN] 2026-04-26 20:11:04 step=6150/67071 (9.17%) epoch=1/3 epoch_step=6150/22357 (27.51%) loss=0.171939 lr=0.000983804 elapsed=13:32:36 eta=134:09:34 val_mrr=0.726400
[TRAIN] 2026-04-26 20:11:44 step=6160/67071 (9.18%) epoch=1/3 epoch_step=6160/22357 (27.55%) loss=0.140771 lr=0.000984378 elapsed=13:33:16 eta=134:01:46 val_mrr=0.726400
[TRAIN] 2026-04-26 20:12:23 step=6170/67071 (9.20%) epoch=1/3 epoch_step=6170/22357 (27.60%) loss=0.167426 lr=0.000984942 elapsed=13:33:56 eta=133:53:53 val_mrr=0.726400
[TRAIN] 2026-04-26 20:13:02 step=6180/67071 (9.21%) epoch=1/3 epoch_step=6180/22357 (27.64%) loss=0.149483 lr=0.000985495 elapsed=13:34:35 eta=133:46:02 val_mrr=0.726400
[TRAIN] 2026-04-26 20:13:41 step=6190/67071 (9.23%) epoch=1/3 epoch_step=6190/22357 (27.69%) loss=0.163594 lr=0.000986039 elapsed=13:35:13 eta=133:38:01 val_mrr=0.726400
[TRAIN] 2026-04-26 20:14:23 step=6200/67071 (9.24%) epoch=1/3 epoch_step=6200/22357 (27.73%) loss=0.156981 lr=0.000986572 elapsed=13:35:55 eta=133:30:39 val_mrr=0.726400
[TRAIN] 2026-04-26 20:15:03 step=6210/67071 (9.26%) epoch=1/3 epoch_step=6210/22357 (27.78%) loss=0.137611 lr=0.000987095 elapsed=13:36:36 eta=133:23:01 val_mrr=0.726400
[TRAIN] 2026-04-26 20:15:43 step=6220/67071 (9.27%) epoch=1/3 epoch_step=6220/22357 (27.82%) loss=0.142291 lr=0.000987608 elapsed=13:37:16 eta=133:15:21 val_mrr=0.726400
[TRAIN] 2026-04-26 20:16:23 step=6230/67071 (9.29%) epoch=1/3 epoch_step=6230/22357 (27.87%) loss=0.155042 lr=0.00098811 elapsed=13:37:56 eta=133:07:43 val_mrr=0.726400
[TRAIN] 2026-04-26 20:17:04 step=6240/67071 (9.30%) epoch=1/3 epoch_step=6240/22357 (27.91%) loss=0.176714 lr=0.000988603 elapsed=13:38:37 eta=133:00:15 val_mrr=0.726400
[TRAIN] 2026-04-26 20:17:44 step=6250/67071 (9.32%) epoch=1/3 epoch_step=6250/22357 (27.96%) loss=0.163917 lr=0.000989085 elapsed=13:39:17 eta=132:52:44 val_mrr=0.726400
[TRAIN] 2026-04-26 20:18:25 step=6260/67071 (9.33%) epoch=1/3 epoch_step=6260/22357 (28.00%) loss=0.141509 lr=0.000989556 elapsed=13:39:57 eta=132:45:14 val_mrr=0.726400
[TRAIN] 2026-04-26 20:19:05 step=6270/67071 (9.35%) epoch=1/3 epoch_step=6270/22357 (28.04%) loss=0.157679 lr=0.000990018 elapsed=13:40:38 eta=132:37:45 val_mrr=0.726400
[TRAIN] 2026-04-26 20:19:45 step=6280/67071 (9.36%) epoch=1/3 epoch_step=6280/22357 (28.09%) loss=0.148462 lr=0.000990469 elapsed=13:41:18 eta=132:30:12 val_mrr=0.726400
[TRAIN] 2026-04-26 20:20:25 step=6290/67071 (9.38%) epoch=1/3 epoch_step=6290/22357 (28.13%) loss=0.168103 lr=0.000990909 elapsed=13:41:58 eta=132:22:42 val_mrr=0.726400
[TRAIN] 2026-04-26 20:21:07 step=6300/67071 (9.39%) epoch=1/3 epoch_step=6300/22357 (28.18%) loss=0.147805 lr=0.00099134 elapsed=13:42:40 eta=132:15:34 val_mrr=0.726400
[TRAIN] 2026-04-26 20:21:48 step=6310/67071 (9.41%) epoch=1/3 epoch_step=6310/22357 (28.22%) loss=0.174434 lr=0.00099176 elapsed=13:43:21 eta=132:08:14 val_mrr=0.726400
[TRAIN] 2026-04-26 20:22:28 step=6320/67071 (9.42%) epoch=1/3 epoch_step=6320/22357 (28.27%) loss=0.157439 lr=0.00099217 elapsed=13:44:01 eta=132:00:51 val_mrr=0.726400
[TRAIN] 2026-04-26 20:23:08 step=6330/67071 (9.44%) epoch=1/3 epoch_step=6330/22357 (28.31%) loss=0.169827 lr=0.000992569 elapsed=13:44:40 eta=131:53:20 val_mrr=0.726400
[TRAIN] 2026-04-26 20:23:48 step=6340/67071 (9.45%) epoch=1/3 epoch_step=6340/22357 (28.36%) loss=0.193372 lr=0.000992958 elapsed=13:45:21 eta=131:46:00 val_mrr=0.726400
[TRAIN] 2026-04-26 20:24:29 step=6350/67071 (9.47%) epoch=1/3 epoch_step=6350/22357 (28.40%) loss=0.153919 lr=0.000993336 elapsed=13:46:02 eta=131:38:51 val_mrr=0.726400
[TRAIN] 2026-04-26 20:25:10 step=6360/67071 (9.48%) epoch=1/3 epoch_step=6360/22357 (28.45%) loss=0.142706 lr=0.000993705 elapsed=13:46:42 eta=131:31:33 val_mrr=0.726400
[TRAIN] 2026-04-26 20:25:49 step=6370/67071 (9.50%) epoch=1/3 epoch_step=6370/22357 (28.49%) loss=0.141325 lr=0.000994062 elapsed=13:47:22 eta=131:24:09 val_mrr=0.726400
[TRAIN] 2026-04-26 20:26:30 step=6380/67071 (9.51%) epoch=1/3 epoch_step=6380/22357 (28.54%) loss=0.158910 lr=0.00099441 elapsed=13:48:02 eta=131:16:52 val_mrr=0.726400
[TRAIN] 2026-04-26 20:27:06 step=6390/67071 (9.53%) epoch=1/3 epoch_step=6390/22357 (28.58%) loss=0.147553 lr=0.000994747 elapsed=13:48:38 eta=131:08:59 val_mrr=0.726400
[TRAIN] 2026-04-26 20:27:44 step=6400/67071 (9.54%) epoch=1/3 epoch_step=6400/22357 (28.63%) loss=0.156774 lr=0.000995073 elapsed=13:49:17 eta=131:01:30 val_mrr=0.726400
[TRAIN] 2026-04-26 20:28:23 step=6410/67071 (9.56%) epoch=1/3 epoch_step=6410/22357 (28.67%) loss=0.151768 lr=0.000995389 elapsed=13:49:55 eta=130:53:59 val_mrr=0.726400
[TRAIN] 2026-04-26 20:29:03 step=6420/67071 (9.57%) epoch=1/3 epoch_step=6420/22357 (28.72%) loss=0.146530 lr=0.000995695 elapsed=13:50:35 eta=130:46:45 val_mrr=0.726400
[TRAIN] 2026-04-26 20:29:43 step=6430/67071 (9.59%) epoch=1/3 epoch_step=6430/22357 (28.76%) loss=0.172115 lr=0.00099599 elapsed=13:51:16 eta=130:39:39 val_mrr=0.726400
[TRAIN] 2026-04-26 20:30:24 step=6440/67071 (9.60%) epoch=1/3 epoch_step=6440/22357 (28.81%) loss=0.172087 lr=0.000996275 elapsed=13:51:56 eta=130:32:31 val_mrr=0.726400
[TRAIN] 2026-04-26 20:31:04 step=6450/67071 (9.62%) epoch=1/3 epoch_step=6450/22357 (28.85%) loss=0.138844 lr=0.00099655 elapsed=13:52:36 eta=130:25:20 val_mrr=0.726400
[TRAIN] 2026-04-26 20:31:43 step=6460/67071 (9.63%) epoch=1/3 epoch_step=6460/22357 (28.89%) loss=0.150681 lr=0.000996814 elapsed=13:53:15 eta=130:18:02 val_mrr=0.726400
[TRAIN] 2026-04-26 20:32:22 step=6470/67071 (9.65%) epoch=1/3 epoch_step=6470/22357 (28.94%) loss=0.180909 lr=0.000997067 elapsed=13:53:55 eta=130:10:51 val_mrr=0.726400
[TRAIN] 2026-04-26 20:33:02 step=6480/67071 (9.66%) epoch=1/3 epoch_step=6480/22357 (28.98%) loss=0.144106 lr=0.00099731 elapsed=13:54:34 eta=130:03:37 val_mrr=0.726400
[TRAIN] 2026-04-26 20:33:39 step=6490/67071 (9.68%) epoch=1/3 epoch_step=6490/22357 (29.03%) loss=0.155114 lr=0.000997542 elapsed=13:55:11 eta=129:56:04 val_mrr=0.726400
[STAGE] 2026-04-26 20:34:17 val prep subsets global=50000 art_art=1986 art_any=50000
[STAGE] 2026-04-26 20:34:18 val prep negatives global=50000 art_art=1986 art_any=50000
[STAGE] 2026-04-26 20:34:18 val start step=6500 epoch=0 task=relation_ranking subset=global triples=50000 batches=98 eval_batch_size=512
[STAGE] 2026-04-26 20:41:09 val start step=6500 epoch=0 task=triple_scoring subset=global triples=50000 batches=98 eval_batch_size=512
[STAGE] 2026-04-26 20:49:26 val start step=6500 epoch=0 task=relation_ranking subset=art_art triples=1986 batches=4 eval_batch_size=512
[STAGE] 2026-04-26 20:49:50 val start step=6500 epoch=0 task=triple_scoring subset=art_art triples=1986 batches=4 eval_batch_size=512
[STAGE] 2026-04-26 20:50:24 val start step=6500 epoch=0 task=relation_ranking subset=art_any triples=50000 batches=98 eval_batch_size=512
[STAGE] 2026-04-26 20:56:56 val start step=6500 epoch=0 task=triple_scoring subset=art_any triples=50000 batches=98 eval_batch_size=512
[VAL] 2026-04-26 21:09:02 step=6500 epoch=0 mrr=0.668847 aucpr=0.978262 art_art_mrr=0.307289 art_art_aucpr=0.870431 art_any_mrr=0.669747 art_any_aucpr=0.927352
[TRAIN] 2026-04-26 21:09:03 step=6500/67071 (9.69%) epoch=1/3 epoch_step=6500/22357 (29.07%) loss=0.157608 lr=0.000997764 elapsed=14:30:36 eta=135:12:47 val_mrr=0.726400
[TRAIN] 2026-04-26 21:09:41 step=6510/67071 (9.71%) epoch=1/3 epoch_step=6510/22357 (29.12%) loss=0.160275 lr=0.000997976 elapsed=14:31:14 eta=135:04:52 val_mrr=0.726400
[TRAIN] 2026-04-26 21:10:20 step=6520/67071 (9.72%) epoch=1/3 epoch_step=6520/22357 (29.16%) loss=0.130541 lr=0.000998177 elapsed=14:31:52 eta=134:57:04 val_mrr=0.726400
[TRAIN] 2026-04-26 21:10:58 step=6530/67071 (9.74%) epoch=1/3 epoch_step=6530/22357 (29.21%) loss=0.162769 lr=0.000998368 elapsed=14:32:31 eta=134:49:14 val_mrr=0.726400
[TRAIN] 2026-04-26 21:11:35 step=6540/67071 (9.75%) epoch=1/3 epoch_step=6540/22357 (29.25%) loss=0.145459 lr=0.000998548 elapsed=14:33:08 eta=134:41:19 val_mrr=0.726400
[TRAIN] 2026-04-26 21:12:15 step=6550/67071 (9.77%) epoch=1/3 epoch_step=6550/22357 (29.30%) loss=0.147637 lr=0.000998717 elapsed=14:33:48 eta=134:33:46 val_mrr=0.726400
[TRAIN] 2026-04-26 21:12:54 step=6560/67071 (9.78%) epoch=1/3 epoch_step=6560/22357 (29.34%) loss=0.134538 lr=0.000998876 elapsed=14:34:27 eta=134:26:09 val_mrr=0.726400
[TRAIN] 2026-04-26 21:13:34 step=6570/67071 (9.80%) epoch=1/3 epoch_step=6570/22357 (29.39%) loss=0.139534 lr=0.000999025 elapsed=14:35:07 eta=134:18:38 val_mrr=0.726400
[TRAIN] 2026-04-26 21:14:14 step=6580/67071 (9.81%) epoch=1/3 epoch_step=6580/22357 (29.43%) loss=0.163478 lr=0.000999163 elapsed=14:35:47 eta=134:11:12 val_mrr=0.726400
[TRAIN] 2026-04-26 21:14:54 step=6590/67071 (9.83%) epoch=1/3 epoch_step=6590/22357 (29.48%) loss=0.158231 lr=0.00099929 elapsed=14:36:27 eta=134:03:43 val_mrr=0.726400
[TRAIN] 2026-04-26 21:15:35 step=6600/67071 (9.84%) epoch=1/3 epoch_step=6600/22357 (29.52%) loss=0.153115 lr=0.000999407 elapsed=14:37:07 eta=133:56:27 val_mrr=0.726400
[TRAIN] 2026-04-26 21:16:13 step=6610/67071 (9.86%) epoch=1/3 epoch_step=6610/22357 (29.57%) loss=0.132885 lr=0.000999514 elapsed=14:37:46 eta=133:48:50 val_mrr=0.726400
[TRAIN] 2026-04-26 21:16:53 step=6620/67071 (9.87%) epoch=1/3 epoch_step=6620/22357 (29.61%) loss=0.157094 lr=0.00099961 elapsed=14:38:26 eta=133:41:25 val_mrr=0.726400
[TRAIN] 2026-04-26 21:17:32 step=6630/67071 (9.89%) epoch=1/3 epoch_step=6630/22357 (29.66%) loss=0.145236 lr=0.000999695 elapsed=14:39:05 eta=133:33:59 val_mrr=0.726400
[TRAIN] 2026-04-26 21:18:12 step=6640/67071 (9.90%) epoch=1/3 epoch_step=6640/22357 (29.70%) loss=0.166778 lr=0.00099977 elapsed=14:39:45 eta=133:26:37 val_mrr=0.726400
[TRAIN] 2026-04-26 21:18:52 step=6650/67071 (9.91%) epoch=1/3 epoch_step=6650/22357 (29.74%) loss=0.149861 lr=0.000999834 elapsed=14:40:25 eta=133:19:17 val_mrr=0.726400
[TRAIN] 2026-04-26 21:19:32 step=6660/67071 (9.93%) epoch=1/3 epoch_step=6660/22357 (29.79%) loss=0.127313 lr=0.000999888 elapsed=14:41:04 eta=133:11:58 val_mrr=0.726400
[TRAIN] 2026-04-26 21:20:12 step=6670/67071 (9.94%) epoch=1/3 epoch_step=6670/22357 (29.83%) loss=0.179614 lr=0.000999931 elapsed=14:41:45 eta=133:04:44 val_mrr=0.726400
[TRAIN] 2026-04-26 21:20:52 step=6680/67071 (9.96%) epoch=1/3 epoch_step=6680/22357 (29.88%) loss=0.159834 lr=0.000999964 elapsed=14:42:24 eta=132:57:26 val_mrr=0.726400
[TRAIN] 2026-04-26 21:21:30 step=6690/67071 (9.97%) epoch=1/3 epoch_step=6690/22357 (29.92%) loss=0.160795 lr=0.000999986 elapsed=14:43:03 eta=132:50:01 val_mrr=0.726400
[TRAIN] 2026-04-26 21:22:10 step=6700/67071 (9.99%) epoch=1/3 epoch_step=6700/22357 (29.97%) loss=0.116863 lr=0.000999998 elapsed=14:43:43 eta=132:42:46 val_mrr=0.726400
[TRAIN] 2026-04-26 21:22:46 step=6710/67071 (10.00%) epoch=1/3 epoch_step=6710/22357 (30.01%) loss=0.132102 lr=0.001 elapsed=14:44:18 eta=132:34:57 val_mrr=0.726400
[TRAIN] 2026-04-26 21:23:22 step=6720/67071 (10.02%) epoch=1/3 epoch_step=6720/22357 (30.06%) loss=0.147095 lr=0.001 elapsed=14:44:54 eta=132:27:11 val_mrr=0.726400
[TRAIN] 2026-04-26 21:23:59 step=6730/67071 (10.03%) epoch=1/3 epoch_step=6730/22357 (30.10%) loss=0.143410 lr=0.001 elapsed=14:45:31 eta=132:19:34 val_mrr=0.726400
[TRAIN] 2026-04-26 21:24:36 step=6740/67071 (10.05%) epoch=1/3 epoch_step=6740/22357 (30.15%) loss=0.138419 lr=0.000999999 elapsed=14:46:09 eta=132:12:02 val_mrr=0.726400
[TRAIN] 2026-04-26 21:25:12 step=6750/67071 (10.06%) epoch=1/3 epoch_step=6750/22357 (30.19%) loss=0.137840 lr=0.000999999 elapsed=14:46:45 eta=132:04:24 val_mrr=0.726400
[TRAIN] 2026-04-26 21:25:49 step=6760/67071 (10.08%) epoch=1/3 epoch_step=6760/22357 (30.24%) loss=0.161663 lr=0.000999998 elapsed=14:47:22 eta=131:56:47 val_mrr=0.726400
[TRAIN] 2026-04-26 21:26:26 step=6770/67071 (10.09%) epoch=1/3 epoch_step=6770/22357 (30.28%) loss=0.161457 lr=0.000999997 elapsed=14:47:58 eta=131:49:14 val_mrr=0.726400
[TRAIN] 2026-04-26 21:27:03 step=6780/67071 (10.11%) epoch=1/3 epoch_step=6780/22357 (30.33%) loss=0.186285 lr=0.000999996 elapsed=14:48:35 eta=131:41:46 val_mrr=0.726400
[TRAIN] 2026-04-26 21:27:40 step=6790/67071 (10.12%) epoch=1/3 epoch_step=6790/22357 (30.37%) loss=0.131386 lr=0.000999995 elapsed=14:49:13 eta=131:34:24 val_mrr=0.726400
[TRAIN] 2026-04-26 21:28:19 step=6800/67071 (10.14%) epoch=1/3 epoch_step=6800/22357 (30.42%) loss=0.162432 lr=0.000999994 elapsed=14:49:52 eta=131:27:11 val_mrr=0.726400
[TRAIN] 2026-04-26 21:28:57 step=6810/67071 (10.15%) epoch=1/3 epoch_step=6810/22357 (30.46%) loss=0.146156 lr=0.000999993 elapsed=14:50:29 eta=131:19:51 val_mrr=0.726400
[TRAIN] 2026-04-26 21:29:34 step=6820/67071 (10.17%) epoch=1/3 epoch_step=6820/22357 (30.50%) loss=0.157447 lr=0.000999991 elapsed=14:51:07 eta=131:12:31 val_mrr=0.726400
[TRAIN] 2026-04-26 21:30:12 step=6830/67071 (10.18%) epoch=1/3 epoch_step=6830/22357 (30.55%) loss=0.140174 lr=0.00099999 elapsed=14:51:45 eta=131:05:15 val_mrr=0.726400
[TRAIN] 2026-04-26 21:30:51 step=6840/67071 (10.20%) epoch=1/3 epoch_step=6840/22357 (30.59%) loss=0.135844 lr=0.000999988 elapsed=14:52:23 eta=130:58:06 val_mrr=0.726400
[TRAIN] 2026-04-26 21:31:29 step=6850/67071 (10.21%) epoch=1/3 epoch_step=6850/22357 (30.64%) loss=0.141036 lr=0.000999986 elapsed=14:53:01 eta=130:50:56 val_mrr=0.726400
[TRAIN] 2026-04-26 21:32:07 step=6860/67071 (10.23%) epoch=1/3 epoch_step=6860/22357 (30.68%) loss=0.138232 lr=0.000999984 elapsed=14:53:40 eta=130:43:47 val_mrr=0.726400
[TRAIN] 2026-04-26 21:32:45 step=6870/67071 (10.24%) epoch=1/3 epoch_step=6870/22357 (30.73%) loss=0.154093 lr=0.000999982 elapsed=14:54:18 eta=130:36:37 val_mrr=0.726400
[TRAIN] 2026-04-26 21:33:23 step=6880/67071 (10.26%) epoch=1/3 epoch_step=6880/22357 (30.77%) loss=0.125798 lr=0.00099998 elapsed=14:54:56 eta=130:29:29 val_mrr=0.726400
[TRAIN] 2026-04-26 21:34:01 step=6890/67071 (10.27%) epoch=1/3 epoch_step=6890/22357 (30.82%) loss=0.153074 lr=0.000999977 elapsed=14:55:34 eta=130:22:23 val_mrr=0.726400
[TRAIN] 2026-04-26 21:34:41 step=6900/67071 (10.29%) epoch=1/3 epoch_step=6900/22357 (30.86%) loss=0.125033 lr=0.000999975 elapsed=14:56:14 eta=130:15:30 val_mrr=0.726400
[TRAIN] 2026-04-26 21:35:19 step=6910/67071 (10.30%) epoch=1/3 epoch_step=6910/22357 (30.91%) loss=0.142558 lr=0.000999972 elapsed=14:56:52 eta=130:08:28 val_mrr=0.726400
[TRAIN] 2026-04-26 21:35:57 step=6920/67071 (10.32%) epoch=1/3 epoch_step=6920/22357 (30.95%) loss=0.135642 lr=0.000999969 elapsed=14:57:29 eta=130:01:16 val_mrr=0.726400
[TRAIN] 2026-04-26 21:36:34 step=6930/67071 (10.33%) epoch=1/3 epoch_step=6930/22357 (31.00%) loss=0.144444 lr=0.000999966 elapsed=14:58:07 eta=129:54:09 val_mrr=0.726400
[TRAIN] 2026-04-26 21:37:13 step=6940/67071 (10.35%) epoch=1/3 epoch_step=6940/22357 (31.04%) loss=0.149137 lr=0.000999963 elapsed=14:58:46 eta=129:47:13 val_mrr=0.726400
[TRAIN] 2026-04-26 21:37:50 step=6950/67071 (10.36%) epoch=1/3 epoch_step=6950/22357 (31.09%) loss=0.149345 lr=0.00099996 elapsed=14:59:23 eta=129:40:03 val_mrr=0.726400
[TRAIN] 2026-04-26 21:38:27 step=6960/67071 (10.38%) epoch=1/3 epoch_step=6960/22357 (31.13%) loss=0.167898 lr=0.000999956 elapsed=15:00:00 eta=129:32:58 val_mrr=0.726400
[TRAIN] 2026-04-26 21:39:05 step=6970/67071 (10.39%) epoch=1/3 epoch_step=6970/22357 (31.18%) loss=0.131604 lr=0.000999953 elapsed=15:00:37 eta=129:25:55 val_mrr=0.726400
[TRAIN] 2026-04-26 21:39:43 step=6980/67071 (10.41%) epoch=1/3 epoch_step=6980/22357 (31.22%) loss=0.124418 lr=0.000999949 elapsed=15:01:15 eta=129:18:55 val_mrr=0.726400
[TRAIN] 2026-04-26 21:40:20 step=6990/67071 (10.42%) epoch=1/3 epoch_step=6990/22357 (31.27%) loss=0.161540 lr=0.000999945 elapsed=15:01:53 eta=129:11:54 val_mrr=0.726400
[STAGE] 2026-04-26 21:40:57 val prep subsets global=50000 art_art=1986 art_any=50000
[STAGE] 2026-04-26 21:40:58 val prep negatives global=50000 art_art=1986 art_any=50000
[STAGE] 2026-04-26 21:40:58 val start step=7000 epoch=0 task=relation_ranking subset=global triples=50000 batches=98 eval_batch_size=512
[STAGE] 2026-04-26 21:47:19 val start step=7000 epoch=0 task=triple_scoring subset=global triples=50000 batches=98 eval_batch_size=512
[STAGE] 2026-04-26 21:55:50 val start step=7000 epoch=0 task=relation_ranking subset=art_art triples=1986 batches=4 eval_batch_size=512
[STAGE] 2026-04-26 21:56:14 val start step=7000 epoch=0 task=triple_scoring subset=art_art triples=1986 batches=4 eval_batch_size=512
[STAGE] 2026-04-26 21:56:48 val start step=7000 epoch=0 task=relation_ranking subset=art_any triples=50000 batches=98 eval_batch_size=512
[STAGE] 2026-04-26 22:03:33 val start step=7000 epoch=0 task=triple_scoring subset=art_any triples=50000 batches=98 eval_batch_size=512
[VAL] 2026-04-26 22:15:11 step=7000 epoch=0 mrr=0.684549 aucpr=0.979867 art_art_mrr=0.231682 art_art_aucpr=0.798439 art_any_mrr=0.684668 art_any_aucpr=0.934328
[STAGE] 2026-04-26 22:15:11 early stopping triggered at step=7000 epoch=0 no_improve_evals=5
[TRAIN] 2026-04-26 22:15:13 step=7000/67071 (10.44%) epoch=1/3 epoch_step=7000/22357 (31.31%) loss=0.160957 lr=0.000999942 elapsed=15:36:45 eta=133:58:50 val_mrr=0.726400
[STAGE] 2026-04-26 22:15:13 epoch completed epoch=1/3
[STAGE] 2026-04-26 22:15:15 test prep subsets global=1425681 art_art=2083 art_any=357035
[STAGE] 2026-04-26 22:15:20 test prep negatives global=1425681 art_art=2083 art_any=357035
[STAGE] 2026-04-26 22:15:20 test start step=7000 epoch=1 task=relation_ranking subset=global triples=1425681 batches=2785 eval_batch_size=512
[EVAL] 2026-04-26 22:45:22 phase=test step=7000 epoch=1 task=relation_ranking subset=global triples=236032/1425681 batches=461/2785 elapsed=30:02
[EVAL] 2026-04-26 23:15:24 phase=test step=7000 epoch=1 task=relation_ranking subset=global triples=495104/1425681 batches=967/2785 elapsed=01:00:04
[EVAL] 2026-04-26 23:45:25 phase=test step=7000 epoch=1 task=relation_ranking subset=global triples=1121792/1425681 batches=2191/2785 elapsed=01:30:05
[STAGE] 2026-04-26 23:56:09 test start step=7000 epoch=1 task=triple_scoring subset=global triples=1425681 batches=2785 eval_batch_size=512
[EVAL] 2026-04-27 00:26:10 phase=test step=7000 epoch=1 task=triple_scoring subset=global triples=184320/1425681 batches=360/2785 elapsed=30:00
[EVAL] 2026-04-27 00:56:11 phase=test step=7000 epoch=1 task=triple_scoring subset=global triples=368640/1425681 batches=720/2785 elapsed=01:00:02
[EVAL] 2026-04-27 01:26:13 phase=test step=7000 epoch=1 task=triple_scoring subset=global triples=779776/1425681 batches=1523/2785 elapsed=01:30:04
[EVAL] 2026-04-27 01:56:13 phase=test step=7000 epoch=1 task=triple_scoring subset=global triples=1318912/1425681 batches=2576/2785 elapsed=02:00:04
[STAGE] 2026-04-27 02:02:58 test start step=7000 epoch=1 task=relation_ranking subset=art_art triples=2083 batches=5 eval_batch_size=512
[STAGE] 2026-04-27 02:03:26 test start step=7000 epoch=1 task=triple_scoring subset=art_art triples=2083 batches=5 eval_batch_size=512
[STAGE] 2026-04-27 02:04:02 test start step=7000 epoch=1 task=relation_ranking subset=art_any triples=357035 batches=698 eval_batch_size=512
[EVAL] 2026-04-27 02:34:05 phase=test step=7000 epoch=1 task=relation_ranking subset=art_any triples=245248/357035 batches=479/698 elapsed=30:02
[STAGE] 2026-04-27 02:47:44 test start step=7000 epoch=1 task=triple_scoring subset=art_any triples=357035 batches=698 eval_batch_size=512
[EVAL] 2026-04-27 03:17:47 phase=test step=7000 epoch=1 task=triple_scoring subset=art_any triples=130560/357035 batches=255/698 elapsed=30:02
[EVAL] 2026-04-27 03:47:49 phase=test step=7000 epoch=1 task=triple_scoring subset=art_any triples=259072/357035 batches=506/698 elapsed=01:00:05
[TEST] 2026-04-27 04:09:18 step=7000 epoch=1 mrr=0.466621 aucpr=0.981346 art_art_mrr=0.233004 art_art_aucpr=0.788989 art_any_mrr=0.690918 art_any_aucpr=0.938451
[STAGE] 2026-04-27 04:09:18 DONE train (77450.64s)
[RESULT] 2026-04-27 04:09:18 {"best_metric": 0.7263999271728381, "early_stopped": true, "stopped_epoch": 1, "stopped_step": 7000, "val_mrr": 0.6845492336020182, "val_hits1": 0.55752, "val_hits3": 0.76242, "val_hits10": 0.94792, "val_top1_acc": 0.55752, "val_auc": 0.9843315008, "val_aucpr": 0.9798672829989734, "val_art_art_mrr": 0.23168207183836825, "val_art_art_hits1": 0.0931520644511581, "val_art_art_hits3": 0.27492447129909364, "val_art_art_hits10": 0.5453172205438066, "val_art_art_top1_acc": 0.0931520644511581, "val_art_art_auc": 0.8136357828059254, "val_art_art_aucpr": 0.7984389044754262, "val_art_any_mrr": 0.6846683156219321, "val_art_any_hits1": 0.55802, "val_art_any_hits3": 0.76242, "val_art_any_hits10": 0.94678, "val_art_any_top1_acc": 0.55802, "val_art_any_auc": 0.9477902748, "val_art_any_aucpr": 0.9343283764870269, "test_mrr": 0.46662144081487555, "test_hits1": 0.3312227630164111, "test_hits3": 0.5252458298876116, "test_hits10": 0.7538867390390978, "test_top1_acc": 0.3312227630164111, "test_auc": 0.985859806314108, "test_aucpr": 0.9813455573847086, "test_art_art_mrr": 0.23300390934200396, "test_art_art_hits1": 0.09745559289486318, "test_art_art_hits3": 0.2760441670667307, "test_art_art_hits10": 0.5348055688910226, "test_art_art_top1_acc": 0.09745559289486318, "test_art_art_auc": 0.8024768552502726, "test_art_art_aucpr": 0.7889893230818144, "test_art_any_mrr": 0.6909178700342831, "test_art_any_hits1": 0.5637710588597756, "test_art_any_hits3": 0.7710392538546641, "test_art_any_hits10": 0.9509291806125449, "test_art_any_top1_acc": 0.5637710588597756, "test_art_any_auc": 0.9506920679301105, "test_art_any_aucpr": 0.9384506933563791}
