nohup: ignoring input
[STAGE] 2026-04-23 12:07:33 START build experiment
[CONFIG] 2026-04-23 12:07:33 paths graph_dir=/root/autodl-tmp/个人项目2/操作数据库/full_graph_export text_dir=/root/autodl-tmp/个人项目2/操作数据库/full_graph_export/text_chunks image_dir=/root/autodl-tmp/个人项目2/图片/64 local_model_root=/root/autodl-tmp/个人项目2/链路预测实验/local_models
[CONFIG] 2026-04-23 12:07:33 models text_encoder=bert_frozen text_model=bert-base-uncased text_model_dir=/root/autodl-tmp/个人项目2/链路预测实验/local_models/text/bert-base-uncased image_encoder=dinov2_base image_model=facebook/dinov2-base image_model_dir=/root/autodl-tmp/个人项目2/链路预测实验/local_models/image/facebook__dinov2-base kge_scorer=complex
[CONFIG] 2026-04-23 12:07:33 cache_root=/root/autodl-tmp/个人项目2/边类型纯KGE/cache/full cache_session=20260423_120733_mm_kge_complex_bert_dinov2_base_frozen raw_cache_root=/root/autodl-tmp/个人项目2/边类型纯KGE/cache/full/shared_raw
[DATA] 2026-04-23 12:07:35 catalog entities=1706516 art_entities=431773 chunks=85 triples=14297782 relations=353
[DATA] 2026-04-23 12:07:35 splits train=11446322 val=1425779 test=1425681 sample_chunks=0
[EVAL] 2026-04-23 12:07:35 validation_max_triples=50000 final_test_max_triples=FULL
[STAGE] 2026-04-23 12:07:40 image index cache loaded: /root/autodl-tmp/个人项目2/边类型纯KGE/cache/full/image_index/image_index.pkl entries=430969
[STAGE] 2026-04-23 12:07:40 DONE build experiment (7.56s)
[CONFIG] 2026-04-23 12:07:40 training run_dir=/root/autodl-tmp/个人项目2/边类型纯KGE/runs/20260423_120733_mm_kge_complex_bert_dinov2_base_frozen cache_session=20260423_120733_mm_kge_complex_bert_dinov2_base_frozen
[STAGE] 2026-04-23 12:07:40 START prebuild raw caches
[STAGE] 2026-04-23 12:07:50 text cache prebuild done missing=0
[STAGE] 2026-04-23 12:09:05 prebuild image raw cache: chunk=1/85 missing=20077
[STAGE] 2026-04-23 12:10:21 prebuild image raw cache: chunk=2/85 missing=20077
[STAGE] 2026-04-23 12:11:39 prebuild image raw cache: chunk=3/85 missing=20076
[STAGE] 2026-04-23 12:12:55 prebuild image raw cache: chunk=4/85 missing=20077
[STAGE] 2026-04-23 12:14:10 prebuild image raw cache: chunk=5/85 missing=20076
[STAGE] 2026-04-23 12:15:23 prebuild image raw cache: chunk=6/85 missing=20076
[STAGE] 2026-04-23 12:16:37 prebuild image raw cache: chunk=7/85 missing=20077
[STAGE] 2026-04-23 12:17:50 prebuild image raw cache: chunk=8/85 missing=20076
[STAGE] 2026-04-23 12:19:01 prebuild image raw cache: chunk=9/85 missing=20076
[STAGE] 2026-04-23 12:20:15 prebuild image raw cache: chunk=10/85 missing=20077
[STAGE] 2026-04-23 12:21:27 prebuild image raw cache: chunk=11/85 missing=20076
[STAGE] 2026-04-23 12:22:44 prebuild image raw cache: chunk=12/85 missing=20077
[STAGE] 2026-04-23 12:23:55 prebuild image raw cache: chunk=13/85 missing=20076
[STAGE] 2026-04-23 12:25:09 prebuild image raw cache: chunk=14/85 missing=20077
[STAGE] 2026-04-23 12:26:22 prebuild image raw cache: chunk=15/85 missing=20076
[STAGE] 2026-04-23 12:27:34 prebuild image raw cache: chunk=16/85 missing=20077
[STAGE] 2026-04-23 12:28:48 prebuild image raw cache: chunk=17/85 missing=20075
[STAGE] 2026-04-23 12:30:01 prebuild image raw cache: chunk=18/85 missing=20077
[STAGE] 2026-04-23 12:31:16 prebuild image raw cache: chunk=19/85 missing=20074
[STAGE] 2026-04-23 12:32:28 prebuild image raw cache: chunk=20/85 missing=20077
[STAGE] 2026-04-23 12:33:45 prebuild image raw cache: chunk=21/85 missing=20077
[STAGE] 2026-04-23 12:34:21 prebuild image raw cache: chunk=22/85 missing=18029
[STAGE] 2026-04-23 12:34:47 image raw cache prebuild done missing=847340 loaded=430883
[STAGE] 2026-04-23 12:34:47 DONE prebuild raw caches (1626.47s)
[STAGE] 2026-04-23 12:34:47 START train
[STAGE] 2026-04-23 12:34:47 epoch start epoch=1/3 steps_per_epoch=22357 global_step=0/67071
[TRAIN] 2026-04-23 12:34:48 step=1/67071 (0.00%) epoch=1/3 epoch_step=1/22357 (0.00%) loss=0.693088 lr=4.00001e-05 elapsed=00:01 eta=16:36:30 val_mrr=NA
[TRAIN] 2026-04-23 12:34:48 step=2/67071 (0.00%) epoch=1/3 epoch_step=2/22357 (0.01%) loss=0.692920 lr=4.00002e-05 elapsed=00:01 eta=09:32:50 val_mrr=NA
[TRAIN] 2026-04-23 12:34:48 step=3/67071 (0.00%) epoch=1/3 epoch_step=3/22357 (0.01%) loss=0.693015 lr=4.00005e-05 elapsed=00:01 eta=07:09:31 val_mrr=NA
[TRAIN] 2026-04-23 12:34:48 step=4/67071 (0.01%) epoch=1/3 epoch_step=4/22357 (0.02%) loss=0.692852 lr=4.00008e-05 elapsed=00:01 eta=05:57:14 val_mrr=NA
[TRAIN] 2026-04-23 12:34:48 step=5/67071 (0.01%) epoch=1/3 epoch_step=5/22357 (0.02%) loss=0.692875 lr=4.00013e-05 elapsed=00:01 eta=05:14:35 val_mrr=NA
[TRAIN] 2026-04-23 12:34:49 step=10/67071 (0.01%) epoch=1/3 epoch_step=10/22357 (0.04%) loss=0.692477 lr=4.00053e-05 elapsed=00:02 eta=03:46:55 val_mrr=NA
[TRAIN] 2026-04-23 12:34:50 step=20/67071 (0.03%) epoch=1/3 epoch_step=20/22357 (0.09%) loss=0.691652 lr=4.00211e-05 elapsed=00:03 eta=03:04:49 val_mrr=NA
[TRAIN] 2026-04-23 12:34:51 step=30/67071 (0.04%) epoch=1/3 epoch_step=30/22357 (0.13%) loss=0.690172 lr=4.00474e-05 elapsed=00:05 eta=02:49:55 val_mrr=NA
[TRAIN] 2026-04-23 12:34:53 step=40/67071 (0.06%) epoch=1/3 epoch_step=40/22357 (0.18%) loss=0.685973 lr=4.00843e-05 elapsed=00:06 eta=02:43:03 val_mrr=NA
[TRAIN] 2026-04-23 12:34:54 step=50/67071 (0.07%) epoch=1/3 epoch_step=50/22357 (0.22%) loss=0.679900 lr=4.01317e-05 elapsed=00:07 eta=02:38:20 val_mrr=NA
[TRAIN] 2026-04-23 12:34:55 step=60/67071 (0.09%) epoch=1/3 epoch_step=60/22357 (0.27%) loss=0.671887 lr=4.01896e-05 elapsed=00:08 eta=02:35:59 val_mrr=NA
[TRAIN] 2026-04-23 12:34:56 step=70/67071 (0.10%) epoch=1/3 epoch_step=70/22357 (0.31%) loss=0.663148 lr=4.02581e-05 elapsed=00:10 eta=02:33:49 val_mrr=NA
[TRAIN] 2026-04-23 12:34:58 step=80/67071 (0.12%) epoch=1/3 epoch_step=80/22357 (0.36%) loss=0.642910 lr=4.03371e-05 elapsed=00:11 eta=02:36:22 val_mrr=NA
[TRAIN] 2026-04-23 12:34:59 step=90/67071 (0.13%) epoch=1/3 epoch_step=90/22357 (0.40%) loss=0.645938 lr=4.04266e-05 elapsed=00:12 eta=02:34:50 val_mrr=NA
[TRAIN] 2026-04-23 12:35:01 step=100/67071 (0.15%) epoch=1/3 epoch_step=100/22357 (0.45%) loss=0.634733 lr=4.05266e-05 elapsed=00:15 eta=02:44:43 val_mrr=NA
[TRAIN] 2026-04-23 12:35:03 step=110/67071 (0.16%) epoch=1/3 epoch_step=110/22357 (0.49%) loss=0.622857 lr=4.06372e-05 elapsed=00:16 eta=02:42:49 val_mrr=NA
[TRAIN] 2026-04-23 12:35:04 step=120/67071 (0.18%) epoch=1/3 epoch_step=120/22357 (0.54%) loss=0.614883 lr=4.07583e-05 elapsed=00:17 eta=02:41:03 val_mrr=NA
[TRAIN] 2026-04-23 12:35:05 step=130/67071 (0.19%) epoch=1/3 epoch_step=130/22357 (0.58%) loss=0.626600 lr=4.08899e-05 elapsed=00:19 eta=02:39:42 val_mrr=NA
[TRAIN] 2026-04-23 12:35:07 step=140/67071 (0.21%) epoch=1/3 epoch_step=140/22357 (0.63%) loss=0.636970 lr=4.1032e-05 elapsed=00:20 eta=02:38:26 val_mrr=NA
[TRAIN] 2026-04-23 12:35:08 step=150/67071 (0.22%) epoch=1/3 epoch_step=150/22357 (0.67%) loss=0.620599 lr=4.11846e-05 elapsed=00:21 eta=02:37:18 val_mrr=NA
[TRAIN] 2026-04-23 12:35:09 step=160/67071 (0.24%) epoch=1/3 epoch_step=160/22357 (0.72%) loss=0.606222 lr=4.13477e-05 elapsed=00:22 eta=02:35:55 val_mrr=NA
[TRAIN] 2026-04-23 12:35:10 step=170/67071 (0.25%) epoch=1/3 epoch_step=170/22357 (0.76%) loss=0.590184 lr=4.15214e-05 elapsed=00:24 eta=02:34:58 val_mrr=NA
[TRAIN] 2026-04-23 12:35:12 step=180/67071 (0.27%) epoch=1/3 epoch_step=180/22357 (0.81%) loss=0.600884 lr=4.17055e-05 elapsed=00:25 eta=02:36:49 val_mrr=NA
[TRAIN] 2026-04-23 12:35:13 step=190/67071 (0.28%) epoch=1/3 epoch_step=190/22357 (0.85%) loss=0.592294 lr=4.19002e-05 elapsed=00:27 eta=02:36:07 val_mrr=NA
[TRAIN] 2026-04-23 12:35:16 step=200/67071 (0.30%) epoch=1/3 epoch_step=200/22357 (0.89%) loss=0.582066 lr=4.21053e-05 elapsed=00:30 eta=02:46:01 val_mrr=NA
[TRAIN] 2026-04-23 12:35:18 step=210/67071 (0.31%) epoch=1/3 epoch_step=210/22357 (0.94%) loss=0.589884 lr=4.23209e-05 elapsed=00:31 eta=02:44:33 val_mrr=NA
[TRAIN] 2026-04-23 12:35:19 step=220/67071 (0.33%) epoch=1/3 epoch_step=220/22357 (0.98%) loss=0.583096 lr=4.2547e-05 elapsed=00:32 eta=02:43:22 val_mrr=NA
[TRAIN] 2026-04-23 12:35:20 step=230/67071 (0.34%) epoch=1/3 epoch_step=230/22357 (1.03%) loss=0.570106 lr=4.27836e-05 elapsed=00:34 eta=02:42:29 val_mrr=NA
[TRAIN] 2026-04-23 12:35:21 step=240/67071 (0.36%) epoch=1/3 epoch_step=240/22357 (1.07%) loss=0.586322 lr=4.30307e-05 elapsed=00:35 eta=02:41:22 val_mrr=NA
[TRAIN] 2026-04-23 12:35:23 step=250/67071 (0.37%) epoch=1/3 epoch_step=250/22357 (1.12%) loss=0.583048 lr=4.32882e-05 elapsed=00:36 eta=02:40:25 val_mrr=NA
[TRAIN] 2026-04-23 12:35:24 step=260/67071 (0.39%) epoch=1/3 epoch_step=260/22357 (1.16%) loss=0.569418 lr=4.35562e-05 elapsed=00:37 eta=02:39:43 val_mrr=NA
[TRAIN] 2026-04-23 12:35:26 step=270/67071 (0.40%) epoch=1/3 epoch_step=270/22357 (1.21%) loss=0.583581 lr=4.38346e-05 elapsed=00:39 eta=02:40:14 val_mrr=NA
[TRAIN] 2026-04-23 12:35:27 step=280/67071 (0.42%) epoch=1/3 epoch_step=280/22357 (1.25%) loss=0.581497 lr=4.41235e-05 elapsed=00:40 eta=02:39:22 val_mrr=NA
[TRAIN] 2026-04-23 12:35:28 step=290/67071 (0.43%) epoch=1/3 epoch_step=290/22357 (1.30%) loss=0.575673 lr=4.44228e-05 elapsed=00:41 eta=02:38:36 val_mrr=NA
[TRAIN] 2026-04-23 12:35:31 step=300/67071 (0.45%) epoch=1/3 epoch_step=300/22357 (1.34%) loss=0.584277 lr=4.47326e-05 elapsed=00:44 eta=02:44:43 val_mrr=NA
[TRAIN] 2026-04-23 12:35:32 step=310/67071 (0.46%) epoch=1/3 epoch_step=310/22357 (1.39%) loss=0.561977 lr=4.50528e-05 elapsed=00:46 eta=02:44:11 val_mrr=NA
[TRAIN] 2026-04-23 12:35:34 step=320/67071 (0.48%) epoch=1/3 epoch_step=320/22357 (1.43%) loss=0.554414 lr=4.53834e-05 elapsed=00:47 eta=02:43:39 val_mrr=NA
[TRAIN] 2026-04-23 12:35:35 step=330/67071 (0.49%) epoch=1/3 epoch_step=330/22357 (1.48%) loss=0.566539 lr=4.57244e-05 elapsed=00:48 eta=02:43:14 val_mrr=NA
[TRAIN] 2026-04-23 12:35:36 step=340/67071 (0.51%) epoch=1/3 epoch_step=340/22357 (1.52%) loss=0.543097 lr=4.60759e-05 elapsed=00:50 eta=02:42:42 val_mrr=NA
[TRAIN] 2026-04-23 12:35:38 step=350/67071 (0.52%) epoch=1/3 epoch_step=350/22357 (1.57%) loss=0.570302 lr=4.64377e-05 elapsed=00:51 eta=02:41:57 val_mrr=NA
[TRAIN] 2026-04-23 12:35:39 step=360/67071 (0.54%) epoch=1/3 epoch_step=360/22357 (1.61%) loss=0.562953 lr=4.681e-05 elapsed=00:53 eta=02:42:23 val_mrr=NA
[TRAIN] 2026-04-23 12:35:41 step=370/67071 (0.55%) epoch=1/3 epoch_step=370/22357 (1.65%) loss=0.548776 lr=4.71926e-05 elapsed=00:54 eta=02:41:46 val_mrr=NA
[TRAIN] 2026-04-23 12:35:42 step=380/67071 (0.57%) epoch=1/3 epoch_step=380/22357 (1.70%) loss=0.566689 lr=4.75856e-05 elapsed=00:55 eta=02:41:23 val_mrr=NA
[TRAIN] 2026-04-23 12:35:43 step=390/67071 (0.58%) epoch=1/3 epoch_step=390/22357 (1.74%) loss=0.544532 lr=4.7989e-05 elapsed=00:56 eta=02:40:49 val_mrr=NA
[TRAIN] 2026-04-23 12:35:46 step=400/67071 (0.60%) epoch=1/3 epoch_step=400/22357 (1.79%) loss=0.547433 lr=4.84027e-05 elapsed=01:00 eta=02:45:28 val_mrr=NA
[TRAIN] 2026-04-23 12:35:48 step=410/67071 (0.61%) epoch=1/3 epoch_step=410/22357 (1.83%) loss=0.537343 lr=4.88268e-05 elapsed=01:01 eta=02:44:48 val_mrr=NA
[TRAIN] 2026-04-23 12:35:49 step=420/67071 (0.63%) epoch=1/3 epoch_step=420/22357 (1.88%) loss=0.547797 lr=4.92612e-05 elapsed=01:02 eta=02:44:13 val_mrr=NA
[TRAIN] 2026-04-23 12:35:50 step=430/67071 (0.64%) epoch=1/3 epoch_step=430/22357 (1.92%) loss=0.535031 lr=4.9706e-05 elapsed=01:03 eta=02:43:40 val_mrr=NA
[TRAIN] 2026-04-23 12:35:51 step=440/67071 (0.66%) epoch=1/3 epoch_step=440/22357 (1.97%) loss=0.527248 lr=5.0161e-05 elapsed=01:05 eta=02:43:06 val_mrr=NA
[TRAIN] 2026-04-23 12:35:53 step=450/67071 (0.67%) epoch=1/3 epoch_step=450/22357 (2.01%) loss=0.515353 lr=5.06264e-05 elapsed=01:06 eta=02:43:16 val_mrr=NA
[TRAIN] 2026-04-23 12:35:54 step=460/67071 (0.69%) epoch=1/3 epoch_step=460/22357 (2.06%) loss=0.532498 lr=5.11021e-05 elapsed=01:07 eta=02:42:51 val_mrr=NA
[TRAIN] 2026-04-23 12:35:55 step=470/67071 (0.70%) epoch=1/3 epoch_step=470/22357 (2.10%) loss=0.529382 lr=5.15881e-05 elapsed=01:09 eta=02:42:26 val_mrr=NA
[TRAIN] 2026-04-23 12:35:57 step=480/67071 (0.72%) epoch=1/3 epoch_step=480/22357 (2.15%) loss=0.523267 lr=5.20843e-05 elapsed=01:10 eta=02:41:59 val_mrr=NA
[TRAIN] 2026-04-23 12:35:58 step=490/67071 (0.73%) epoch=1/3 epoch_step=490/22357 (2.19%) loss=0.532844 lr=5.25909e-05 elapsed=01:11 eta=02:41:33 val_mrr=NA
[STAGE] 2026-04-23 12:36:00 val prep subsets global=50000 art_art=1986 art_any=50000
[STAGE] 2026-04-23 12:36:00 val prep negatives global=50000 art_art=1986 art_any=50000
[STAGE] 2026-04-23 12:36:00 val prep unique_entities=136259
[STAGE] 2026-04-23 12:36:02 val prep entity_bank_ready unique_entities=136259 emb_dim=512
[STAGE] 2026-04-23 12:36:02 val start step=500 epoch=0 task=relation_ranking subset=global triples=50000 batches=98 eval_batch_size=512
[STAGE] 2026-04-23 12:36:04 val start step=500 epoch=0 task=triple_scoring subset=global triples=50000 batches=98 eval_batch_size=512
[STAGE] 2026-04-23 12:36:04 val start step=500 epoch=0 task=relation_ranking subset=art_art triples=1986 batches=4 eval_batch_size=512
[STAGE] 2026-04-23 12:36:04 val start step=500 epoch=0 task=triple_scoring subset=art_art triples=1986 batches=4 eval_batch_size=512
[STAGE] 2026-04-23 12:36:04 val start step=500 epoch=0 task=relation_ranking subset=art_any triples=50000 batches=98 eval_batch_size=512
[STAGE] 2026-04-23 12:36:06 val start step=500 epoch=0 task=triple_scoring subset=art_any triples=50000 batches=98 eval_batch_size=512
[VAL] 2026-04-23 12:36:06 step=500 epoch=0 mrr=0.081594 aucpr=0.865116 art_art_mrr=0.019649 art_art_aucpr=0.560529 art_any_mrr=0.081595 art_any_aucpr=0.685188
[TRAIN] 2026-04-23 12:36:09 step=500/67071 (0.75%) epoch=1/3 epoch_step=500/22357 (2.24%) loss=0.553120 lr=5.31076e-05 elapsed=01:22 eta=03:02:22 val_mrr=0.081594
[TRAIN] 2026-04-23 12:36:10 step=510/67071 (0.76%) epoch=1/3 epoch_step=510/22357 (2.28%) loss=0.515848 lr=5.36347e-05 elapsed=01:24 eta=03:01:40 val_mrr=0.081594
[TRAIN] 2026-04-23 12:36:12 step=520/67071 (0.78%) epoch=1/3 epoch_step=520/22357 (2.33%) loss=0.500323 lr=5.41719e-05 elapsed=01:25 eta=03:02:10 val_mrr=0.081594
[TRAIN] 2026-04-23 12:36:13 step=530/67071 (0.79%) epoch=1/3 epoch_step=530/22357 (2.37%) loss=0.516235 lr=5.47194e-05 elapsed=01:27 eta=03:01:38 val_mrr=0.081594
[TRAIN] 2026-04-23 12:36:15 step=540/67071 (0.81%) epoch=1/3 epoch_step=540/22357 (2.42%) loss=0.516229 lr=5.52771e-05 elapsed=01:28 eta=03:01:11 val_mrr=0.081594
[TRAIN] 2026-04-23 12:36:16 step=550/67071 (0.82%) epoch=1/3 epoch_step=550/22357 (2.46%) loss=0.522220 lr=5.5845e-05 elapsed=01:30 eta=03:00:28 val_mrr=0.081594
[TRAIN] 2026-04-23 12:36:18 step=560/67071 (0.83%) epoch=1/3 epoch_step=560/22357 (2.50%) loss=0.515003 lr=5.64231e-05 elapsed=01:31 eta=02:59:56 val_mrr=0.081594
[TRAIN] 2026-04-23 12:36:19 step=570/67071 (0.85%) epoch=1/3 epoch_step=570/22357 (2.55%) loss=0.518108 lr=5.70113e-05 elapsed=01:32 eta=02:59:25 val_mrr=0.081594
[TRAIN] 2026-04-23 12:36:20 step=580/67071 (0.86%) epoch=1/3 epoch_step=580/22357 (2.59%) loss=0.511023 lr=5.76098e-05 elapsed=01:34 eta=02:58:54 val_mrr=0.081594
[TRAIN] 2026-04-23 12:36:22 step=590/67071 (0.88%) epoch=1/3 epoch_step=590/22357 (2.64%) loss=0.529364 lr=5.82183e-05 elapsed=01:35 eta=02:58:33 val_mrr=0.081594
[TRAIN] 2026-04-23 12:36:25 step=600/67071 (0.89%) epoch=1/3 epoch_step=600/22357 (2.68%) loss=0.526539 lr=5.8837e-05 elapsed=01:38 eta=03:01:44 val_mrr=0.081594
[TRAIN] 2026-04-23 12:36:27 step=610/67071 (0.91%) epoch=1/3 epoch_step=610/22357 (2.73%) loss=0.519097 lr=5.94658e-05 elapsed=01:40 eta=03:02:15 val_mrr=0.081594
[TRAIN] 2026-04-23 12:36:28 step=620/67071 (0.92%) epoch=1/3 epoch_step=620/22357 (2.77%) loss=0.488360 lr=6.01048e-05 elapsed=01:42 eta=03:01:41 val_mrr=0.081594
[TRAIN] 2026-04-23 12:36:30 step=630/67071 (0.94%) epoch=1/3 epoch_step=630/22357 (2.82%) loss=0.510073 lr=6.07538e-05 elapsed=01:43 eta=03:01:21 val_mrr=0.081594
[TRAIN] 2026-04-23 12:36:31 step=640/67071 (0.95%) epoch=1/3 epoch_step=640/22357 (2.86%) loss=0.523432 lr=6.14129e-05 elapsed=01:45 eta=03:00:48 val_mrr=0.081594
[TRAIN] 2026-04-23 12:36:33 step=650/67071 (0.97%) epoch=1/3 epoch_step=650/22357 (2.91%) loss=0.496179 lr=6.2082e-05 elapsed=01:46 eta=03:00:14 val_mrr=0.081594
[TRAIN] 2026-04-23 12:36:34 step=660/67071 (0.98%) epoch=1/3 epoch_step=660/22357 (2.95%) loss=0.530603 lr=6.27613e-05 elapsed=01:47 eta=02:59:48 val_mrr=0.081594
[TRAIN] 2026-04-23 12:36:35 step=670/67071 (1.00%) epoch=1/3 epoch_step=670/22357 (3.00%) loss=0.523731 lr=6.34505e-05 elapsed=01:49 eta=02:59:21 val_mrr=0.081594
[TRAIN] 2026-04-23 12:36:37 step=680/67071 (1.01%) epoch=1/3 epoch_step=680/22357 (3.04%) loss=0.509220 lr=6.41498e-05 elapsed=01:50 eta=02:58:52 val_mrr=0.081594
[TRAIN] 2026-04-23 12:36:38 step=690/67071 (1.03%) epoch=1/3 epoch_step=690/22357 (3.09%) loss=0.518499 lr=6.4859e-05 elapsed=01:51 eta=02:58:23 val_mrr=0.081594
[TRAIN] 2026-04-23 12:36:42 step=700/67071 (1.04%) epoch=1/3 epoch_step=700/22357 (3.13%) loss=0.489571 lr=6.55783e-05 elapsed=01:55 eta=03:02:17 val_mrr=0.081594
[TRAIN] 2026-04-23 12:36:43 step=710/67071 (1.06%) epoch=1/3 epoch_step=710/22357 (3.18%) loss=0.498197 lr=6.63075e-05 elapsed=01:57 eta=03:01:47 val_mrr=0.081594
[TRAIN] 2026-04-23 12:36:45 step=720/67071 (1.07%) epoch=1/3 epoch_step=720/22357 (3.22%) loss=0.507477 lr=6.70467e-05 elapsed=01:58 eta=03:01:15 val_mrr=0.081594
[TRAIN] 2026-04-23 12:36:46 step=730/67071 (1.09%) epoch=1/3 epoch_step=730/22357 (3.27%) loss=0.491385 lr=6.77958e-05 elapsed=01:59 eta=03:00:42 val_mrr=0.081594
[TRAIN] 2026-04-23 12:36:47 step=740/67071 (1.10%) epoch=1/3 epoch_step=740/22357 (3.31%) loss=0.513778 lr=6.85549e-05 elapsed=02:01 eta=03:00:10 val_mrr=0.081594
[TRAIN] 2026-04-23 12:36:49 step=750/67071 (1.12%) epoch=1/3 epoch_step=750/22357 (3.35%) loss=0.505824 lr=6.93239e-05 elapsed=02:02 eta=02:59:36 val_mrr=0.081594
[TRAIN] 2026-04-23 12:36:50 step=760/67071 (1.13%) epoch=1/3 epoch_step=760/22357 (3.40%) loss=0.508087 lr=7.01027e-05 elapsed=02:03 eta=02:59:08 val_mrr=0.081594
[TRAIN] 2026-04-23 12:36:51 step=770/67071 (1.15%) epoch=1/3 epoch_step=770/22357 (3.44%) loss=0.494912 lr=7.08914e-05 elapsed=02:04 eta=02:58:37 val_mrr=0.081594
[TRAIN] 2026-04-23 12:36:52 step=780/67071 (1.16%) epoch=1/3 epoch_step=780/22357 (3.49%) loss=0.486154 lr=7.169e-05 elapsed=02:06 eta=02:58:06 val_mrr=0.081594
[TRAIN] 2026-04-23 12:36:54 step=790/67071 (1.18%) epoch=1/3 epoch_step=790/22357 (3.53%) loss=0.508109 lr=7.24984e-05 elapsed=02:07 eta=02:58:12 val_mrr=0.081594
[TRAIN] 2026-04-23 12:36:57 step=800/67071 (1.19%) epoch=1/3 epoch_step=800/22357 (3.58%) loss=0.488600 lr=7.33167e-05 elapsed=02:11 eta=03:00:21 val_mrr=0.081594
[TRAIN] 2026-04-23 12:36:59 step=810/67071 (1.21%) epoch=1/3 epoch_step=810/22357 (3.62%) loss=0.466616 lr=7.41447e-05 elapsed=02:12 eta=02:59:52 val_mrr=0.081594
[TRAIN] 2026-04-23 12:37:00 step=820/67071 (1.22%) epoch=1/3 epoch_step=820/22357 (3.67%) loss=0.494947 lr=7.49825e-05 elapsed=02:13 eta=02:59:27 val_mrr=0.081594
[TRAIN] 2026-04-23 12:37:01 step=830/67071 (1.24%) epoch=1/3 epoch_step=830/22357 (3.71%) loss=0.508288 lr=7.58301e-05 elapsed=02:15 eta=02:59:01 val_mrr=0.081594
[TRAIN] 2026-04-23 12:37:03 step=840/67071 (1.25%) epoch=1/3 epoch_step=840/22357 (3.76%) loss=0.496804 lr=7.66875e-05 elapsed=02:16 eta=02:58:33 val_mrr=0.081594
[TRAIN] 2026-04-23 12:37:04 step=850/67071 (1.27%) epoch=1/3 epoch_step=850/22357 (3.80%) loss=0.487898 lr=7.75546e-05 elapsed=02:17 eta=02:58:09 val_mrr=0.081594
[TRAIN] 2026-04-23 12:37:05 step=860/67071 (1.28%) epoch=1/3 epoch_step=860/22357 (3.85%) loss=0.495444 lr=7.84313e-05 elapsed=02:19 eta=02:57:44 val_mrr=0.081594
[TRAIN] 2026-04-23 12:37:07 step=870/67071 (1.30%) epoch=1/3 epoch_step=870/22357 (3.89%) loss=0.501590 lr=7.93178e-05 elapsed=02:20 eta=02:57:21 val_mrr=0.081594
[TRAIN] 2026-04-23 12:37:08 step=880/67071 (1.31%) epoch=1/3 epoch_step=880/22357 (3.94%) loss=0.508497 lr=8.0214e-05 elapsed=02:21 eta=02:57:22 val_mrr=0.081594
[TRAIN] 2026-04-23 12:37:09 step=890/67071 (1.33%) epoch=1/3 epoch_step=890/22357 (3.98%) loss=0.492717 lr=8.11198e-05 elapsed=02:23 eta=02:56:58 val_mrr=0.081594
[TRAIN] 2026-04-23 12:37:13 step=900/67071 (1.34%) epoch=1/3 epoch_step=900/22357 (4.03%) loss=0.484905 lr=8.20352e-05 elapsed=02:26 eta=02:58:54 val_mrr=0.081594
[TRAIN] 2026-04-23 12:37:14 step=910/67071 (1.36%) epoch=1/3 epoch_step=910/22357 (4.07%) loss=0.484217 lr=8.29602e-05 elapsed=02:27 eta=02:58:32 val_mrr=0.081594
[TRAIN] 2026-04-23 12:37:15 step=920/67071 (1.37%) epoch=1/3 epoch_step=920/22357 (4.12%) loss=0.507943 lr=8.38948e-05 elapsed=02:29 eta=02:58:07 val_mrr=0.081594
[TRAIN] 2026-04-23 12:37:17 step=930/67071 (1.39%) epoch=1/3 epoch_step=930/22357 (4.16%) loss=0.491429 lr=8.4839e-05 elapsed=02:30 eta=02:57:44 val_mrr=0.081594
[TRAIN] 2026-04-23 12:37:18 step=940/67071 (1.40%) epoch=1/3 epoch_step=940/22357 (4.20%) loss=0.458926 lr=8.57928e-05 elapsed=02:31 eta=02:57:19 val_mrr=0.081594
[TRAIN] 2026-04-23 12:37:19 step=950/67071 (1.42%) epoch=1/3 epoch_step=950/22357 (4.25%) loss=0.469710 lr=8.67561e-05 elapsed=02:33 eta=02:56:55 val_mrr=0.081594
[TRAIN] 2026-04-23 12:37:21 step=960/67071 (1.43%) epoch=1/3 epoch_step=960/22357 (4.29%) loss=0.458437 lr=8.77289e-05 elapsed=02:34 eta=02:56:32 val_mrr=0.081594
[TRAIN] 2026-04-23 12:37:22 step=970/67071 (1.45%) epoch=1/3 epoch_step=970/22357 (4.34%) loss=0.484627 lr=8.87111e-05 elapsed=02:35 eta=02:56:06 val_mrr=0.081594
[TRAIN] 2026-04-23 12:37:23 step=980/67071 (1.46%) epoch=1/3 epoch_step=980/22357 (4.38%) loss=0.466264 lr=8.97029e-05 elapsed=02:37 eta=02:56:11 val_mrr=0.081594
[TRAIN] 2026-04-23 12:37:25 step=990/67071 (1.48%) epoch=1/3 epoch_step=990/22357 (4.43%) loss=0.496089 lr=9.07041e-05 elapsed=02:38 eta=02:55:49 val_mrr=0.081594
[STAGE] 2026-04-23 12:37:26 val prep subsets global=50000 art_art=1986 art_any=50000
[STAGE] 2026-04-23 12:37:27 val prep negatives global=50000 art_art=1986 art_any=50000
[STAGE] 2026-04-23 12:37:27 val prep unique_entities=136196
[STAGE] 2026-04-23 12:37:29 val prep entity_bank_ready unique_entities=136196 emb_dim=512
[STAGE] 2026-04-23 12:37:29 val start step=1000 epoch=0 task=relation_ranking subset=global triples=50000 batches=98 eval_batch_size=512
[STAGE] 2026-04-23 12:37:31 val start step=1000 epoch=0 task=triple_scoring subset=global triples=50000 batches=98 eval_batch_size=512
[STAGE] 2026-04-23 12:37:31 val start step=1000 epoch=0 task=relation_ranking subset=art_art triples=1986 batches=4 eval_batch_size=512
[STAGE] 2026-04-23 12:37:31 val start step=1000 epoch=0 task=triple_scoring subset=art_art triples=1986 batches=4 eval_batch_size=512
[STAGE] 2026-04-23 12:37:31 val start step=1000 epoch=0 task=relation_ranking subset=art_any triples=50000 batches=98 eval_batch_size=512
[STAGE] 2026-04-23 12:37:32 val start step=1000 epoch=0 task=triple_scoring subset=art_any triples=50000 batches=98 eval_batch_size=512
[VAL] 2026-04-23 12:37:33 step=1000 epoch=0 mrr=0.197069 aucpr=0.888676 art_art_mrr=0.069934 art_art_aucpr=0.589294 art_any_mrr=0.197070 art_any_aucpr=0.691131
[TRAIN] 2026-04-23 12:37:36 step=1000/67071 (1.49%) epoch=1/3 epoch_step=1000/22357 (4.47%) loss=0.468465 lr=9.17147e-05 elapsed=02:50 eta=03:06:50 val_mrr=0.197069
[TRAIN] 2026-04-23 12:37:38 step=1010/67071 (1.51%) epoch=1/3 epoch_step=1010/22357 (4.52%) loss=0.469982 lr=9.27347e-05 elapsed=02:51 eta=03:06:21 val_mrr=0.197069
[TRAIN] 2026-04-23 12:37:39 step=1020/67071 (1.52%) epoch=1/3 epoch_step=1020/22357 (4.56%) loss=0.466556 lr=9.37641e-05 elapsed=02:52 eta=03:05:51 val_mrr=0.197069
[TRAIN] 2026-04-23 12:37:40 step=1030/67071 (1.54%) epoch=1/3 epoch_step=1030/22357 (4.61%) loss=0.472207 lr=9.48028e-05 elapsed=02:53 eta=03:05:23 val_mrr=0.197069
[TRAIN] 2026-04-23 12:37:41 step=1040/67071 (1.55%) epoch=1/3 epoch_step=1040/22357 (4.65%) loss=0.484732 lr=9.58509e-05 elapsed=02:55 eta=03:04:58 val_mrr=0.197069
[TRAIN] 2026-04-23 12:37:43 step=1050/67071 (1.57%) epoch=1/3 epoch_step=1050/22357 (4.70%) loss=0.483022 lr=9.69082e-05 elapsed=02:56 eta=03:04:50 val_mrr=0.197069
[TRAIN] 2026-04-23 12:37:44 step=1060/67071 (1.58%) epoch=1/3 epoch_step=1060/22357 (4.74%) loss=0.443484 lr=9.79749e-05 elapsed=02:58 eta=03:04:24 val_mrr=0.197069
[TRAIN] 2026-04-23 12:37:46 step=1070/67071 (1.60%) epoch=1/3 epoch_step=1070/22357 (4.79%) loss=0.476822 lr=9.90508e-05 elapsed=02:59 eta=03:03:57 val_mrr=0.197069
[TRAIN] 2026-04-23 12:37:47 step=1080/67071 (1.61%) epoch=1/3 epoch_step=1080/22357 (4.83%) loss=0.472251 lr=0.000100136 elapsed=03:00 eta=03:03:30 val_mrr=0.197069
[TRAIN] 2026-04-23 12:37:48 step=1090/67071 (1.63%) epoch=1/3 epoch_step=1090/22357 (4.88%) loss=0.454521 lr=0.00010123 elapsed=03:01 eta=03:03:03 val_mrr=0.197069
[TRAIN] 2026-04-23 12:37:51 step=1100/67071 (1.64%) epoch=1/3 epoch_step=1100/22357 (4.92%) loss=0.469703 lr=0.000102334 elapsed=03:05 eta=03:04:29 val_mrr=0.197069
[TRAIN] 2026-04-23 12:37:53 step=1110/67071 (1.65%) epoch=1/3 epoch_step=1110/22357 (4.96%) loss=0.443997 lr=0.000103447 elapsed=03:06 eta=03:04:05 val_mrr=0.197069
[TRAIN] 2026-04-23 12:37:54 step=1120/67071 (1.67%) epoch=1/3 epoch_step=1120/22357 (5.01%) loss=0.464110 lr=0.000104569 elapsed=03:07 eta=03:03:37 val_mrr=0.197069
[TRAIN] 2026-04-23 12:37:55 step=1130/67071 (1.68%) epoch=1/3 epoch_step=1130/22357 (5.05%) loss=0.462221 lr=0.0001057 elapsed=03:08 eta=03:03:13 val_mrr=0.197069
[TRAIN] 2026-04-23 12:37:56 step=1140/67071 (1.70%) epoch=1/3 epoch_step=1140/22357 (5.10%) loss=0.454902 lr=0.00010684 elapsed=03:10 eta=03:02:48 val_mrr=0.197069
[TRAIN] 2026-04-23 12:37:58 step=1150/67071 (1.71%) epoch=1/3 epoch_step=1150/22357 (5.14%) loss=0.409854 lr=0.000107989 elapsed=03:11 eta=03:02:43 val_mrr=0.197069
[TRAIN] 2026-04-23 12:37:59 step=1160/67071 (1.73%) epoch=1/3 epoch_step=1160/22357 (5.19%) loss=0.451506 lr=0.000109147 elapsed=03:13 eta=03:02:20 val_mrr=0.197069
[TRAIN] 2026-04-23 12:38:00 step=1170/67071 (1.74%) epoch=1/3 epoch_step=1170/22357 (5.23%) loss=0.432077 lr=0.000110314 elapsed=03:14 eta=03:01:56 val_mrr=0.197069
[TRAIN] 2026-04-23 12:38:02 step=1180/67071 (1.76%) epoch=1/3 epoch_step=1180/22357 (5.28%) loss=0.431730 lr=0.00011149 elapsed=03:15 eta=03:01:32 val_mrr=0.197069
[TRAIN] 2026-04-23 12:38:03 step=1190/67071 (1.77%) epoch=1/3 epoch_step=1190/22357 (5.32%) loss=0.452577 lr=0.000112676 elapsed=03:16 eta=03:01:09 val_mrr=0.197069
[TRAIN] 2026-04-23 12:38:06 step=1200/67071 (1.79%) epoch=1/3 epoch_step=1200/22357 (5.37%) loss=0.418539 lr=0.00011387 elapsed=03:19 eta=03:02:20 val_mrr=0.197069
[TRAIN] 2026-04-23 12:38:07 step=1210/67071 (1.80%) epoch=1/3 epoch_step=1210/22357 (5.41%) loss=0.417706 lr=0.000115073 elapsed=03:21 eta=03:01:59 val_mrr=0.197069
[TRAIN] 2026-04-23 12:38:09 step=1220/67071 (1.82%) epoch=1/3 epoch_step=1220/22357 (5.46%) loss=0.439630 lr=0.000116285 elapsed=03:22 eta=03:01:41 val_mrr=0.197069
[TRAIN] 2026-04-23 12:38:10 step=1230/67071 (1.83%) epoch=1/3 epoch_step=1230/22357 (5.50%) loss=0.427854 lr=0.000117505 elapsed=03:23 eta=03:01:18 val_mrr=0.197069
[TRAIN] 2026-04-23 12:38:11 step=1240/67071 (1.85%) epoch=1/3 epoch_step=1240/22357 (5.55%) loss=0.405986 lr=0.000118735 elapsed=03:25 eta=03:01:11 val_mrr=0.197069
[TRAIN] 2026-04-23 12:38:13 step=1250/67071 (1.86%) epoch=1/3 epoch_step=1250/22357 (5.59%) loss=0.443176 lr=0.000119973 elapsed=03:26 eta=03:00:56 val_mrr=0.197069
[TRAIN] 2026-04-23 12:38:14 step=1260/67071 (1.88%) epoch=1/3 epoch_step=1260/22357 (5.64%) loss=0.431343 lr=0.00012122 elapsed=03:27 eta=03:00:33 val_mrr=0.197069
[TRAIN] 2026-04-23 12:38:15 step=1270/67071 (1.89%) epoch=1/3 epoch_step=1270/22357 (5.68%) loss=0.431926 lr=0.000122476 elapsed=03:29 eta=03:00:14 val_mrr=0.197069
[TRAIN] 2026-04-23 12:38:17 step=1280/67071 (1.91%) epoch=1/3 epoch_step=1280/22357 (5.73%) loss=0.436148 lr=0.000123741 elapsed=03:30 eta=02:59:54 val_mrr=0.197069
[TRAIN] 2026-04-23 12:38:18 step=1290/67071 (1.92%) epoch=1/3 epoch_step=1290/22357 (5.77%) loss=0.440820 lr=0.000125014 elapsed=03:31 eta=02:59:34 val_mrr=0.197069
[TRAIN] 2026-04-23 12:38:21 step=1300/67071 (1.94%) epoch=1/3 epoch_step=1300/22357 (5.81%) loss=0.417537 lr=0.000126296 elapsed=03:34 eta=03:00:46 val_mrr=0.197069
[TRAIN] 2026-04-23 12:38:22 step=1310/67071 (1.95%) epoch=1/3 epoch_step=1310/22357 (5.86%) loss=0.436537 lr=0.000127587 elapsed=03:36 eta=03:00:26 val_mrr=0.197069
[TRAIN] 2026-04-23 12:38:24 step=1320/67071 (1.97%) epoch=1/3 epoch_step=1320/22357 (5.90%) loss=0.373806 lr=0.000128886 elapsed=03:37 eta=03:00:07 val_mrr=0.197069
[TRAIN] 2026-04-23 12:38:25 step=1330/67071 (1.98%) epoch=1/3 epoch_step=1330/22357 (5.95%) loss=0.424001 lr=0.000130194 elapsed=03:38 eta=02:59:48 val_mrr=0.197069
[TRAIN] 2026-04-23 12:38:27 step=1340/67071 (2.00%) epoch=1/3 epoch_step=1340/22357 (5.99%) loss=0.396549 lr=0.000131511 elapsed=03:40 eta=02:59:45 val_mrr=0.197069
[TRAIN] 2026-04-23 12:38:28 step=1350/67071 (2.01%) epoch=1/3 epoch_step=1350/22357 (6.04%) loss=0.395755 lr=0.000132836 elapsed=03:41 eta=02:59:28 val_mrr=0.197069
[TRAIN] 2026-04-23 12:38:29 step=1360/67071 (2.03%) epoch=1/3 epoch_step=1360/22357 (6.08%) loss=0.416572 lr=0.000134169 elapsed=03:42 eta=02:59:10 val_mrr=0.197069
[TRAIN] 2026-04-23 12:38:30 step=1370/67071 (2.04%) epoch=1/3 epoch_step=1370/22357 (6.13%) loss=0.422699 lr=0.000135511 elapsed=03:44 eta=02:58:52 val_mrr=0.197069
[TRAIN] 2026-04-23 12:38:32 step=1380/67071 (2.06%) epoch=1/3 epoch_step=1380/22357 (6.17%) loss=0.405530 lr=0.000136861 elapsed=03:45 eta=02:58:37 val_mrr=0.197069
[TRAIN] 2026-04-23 12:38:33 step=1390/67071 (2.07%) epoch=1/3 epoch_step=1390/22357 (6.22%) loss=0.382627 lr=0.00013822 elapsed=03:46 eta=02:58:19 val_mrr=0.197069
[TRAIN] 2026-04-23 12:38:36 step=1400/67071 (2.09%) epoch=1/3 epoch_step=1400/22357 (6.26%) loss=0.372953 lr=0.000139587 elapsed=03:50 eta=02:59:26 val_mrr=0.197069
[TRAIN] 2026-04-23 12:38:38 step=1410/67071 (2.10%) epoch=1/3 epoch_step=1410/22357 (6.31%) loss=0.402237 lr=0.000140963 elapsed=03:51 eta=02:59:09 val_mrr=0.197069
[TRAIN] 2026-04-23 12:38:39 step=1420/67071 (2.12%) epoch=1/3 epoch_step=1420/22357 (6.35%) loss=0.366180 lr=0.000142346 elapsed=03:52 eta=02:58:51 val_mrr=0.197069
[TRAIN] 2026-04-23 12:38:40 step=1430/67071 (2.13%) epoch=1/3 epoch_step=1430/22357 (6.40%) loss=0.355718 lr=0.000143739 elapsed=03:54 eta=02:58:46 val_mrr=0.197069
[TRAIN] 2026-04-23 12:38:42 step=1440/67071 (2.15%) epoch=1/3 epoch_step=1440/22357 (6.44%) loss=0.397733 lr=0.000145139 elapsed=03:55 eta=02:58:29 val_mrr=0.197069
[TRAIN] 2026-04-23 12:38:43 step=1450/67071 (2.16%) epoch=1/3 epoch_step=1450/22357 (6.49%) loss=0.429826 lr=0.000146547 elapsed=03:56 eta=02:58:11 val_mrr=0.197069
[TRAIN] 2026-04-23 12:38:44 step=1460/67071 (2.18%) epoch=1/3 epoch_step=1460/22357 (6.53%) loss=0.375481 lr=0.000147964 elapsed=03:58 eta=02:57:55 val_mrr=0.197069
[TRAIN] 2026-04-23 12:38:46 step=1470/67071 (2.19%) epoch=1/3 epoch_step=1470/22357 (6.58%) loss=0.410734 lr=0.000149389 elapsed=03:59 eta=02:57:40 val_mrr=0.197069
[TRAIN] 2026-04-23 12:38:47 step=1480/67071 (2.21%) epoch=1/3 epoch_step=1480/22357 (6.62%) loss=0.371124 lr=0.000150822 elapsed=04:00 eta=02:57:25 val_mrr=0.197069
[TRAIN] 2026-04-23 12:38:48 step=1490/67071 (2.22%) epoch=1/3 epoch_step=1490/22357 (6.66%) loss=0.381796 lr=0.000152263 elapsed=04:01 eta=02:57:09 val_mrr=0.197069
[STAGE] 2026-04-23 12:38:50 val prep subsets global=50000 art_art=1986 art_any=50000
[STAGE] 2026-04-23 12:38:50 val prep negatives global=50000 art_art=1986 art_any=50000
[STAGE] 2026-04-23 12:38:50 val prep unique_entities=136219
[STAGE] 2026-04-23 12:38:53 val prep entity_bank_ready unique_entities=136219 emb_dim=512
[STAGE] 2026-04-23 12:38:53 val start step=1500 epoch=0 task=relation_ranking subset=global triples=50000 batches=98 eval_batch_size=512
[STAGE] 2026-04-23 12:38:54 val start step=1500 epoch=0 task=triple_scoring subset=global triples=50000 batches=98 eval_batch_size=512
[STAGE] 2026-04-23 12:38:55 val start step=1500 epoch=0 task=relation_ranking subset=art_art triples=1986 batches=4 eval_batch_size=512
[STAGE] 2026-04-23 12:38:55 val start step=1500 epoch=0 task=triple_scoring subset=art_art triples=1986 batches=4 eval_batch_size=512
[STAGE] 2026-04-23 12:38:55 val start step=1500 epoch=0 task=relation_ranking subset=art_any triples=50000 batches=98 eval_batch_size=512
[STAGE] 2026-04-23 12:38:56 val start step=1500 epoch=0 task=triple_scoring subset=art_any triples=50000 batches=98 eval_batch_size=512
[VAL] 2026-04-23 12:38:56 step=1500 epoch=0 mrr=0.409218 aucpr=0.903039 art_art_mrr=0.087255 art_art_aucpr=0.647076 art_any_mrr=0.409228 art_any_aucpr=0.702164
[TRAIN] 2026-04-23 12:39:00 step=1500/67071 (2.24%) epoch=1/3 epoch_step=1500/22357 (6.71%) loss=0.399896 lr=0.000153713 elapsed=04:14 eta=03:04:43 val_mrr=0.409218
[TRAIN] 2026-04-23 12:39:02 step=1510/67071 (2.25%) epoch=1/3 epoch_step=1510/22357 (6.75%) loss=0.390094 lr=0.00015517 elapsed=04:15 eta=03:04:25 val_mrr=0.409218
[TRAIN] 2026-04-23 12:39:03 step=1520/67071 (2.27%) epoch=1/3 epoch_step=1520/22357 (6.80%) loss=0.378102 lr=0.000156635 elapsed=04:16 eta=03:04:08 val_mrr=0.409218
[TRAIN] 2026-04-23 12:39:04 step=1530/67071 (2.28%) epoch=1/3 epoch_step=1530/22357 (6.84%) loss=0.347859 lr=0.000158108 elapsed=04:18 eta=03:03:51 val_mrr=0.409218
[TRAIN] 2026-04-23 12:39:06 step=1540/67071 (2.30%) epoch=1/3 epoch_step=1540/22357 (6.89%) loss=0.365078 lr=0.00015959 elapsed=04:19 eta=03:03:36 val_mrr=0.409218
[TRAIN] 2026-04-23 12:39:07 step=1550/67071 (2.31%) epoch=1/3 epoch_step=1550/22357 (6.93%) loss=0.323767 lr=0.000161079 elapsed=04:20 eta=03:03:21 val_mrr=0.409218
[TRAIN] 2026-04-23 12:39:08 step=1560/67071 (2.33%) epoch=1/3 epoch_step=1560/22357 (6.98%) loss=0.390863 lr=0.000162576 elapsed=04:22 eta=03:03:03 val_mrr=0.409218
[TRAIN] 2026-04-23 12:39:10 step=1570/67071 (2.34%) epoch=1/3 epoch_step=1570/22357 (7.02%) loss=0.396796 lr=0.00016408 elapsed=04:23 eta=03:02:45 val_mrr=0.409218
[TRAIN] 2026-04-23 12:39:11 step=1580/67071 (2.36%) epoch=1/3 epoch_step=1580/22357 (7.07%) loss=0.353523 lr=0.000165593 elapsed=04:24 eta=03:02:29 val_mrr=0.409218
[TRAIN] 2026-04-23 12:39:12 step=1590/67071 (2.37%) epoch=1/3 epoch_step=1590/22357 (7.11%) loss=0.338546 lr=0.000167114 elapsed=04:26 eta=03:02:24 val_mrr=0.409218
[TRAIN] 2026-04-23 12:39:16 step=1600/67071 (2.39%) epoch=1/3 epoch_step=1600/22357 (7.16%) loss=0.386895 lr=0.000168642 elapsed=04:29 eta=03:03:24 val_mrr=0.409218
[TRAIN] 2026-04-23 12:39:17 step=1610/67071 (2.40%) epoch=1/3 epoch_step=1610/22357 (7.20%) loss=0.394604 lr=0.000170178 elapsed=04:30 eta=03:03:07 val_mrr=0.409218
[TRAIN] 2026-04-23 12:39:18 step=1620/67071 (2.42%) epoch=1/3 epoch_step=1620/22357 (7.25%) loss=0.368678 lr=0.000171721 elapsed=04:32 eta=03:02:50 val_mrr=0.409218
[TRAIN] 2026-04-23 12:39:19 step=1630/67071 (2.43%) epoch=1/3 epoch_step=1630/22357 (7.29%) loss=0.341221 lr=0.000173272 elapsed=04:33 eta=03:02:33 val_mrr=0.409218
[TRAIN] 2026-04-23 12:39:21 step=1640/67071 (2.45%) epoch=1/3 epoch_step=1640/22357 (7.34%) loss=0.344053 lr=0.000174831 elapsed=04:34 eta=03:02:16 val_mrr=0.409218
[TRAIN] 2026-04-23 12:39:22 step=1650/67071 (2.46%) epoch=1/3 epoch_step=1650/22357 (7.38%) loss=0.348259 lr=0.000176397 elapsed=04:35 eta=03:02:00 val_mrr=0.409218
[TRAIN] 2026-04-23 12:39:23 step=1660/67071 (2.47%) epoch=1/3 epoch_step=1660/22357 (7.42%) loss=0.369711 lr=0.000177971 elapsed=04:37 eta=03:01:41 val_mrr=0.409218
[TRAIN] 2026-04-23 12:39:25 step=1670/67071 (2.49%) epoch=1/3 epoch_step=1670/22357 (7.47%) loss=0.365259 lr=0.000179553 elapsed=04:38 eta=03:01:28 val_mrr=0.409218
[TRAIN] 2026-04-23 12:39:26 step=1680/67071 (2.50%) epoch=1/3 epoch_step=1680/22357 (7.51%) loss=0.382663 lr=0.000181142 elapsed=04:39 eta=03:01:14 val_mrr=0.409218
[TRAIN] 2026-04-23 12:39:28 step=1690/67071 (2.52%) epoch=1/3 epoch_step=1690/22357 (7.56%) loss=0.369774 lr=0.000182738 elapsed=04:41 eta=03:01:08 val_mrr=0.409218
[TRAIN] 2026-04-23 12:39:31 step=1700/67071 (2.53%) epoch=1/3 epoch_step=1700/22357 (7.60%) loss=0.339997 lr=0.000184342 elapsed=04:44 eta=03:01:59 val_mrr=0.409218
[TRAIN] 2026-04-23 12:39:32 step=1710/67071 (2.55%) epoch=1/3 epoch_step=1710/22357 (7.65%) loss=0.345620 lr=0.000185953 elapsed=04:45 eta=03:01:44 val_mrr=0.409218
[TRAIN] 2026-04-23 12:39:33 step=1720/67071 (2.56%) epoch=1/3 epoch_step=1720/22357 (7.69%) loss=0.347799 lr=0.000187571 elapsed=04:47 eta=03:01:28 val_mrr=0.409218
[TRAIN] 2026-04-23 12:39:35 step=1730/67071 (2.58%) epoch=1/3 epoch_step=1730/22357 (7.74%) loss=0.379212 lr=0.000189197 elapsed=04:48 eta=03:01:12 val_mrr=0.409218
[TRAIN] 2026-04-23 12:39:36 step=1740/67071 (2.59%) epoch=1/3 epoch_step=1740/22357 (7.78%) loss=0.353356 lr=0.00019083 elapsed=04:49 eta=03:00:57 val_mrr=0.409218
[TRAIN] 2026-04-23 12:39:37 step=1750/67071 (2.61%) epoch=1/3 epoch_step=1750/22357 (7.83%) loss=0.337977 lr=0.00019247 elapsed=04:50 eta=03:00:41 val_mrr=0.409218
[TRAIN] 2026-04-23 12:39:38 step=1760/67071 (2.62%) epoch=1/3 epoch_step=1760/22357 (7.87%) loss=0.336815 lr=0.000194118 elapsed=04:52 eta=03:00:26 val_mrr=0.409218
[TRAIN] 2026-04-23 12:39:40 step=1770/67071 (2.64%) epoch=1/3 epoch_step=1770/22357 (7.92%) loss=0.346001 lr=0.000195772 elapsed=04:53 eta=03:00:10 val_mrr=0.409218
[TRAIN] 2026-04-23 12:39:41 step=1780/67071 (2.65%) epoch=1/3 epoch_step=1780/22357 (7.96%) loss=0.346395 lr=0.000197434 elapsed=04:55 eta=03:00:07 val_mrr=0.409218
[TRAIN] 2026-04-23 12:39:43 step=1790/67071 (2.67%) epoch=1/3 epoch_step=1790/22357 (8.01%) loss=0.314618 lr=0.000199103 elapsed=04:56 eta=02:59:52 val_mrr=0.409218
[TRAIN] 2026-04-23 12:39:46 step=1800/67071 (2.68%) epoch=1/3 epoch_step=1800/22357 (8.05%) loss=0.340414 lr=0.000200778 elapsed=04:59 eta=03:00:44 val_mrr=0.409218
[TRAIN] 2026-04-23 12:39:47 step=1810/67071 (2.70%) epoch=1/3 epoch_step=1810/22357 (8.10%) loss=0.356540 lr=0.000202461 elapsed=05:00 eta=03:00:28 val_mrr=0.409218
[TRAIN] 2026-04-23 12:39:48 step=1820/67071 (2.71%) epoch=1/3 epoch_step=1820/22357 (8.14%) loss=0.312169 lr=0.000204151 elapsed=05:02 eta=03:00:13 val_mrr=0.409218
[TRAIN] 2026-04-23 12:39:50 step=1830/67071 (2.73%) epoch=1/3 epoch_step=1830/22357 (8.19%) loss=0.323031 lr=0.000205848 elapsed=05:03 eta=02:59:59 val_mrr=0.409218
[TRAIN] 2026-04-23 12:39:51 step=1840/67071 (2.74%) epoch=1/3 epoch_step=1840/22357 (8.23%) loss=0.326189 lr=0.000207551 elapsed=05:04 eta=02:59:45 val_mrr=0.409218
[TRAIN] 2026-04-23 12:39:52 step=1850/67071 (2.76%) epoch=1/3 epoch_step=1850/22357 (8.27%) loss=0.341477 lr=0.000209262 elapsed=05:06 eta=02:59:33 val_mrr=0.409218
[TRAIN] 2026-04-23 12:39:54 step=1860/67071 (2.77%) epoch=1/3 epoch_step=1860/22357 (8.32%) loss=0.331628 lr=0.000210979 elapsed=05:07 eta=02:59:19 val_mrr=0.409218
[TRAIN] 2026-04-23 12:39:55 step=1870/67071 (2.79%) epoch=1/3 epoch_step=1870/22357 (8.36%) loss=0.335183 lr=0.000212703 elapsed=05:08 eta=02:59:15 val_mrr=0.409218
[TRAIN] 2026-04-23 12:39:56 step=1880/67071 (2.80%) epoch=1/3 epoch_step=1880/22357 (8.41%) loss=0.322798 lr=0.000214434 elapsed=05:10 eta=02:59:01 val_mrr=0.409218
[TRAIN] 2026-04-23 12:39:58 step=1890/67071 (2.82%) epoch=1/3 epoch_step=1890/22357 (8.45%) loss=0.332803 lr=0.000216171 elapsed=05:11 eta=02:58:47 val_mrr=0.409218
[TRAIN] 2026-04-23 12:40:01 step=1900/67071 (2.83%) epoch=1/3 epoch_step=1900/22357 (8.50%) loss=0.337003 lr=0.000217915 elapsed=05:14 eta=02:59:33 val_mrr=0.409218
[TRAIN] 2026-04-23 12:40:02 step=1910/67071 (2.85%) epoch=1/3 epoch_step=1910/22357 (8.54%) loss=0.342680 lr=0.000219666 elapsed=05:15 eta=02:59:19 val_mrr=0.409218
[TRAIN] 2026-04-23 12:40:03 step=1920/67071 (2.86%) epoch=1/3 epoch_step=1920/22357 (8.59%) loss=0.307850 lr=0.000221424 elapsed=05:17 eta=02:59:04 val_mrr=0.409218
[TRAIN] 2026-04-23 12:40:05 step=1930/67071 (2.88%) epoch=1/3 epoch_step=1930/22357 (8.63%) loss=0.337638 lr=0.000223188 elapsed=05:18 eta=02:58:50 val_mrr=0.409218
[TRAIN] 2026-04-23 12:40:06 step=1940/67071 (2.89%) epoch=1/3 epoch_step=1940/22357 (8.68%) loss=0.311844 lr=0.000224958 elapsed=05:19 eta=02:58:37 val_mrr=0.409218
[TRAIN] 2026-04-23 12:40:07 step=1950/67071 (2.91%) epoch=1/3 epoch_step=1950/22357 (8.72%) loss=0.329635 lr=0.000226735 elapsed=05:21 eta=02:58:24 val_mrr=0.409218
[TRAIN] 2026-04-23 12:40:09 step=1960/67071 (2.92%) epoch=1/3 epoch_step=1960/22357 (8.77%) loss=0.324630 lr=0.000228518 elapsed=05:22 eta=02:58:21 val_mrr=0.409218
[TRAIN] 2026-04-23 12:40:10 step=1970/67071 (2.94%) epoch=1/3 epoch_step=1970/22357 (8.81%) loss=0.334464 lr=0.000230308 elapsed=05:23 eta=02:58:09 val_mrr=0.409218
[TRAIN] 2026-04-23 12:40:11 step=1980/67071 (2.95%) epoch=1/3 epoch_step=1980/22357 (8.86%) loss=0.341859 lr=0.000232104 elapsed=05:25 eta=02:57:55 val_mrr=0.409218
[TRAIN] 2026-04-23 12:40:13 step=1990/67071 (2.97%) epoch=1/3 epoch_step=1990/22357 (8.90%) loss=0.326453 lr=0.000233907 elapsed=05:26 eta=02:57:41 val_mrr=0.409218
[STAGE] 2026-04-23 12:40:14 val prep subsets global=50000 art_art=1986 art_any=50000
[STAGE] 2026-04-23 12:40:14 val prep negatives global=50000 art_art=1986 art_any=50000
[STAGE] 2026-04-23 12:40:14 val prep unique_entities=136107
[STAGE] 2026-04-23 12:40:17 val prep entity_bank_ready unique_entities=136107 emb_dim=512
[STAGE] 2026-04-23 12:40:17 val start step=2000 epoch=0 task=relation_ranking subset=global triples=50000 batches=98 eval_batch_size=512
[STAGE] 2026-04-23 12:40:18 val start step=2000 epoch=0 task=triple_scoring subset=global triples=50000 batches=98 eval_batch_size=512
[STAGE] 2026-04-23 12:40:19 val start step=2000 epoch=0 task=relation_ranking subset=art_art triples=1986 batches=4 eval_batch_size=512
[STAGE] 2026-04-23 12:40:19 val start step=2000 epoch=0 task=triple_scoring subset=art_art triples=1986 batches=4 eval_batch_size=512
[STAGE] 2026-04-23 12:40:19 val start step=2000 epoch=0 task=relation_ranking subset=art_any triples=50000 batches=98 eval_batch_size=512
[STAGE] 2026-04-23 12:40:20 val start step=2000 epoch=0 task=triple_scoring subset=art_any triples=50000 batches=98 eval_batch_size=512
[VAL] 2026-04-23 12:40:20 step=2000 epoch=0 mrr=0.531970 aucpr=0.919408 art_art_mrr=0.302407 art_art_aucpr=0.728037 art_any_mrr=0.531989 art_any_aucpr=0.753973
[TRAIN] 2026-04-23 12:40:24 step=2000/67071 (2.98%) epoch=1/3 epoch_step=2000/22357 (8.95%) loss=0.307013 lr=0.000235715 elapsed=05:37 eta=03:02:56 val_mrr=0.531970
[TRAIN] 2026-04-23 12:40:25 step=2010/67071 (3.00%) epoch=1/3 epoch_step=2010/22357 (8.99%) loss=0.326731 lr=0.00023753 elapsed=05:39 eta=03:02:41 val_mrr=0.531970
[TRAIN] 2026-04-23 12:40:27 step=2020/67071 (3.01%) epoch=1/3 epoch_step=2020/22357 (9.04%) loss=0.306346 lr=0.000239351 elapsed=05:40 eta=03:02:27 val_mrr=0.531970
[TRAIN] 2026-04-23 12:40:28 step=2030/67071 (3.03%) epoch=1/3 epoch_step=2030/22357 (9.08%) loss=0.315844 lr=0.000241179 elapsed=05:41 eta=03:02:12 val_mrr=0.531970
[TRAIN] 2026-04-23 12:40:29 step=2040/67071 (3.04%) epoch=1/3 epoch_step=2040/22357 (9.12%) loss=0.315101 lr=0.000243012 elapsed=05:43 eta=03:02:07 val_mrr=0.531970
[TRAIN] 2026-04-23 12:40:31 step=2050/67071 (3.06%) epoch=1/3 epoch_step=2050/22357 (9.17%) loss=0.320770 lr=0.000244852 elapsed=05:44 eta=03:01:53 val_mrr=0.531970
[TRAIN] 2026-04-23 12:40:32 step=2060/67071 (3.07%) epoch=1/3 epoch_step=2060/22357 (9.21%) loss=0.292933 lr=0.000246697 elapsed=05:45 eta=03:01:38 val_mrr=0.531970
[TRAIN] 2026-04-23 12:40:33 step=2070/67071 (3.09%) epoch=1/3 epoch_step=2070/22357 (9.26%) loss=0.309461 lr=0.000248549 elapsed=05:47 eta=03:01:24 val_mrr=0.531970
[TRAIN] 2026-04-23 12:40:35 step=2080/67071 (3.10%) epoch=1/3 epoch_step=2080/22357 (9.30%) loss=0.278992 lr=0.000250406 elapsed=05:48 eta=03:01:10 val_mrr=0.531970
[TRAIN] 2026-04-23 12:40:36 step=2090/67071 (3.12%) epoch=1/3 epoch_step=2090/22357 (9.35%) loss=0.323213 lr=0.00025227 elapsed=05:49 eta=03:00:56 val_mrr=0.531970
[TRAIN] 2026-04-23 12:40:39 step=2100/67071 (3.13%) epoch=1/3 epoch_step=2100/22357 (9.39%) loss=0.318586 lr=0.000254139 elapsed=05:52 eta=03:01:36 val_mrr=0.531970
[TRAIN] 2026-04-23 12:40:40 step=2110/67071 (3.15%) epoch=1/3 epoch_step=2110/22357 (9.44%) loss=0.319737 lr=0.000256014 elapsed=05:53 eta=03:01:23 val_mrr=0.531970
[TRAIN] 2026-04-23 12:40:41 step=2120/67071 (3.16%) epoch=1/3 epoch_step=2120/22357 (9.48%) loss=0.296853 lr=0.000257895 elapsed=05:55 eta=03:01:10 val_mrr=0.531970
[TRAIN] 2026-04-23 12:40:43 step=2130/67071 (3.18%) epoch=1/3 epoch_step=2130/22357 (9.53%) loss=0.321941 lr=0.000259782 elapsed=05:56 eta=03:01:04 val_mrr=0.531970
[TRAIN] 2026-04-23 12:40:44 step=2140/67071 (3.19%) epoch=1/3 epoch_step=2140/22357 (9.57%) loss=0.306931 lr=0.000261674 elapsed=05:58 eta=03:00:51 val_mrr=0.531970
[TRAIN] 2026-04-23 12:40:46 step=2150/67071 (3.21%) epoch=1/3 epoch_step=2150/22357 (9.62%) loss=0.309437 lr=0.000263572 elapsed=05:59 eta=03:00:39 val_mrr=0.531970
[TRAIN] 2026-04-23 12:40:47 step=2160/67071 (3.22%) epoch=1/3 epoch_step=2160/22357 (9.66%) loss=0.342838 lr=0.000265476 elapsed=06:00 eta=03:00:26 val_mrr=0.531970
[TRAIN] 2026-04-23 12:40:48 step=2170/67071 (3.24%) epoch=1/3 epoch_step=2170/22357 (9.71%) loss=0.311909 lr=0.000267385 elapsed=06:02 eta=03:00:13 val_mrr=0.531970
[TRAIN] 2026-04-23 12:40:50 step=2180/67071 (3.25%) epoch=1/3 epoch_step=2180/22357 (9.75%) loss=0.328865 lr=0.0002693 elapsed=06:03 eta=03:00:00 val_mrr=0.531970
[TRAIN] 2026-04-23 12:40:51 step=2190/67071 (3.27%) epoch=1/3 epoch_step=2190/22357 (9.80%) loss=0.276612 lr=0.00027122 elapsed=06:04 eta=02:59:48 val_mrr=0.531970
[TRAIN] 2026-04-23 12:40:54 step=2200/67071 (3.28%) epoch=1/3 epoch_step=2200/22357 (9.84%) loss=0.304802 lr=0.000273146 elapsed=06:07 eta=03:00:30 val_mrr=0.531970
[TRAIN] 2026-04-23 12:40:55 step=2210/67071 (3.30%) epoch=1/3 epoch_step=2210/22357 (9.89%) loss=0.294982 lr=0.000275077 elapsed=06:09 eta=03:00:18 val_mrr=0.531970
[TRAIN] 2026-04-23 12:40:57 step=2220/67071 (3.31%) epoch=1/3 epoch_step=2220/22357 (9.93%) loss=0.299827 lr=0.000277014 elapsed=06:10 eta=03:00:17 val_mrr=0.531970
[TRAIN] 2026-04-23 12:40:58 step=2230/67071 (3.32%) epoch=1/3 epoch_step=2230/22357 (9.97%) loss=0.290535 lr=0.000278956 elapsed=06:12 eta=03:00:04 val_mrr=0.531970
[TRAIN] 2026-04-23 12:41:00 step=2240/67071 (3.34%) epoch=1/3 epoch_step=2240/22357 (10.02%) loss=0.292554 lr=0.000280903 elapsed=06:13 eta=02:59:54 val_mrr=0.531970
[TRAIN] 2026-04-23 12:41:01 step=2250/67071 (3.35%) epoch=1/3 epoch_step=2250/22357 (10.06%) loss=0.329360 lr=0.000282855 elapsed=06:14 eta=02:59:42 val_mrr=0.531970
[TRAIN] 2026-04-23 12:41:02 step=2260/67071 (3.37%) epoch=1/3 epoch_step=2260/22357 (10.11%) loss=0.340902 lr=0.000284813 elapsed=06:16 eta=02:59:30 val_mrr=0.531970
[TRAIN] 2026-04-23 12:41:04 step=2270/67071 (3.38%) epoch=1/3 epoch_step=2270/22357 (10.15%) loss=0.310488 lr=0.000286776 elapsed=06:17 eta=02:59:17 val_mrr=0.531970
[TRAIN] 2026-04-23 12:41:05 step=2280/67071 (3.40%) epoch=1/3 epoch_step=2280/22357 (10.20%) loss=0.307650 lr=0.000288744 elapsed=06:18 eta=02:59:06 val_mrr=0.531970
[TRAIN] 2026-04-23 12:41:06 step=2290/67071 (3.41%) epoch=1/3 epoch_step=2290/22357 (10.24%) loss=0.285446 lr=0.000290717 elapsed=06:19 eta=02:58:54 val_mrr=0.531970
[TRAIN] 2026-04-23 12:41:09 step=2300/67071 (3.43%) epoch=1/3 epoch_step=2300/22357 (10.29%) loss=0.264601 lr=0.000292695 elapsed=06:22 eta=02:59:31 val_mrr=0.531970
[TRAIN] 2026-04-23 12:41:11 step=2310/67071 (3.44%) epoch=1/3 epoch_step=2310/22357 (10.33%) loss=0.285018 lr=0.000294678 elapsed=06:24 eta=02:59:28 val_mrr=0.531970
[TRAIN] 2026-04-23 12:41:12 step=2320/67071 (3.46%) epoch=1/3 epoch_step=2320/22357 (10.38%) loss=0.273470 lr=0.000296666 elapsed=06:26 eta=02:59:19 val_mrr=0.531970
[TRAIN] 2026-04-23 12:41:14 step=2330/67071 (3.47%) epoch=1/3 epoch_step=2330/22357 (10.42%) loss=0.323942 lr=0.000298659 elapsed=06:27 eta=02:59:09 val_mrr=0.531970
[TRAIN] 2026-04-23 12:41:15 step=2340/67071 (3.49%) epoch=1/3 epoch_step=2340/22357 (10.47%) loss=0.240437 lr=0.000300656 elapsed=06:28 eta=02:58:58 val_mrr=0.531970
[TRAIN] 2026-04-23 12:41:16 step=2350/67071 (3.50%) epoch=1/3 epoch_step=2350/22357 (10.51%) loss=0.269735 lr=0.000302659 elapsed=06:29 eta=02:58:47 val_mrr=0.531970
[TRAIN] 2026-04-23 12:41:18 step=2360/67071 (3.52%) epoch=1/3 epoch_step=2360/22357 (10.56%) loss=0.290353 lr=0.000304666 elapsed=06:31 eta=02:58:37 val_mrr=0.531970
[TRAIN] 2026-04-23 12:41:19 step=2370/67071 (3.53%) epoch=1/3 epoch_step=2370/22357 (10.60%) loss=0.293616 lr=0.000306678 elapsed=06:32 eta=02:58:24 val_mrr=0.531970
[TRAIN] 2026-04-23 12:41:20 step=2380/67071 (3.55%) epoch=1/3 epoch_step=2380/22357 (10.65%) loss=0.296928 lr=0.000308695 elapsed=06:33 eta=02:58:14 val_mrr=0.531970
[TRAIN] 2026-04-23 12:41:22 step=2390/67071 (3.56%) epoch=1/3 epoch_step=2390/22357 (10.69%) loss=0.266530 lr=0.000310716 elapsed=06:35 eta=02:58:12 val_mrr=0.531970
[TRAIN] 2026-04-23 12:41:25 step=2400/67071 (3.58%) epoch=1/3 epoch_step=2400/22357 (10.73%) loss=0.313231 lr=0.000312742 elapsed=06:38 eta=02:58:49 val_mrr=0.531970
[TRAIN] 2026-04-23 12:41:26 step=2410/67071 (3.59%) epoch=1/3 epoch_step=2410/22357 (10.78%) loss=0.297781 lr=0.000314773 elapsed=06:39 eta=02:58:37 val_mrr=0.531970
[TRAIN] 2026-04-23 12:41:27 step=2420/67071 (3.61%) epoch=1/3 epoch_step=2420/22357 (10.82%) loss=0.331925 lr=0.000316808 elapsed=06:41 eta=02:58:26 val_mrr=0.531970
[TRAIN] 2026-04-23 12:41:29 step=2430/67071 (3.62%) epoch=1/3 epoch_step=2430/22357 (10.87%) loss=0.309066 lr=0.000318847 elapsed=06:42 eta=02:58:14 val_mrr=0.531970
[TRAIN] 2026-04-23 12:41:30 step=2440/67071 (3.64%) epoch=1/3 epoch_step=2440/22357 (10.91%) loss=0.281111 lr=0.000320891 elapsed=06:43 eta=02:58:03 val_mrr=0.531970
[TRAIN] 2026-04-23 12:41:31 step=2450/67071 (3.65%) epoch=1/3 epoch_step=2450/22357 (10.96%) loss=0.286670 lr=0.000322939 elapsed=06:45 eta=02:57:52 val_mrr=0.531970
[TRAIN] 2026-04-23 12:41:33 step=2460/67071 (3.67%) epoch=1/3 epoch_step=2460/22357 (11.00%) loss=0.280241 lr=0.000324992 elapsed=06:46 eta=02:57:41 val_mrr=0.531970
[TRAIN] 2026-04-23 12:41:34 step=2470/67071 (3.68%) epoch=1/3 epoch_step=2470/22357 (11.05%) loss=0.314144 lr=0.000327049 elapsed=06:47 eta=02:57:29 val_mrr=0.531970
[TRAIN] 2026-04-23 12:41:35 step=2480/67071 (3.70%) epoch=1/3 epoch_step=2480/22357 (11.09%) loss=0.285606 lr=0.00032911 elapsed=06:48 eta=02:57:18 val_mrr=0.531970
[TRAIN] 2026-04-23 12:41:37 step=2490/67071 (3.71%) epoch=1/3 epoch_step=2490/22357 (11.14%) loss=0.304342 lr=0.000331175 elapsed=06:50 eta=02:57:14 val_mrr=0.531970
[STAGE] 2026-04-23 12:41:38 val prep subsets global=50000 art_art=1986 art_any=50000
[STAGE] 2026-04-23 12:41:39 val prep negatives global=50000 art_art=1986 art_any=50000
[STAGE] 2026-04-23 12:41:39 val prep unique_entities=136236
[STAGE] 2026-04-23 12:41:41 val prep entity_bank_ready unique_entities=136236 emb_dim=512
[STAGE] 2026-04-23 12:41:41 val start step=2500 epoch=0 task=relation_ranking subset=global triples=50000 batches=98 eval_batch_size=512
[STAGE] 2026-04-23 12:41:42 val start step=2500 epoch=0 task=triple_scoring subset=global triples=50000 batches=98 eval_batch_size=512
[STAGE] 2026-04-23 12:41:43 val start step=2500 epoch=0 task=relation_ranking subset=art_art triples=1986 batches=4 eval_batch_size=512
[STAGE] 2026-04-23 12:41:43 val start step=2500 epoch=0 task=triple_scoring subset=art_art triples=1986 batches=4 eval_batch_size=512
[STAGE] 2026-04-23 12:41:43 val start step=2500 epoch=0 task=relation_ranking subset=art_any triples=50000 batches=98 eval_batch_size=512
[STAGE] 2026-04-23 12:41:44 val start step=2500 epoch=0 task=triple_scoring subset=art_any triples=50000 batches=98 eval_batch_size=512
[VAL] 2026-04-23 12:41:44 step=2500 epoch=0 mrr=0.412021 aucpr=0.931239 art_art_mrr=0.113431 art_art_aucpr=0.731456 art_any_mrr=0.412031 art_any_aucpr=0.792974
[TRAIN] 2026-04-23 12:41:46 step=2500/67071 (3.73%) epoch=1/3 epoch_step=2500/22357 (11.18%) loss=0.283184 lr=0.000333244 elapsed=07:00 eta=03:00:36 val_mrr=0.531970
[TRAIN] 2026-04-23 12:41:48 step=2510/67071 (3.74%) epoch=1/3 epoch_step=2510/22357 (11.23%) loss=0.292266 lr=0.000335318 elapsed=07:01 eta=03:00:24 val_mrr=0.531970
[TRAIN] 2026-04-23 12:41:49 step=2520/67071 (3.76%) epoch=1/3 epoch_step=2520/22357 (11.27%) loss=0.280406 lr=0.000337395 elapsed=07:02 eta=03:00:12 val_mrr=0.531970
[TRAIN] 2026-04-23 12:41:50 step=2530/67071 (3.77%) epoch=1/3 epoch_step=2530/22357 (11.32%) loss=0.285725 lr=0.000339477 elapsed=07:03 eta=03:00:00 val_mrr=0.531970
[TRAIN] 2026-04-23 12:41:51 step=2540/67071 (3.79%) epoch=1/3 epoch_step=2540/22357 (11.36%) loss=0.280608 lr=0.000341562 elapsed=07:05 eta=02:59:49 val_mrr=0.531970
[TRAIN] 2026-04-23 12:41:53 step=2550/67071 (3.80%) epoch=1/3 epoch_step=2550/22357 (11.41%) loss=0.284944 lr=0.000343652 elapsed=07:06 eta=02:59:36 val_mrr=0.531970
[TRAIN] 2026-04-23 12:41:54 step=2560/67071 (3.82%) epoch=1/3 epoch_step=2560/22357 (11.45%) loss=0.281914 lr=0.000345745 elapsed=07:08 eta=02:59:33 val_mrr=0.531970
[TRAIN] 2026-04-23 12:41:55 step=2570/67071 (3.83%) epoch=1/3 epoch_step=2570/22357 (11.50%) loss=0.285804 lr=0.000347842 elapsed=07:09 eta=02:59:21 val_mrr=0.531970
[TRAIN] 2026-04-23 12:41:57 step=2580/67071 (3.85%) epoch=1/3 epoch_step=2580/22357 (11.54%) loss=0.308331 lr=0.000349943 elapsed=07:10 eta=02:59:09 val_mrr=0.531970
[TRAIN] 2026-04-23 12:41:58 step=2590/67071 (3.86%) epoch=1/3 epoch_step=2590/22357 (11.58%) loss=0.306596 lr=0.000352048 elapsed=07:11 eta=02:58:59 val_mrr=0.531970
[TRAIN] 2026-04-23 12:42:01 step=2600/67071 (3.88%) epoch=1/3 epoch_step=2600/22357 (11.63%) loss=0.272827 lr=0.000354156 elapsed=07:14 eta=02:59:32 val_mrr=0.531970
[TRAIN] 2026-04-23 12:42:02 step=2610/67071 (3.89%) epoch=1/3 epoch_step=2610/22357 (11.67%) loss=0.261329 lr=0.000356268 elapsed=07:16 eta=02:59:19 val_mrr=0.531970
[TRAIN] 2026-04-23 12:42:04 step=2620/67071 (3.91%) epoch=1/3 epoch_step=2620/22357 (11.72%) loss=0.262989 lr=0.000358384 elapsed=07:17 eta=02:59:09 val_mrr=0.531970
[TRAIN] 2026-04-23 12:42:05 step=2630/67071 (3.92%) epoch=1/3 epoch_step=2630/22357 (11.76%) loss=0.278488 lr=0.000360503 elapsed=07:18 eta=02:58:59 val_mrr=0.531970
[TRAIN] 2026-04-23 12:42:06 step=2640/67071 (3.94%) epoch=1/3 epoch_step=2640/22357 (11.81%) loss=0.281121 lr=0.000362626 elapsed=07:20 eta=02:58:49 val_mrr=0.531970
[TRAIN] 2026-04-23 12:42:08 step=2650/67071 (3.95%) epoch=1/3 epoch_step=2650/22357 (11.85%) loss=0.304852 lr=0.000364752 elapsed=07:21 eta=02:58:48 val_mrr=0.531970
[TRAIN] 2026-04-23 12:42:09 step=2660/67071 (3.97%) epoch=1/3 epoch_step=2660/22357 (11.90%) loss=0.264275 lr=0.000366881 elapsed=07:23 eta=02:58:36 val_mrr=0.531970
[TRAIN] 2026-04-23 12:42:11 step=2670/67071 (3.98%) epoch=1/3 epoch_step=2670/22357 (11.94%) loss=0.263082 lr=0.000369014 elapsed=07:24 eta=02:58:25 val_mrr=0.531970
[TRAIN] 2026-04-23 12:42:12 step=2680/67071 (4.00%) epoch=1/3 epoch_step=2680/22357 (11.99%) loss=0.296128 lr=0.00037115 elapsed=07:25 eta=02:58:14 val_mrr=0.531970
[TRAIN] 2026-04-23 12:42:13 step=2690/67071 (4.01%) epoch=1/3 epoch_step=2690/22357 (12.03%) loss=0.256951 lr=0.00037329 elapsed=07:26 eta=02:58:03 val_mrr=0.531970
[TRAIN] 2026-04-23 12:42:16 step=2700/67071 (4.03%) epoch=1/3 epoch_step=2700/22357 (12.08%) loss=0.259547 lr=0.000375432 elapsed=07:30 eta=02:58:37 val_mrr=0.531970
[TRAIN] 2026-04-23 12:42:17 step=2710/67071 (4.04%) epoch=1/3 epoch_step=2710/22357 (12.12%) loss=0.253180 lr=0.000377578 elapsed=07:31 eta=02:58:26 val_mrr=0.531970
[TRAIN] 2026-04-23 12:42:19 step=2720/67071 (4.06%) epoch=1/3 epoch_step=2720/22357 (12.17%) loss=0.293109 lr=0.000379727 elapsed=07:32 eta=02:58:15 val_mrr=0.531970
[TRAIN] 2026-04-23 12:42:20 step=2730/67071 (4.07%) epoch=1/3 epoch_step=2730/22357 (12.21%) loss=0.292427 lr=0.000381879 elapsed=07:33 eta=02:58:06 val_mrr=0.531970
[TRAIN] 2026-04-23 12:42:21 step=2740/67071 (4.09%) epoch=1/3 epoch_step=2740/22357 (12.26%) loss=0.248012 lr=0.000384034 elapsed=07:35 eta=02:57:56 val_mrr=0.531970
[TRAIN] 2026-04-23 12:42:23 step=2750/67071 (4.10%) epoch=1/3 epoch_step=2750/22357 (12.30%) loss=0.249884 lr=0.000386192 elapsed=07:36 eta=02:57:56 val_mrr=0.531970
[TRAIN] 2026-04-23 12:42:24 step=2760/67071 (4.12%) epoch=1/3 epoch_step=2760/22357 (12.35%) loss=0.283716 lr=0.000388353 elapsed=07:38 eta=02:57:46 val_mrr=0.531970
[TRAIN] 2026-04-23 12:42:26 step=2770/67071 (4.13%) epoch=1/3 epoch_step=2770/22357 (12.39%) loss=0.247146 lr=0.000390517 elapsed=07:39 eta=02:57:36 val_mrr=0.531970
[TRAIN] 2026-04-23 12:42:27 step=2780/67071 (4.14%) epoch=1/3 epoch_step=2780/22357 (12.43%) loss=0.253384 lr=0.000392684 elapsed=07:40 eta=02:57:26 val_mrr=0.531970
[TRAIN] 2026-04-23 12:42:28 step=2790/67071 (4.16%) epoch=1/3 epoch_step=2790/22357 (12.48%) loss=0.300403 lr=0.000394853 elapsed=07:42 eta=02:57:15 val_mrr=0.531970
[TRAIN] 2026-04-23 12:42:31 step=2800/67071 (4.17%) epoch=1/3 epoch_step=2800/22357 (12.52%) loss=0.271065 lr=0.000397025 elapsed=07:45 eta=02:57:47 val_mrr=0.531970
[TRAIN] 2026-04-23 12:42:33 step=2810/67071 (4.19%) epoch=1/3 epoch_step=2810/22357 (12.57%) loss=0.296899 lr=0.0003992 elapsed=07:46 eta=02:57:36 val_mrr=0.531970
[TRAIN] 2026-04-23 12:42:34 step=2820/67071 (4.20%) epoch=1/3 epoch_step=2820/22357 (12.61%) loss=0.257434 lr=0.000401378 elapsed=07:47 eta=02:57:26 val_mrr=0.531970
[TRAIN] 2026-04-23 12:42:35 step=2830/67071 (4.22%) epoch=1/3 epoch_step=2830/22357 (12.66%) loss=0.253955 lr=0.000403558 elapsed=07:49 eta=02:57:15 val_mrr=0.531970
[TRAIN] 2026-04-23 12:42:37 step=2840/67071 (4.23%) epoch=1/3 epoch_step=2840/22357 (12.70%) loss=0.295476 lr=0.000405741 elapsed=07:50 eta=02:57:13 val_mrr=0.531970
[TRAIN] 2026-04-23 12:42:38 step=2850/67071 (4.25%) epoch=1/3 epoch_step=2850/22357 (12.75%) loss=0.260958 lr=0.000407926 elapsed=07:51 eta=02:57:03 val_mrr=0.531970
[TRAIN] 2026-04-23 12:42:39 step=2860/67071 (4.26%) epoch=1/3 epoch_step=2860/22357 (12.79%) loss=0.255365 lr=0.000410114 elapsed=07:53 eta=02:56:52 val_mrr=0.531970
[TRAIN] 2026-04-23 12:42:41 step=2870/67071 (4.28%) epoch=1/3 epoch_step=2870/22357 (12.84%) loss=0.268567 lr=0.000412304 elapsed=07:54 eta=02:56:42 val_mrr=0.531970
[TRAIN] 2026-04-23 12:42:42 step=2880/67071 (4.29%) epoch=1/3 epoch_step=2880/22357 (12.88%) loss=0.261697 lr=0.000414496 elapsed=07:55 eta=02:56:31 val_mrr=0.531970
[TRAIN] 2026-04-23 12:42:43 step=2890/67071 (4.31%) epoch=1/3 epoch_step=2890/22357 (12.93%) loss=0.251112 lr=0.000416691 elapsed=07:57 eta=02:56:22 val_mrr=0.531970
[TRAIN] 2026-04-23 12:42:46 step=2900/67071 (4.32%) epoch=1/3 epoch_step=2900/22357 (12.97%) loss=0.256900 lr=0.000418888 elapsed=08:00 eta=02:56:51 val_mrr=0.531970
[TRAIN] 2026-04-23 12:42:48 step=2910/67071 (4.34%) epoch=1/3 epoch_step=2910/22357 (13.02%) loss=0.280499 lr=0.000421088 elapsed=08:01 eta=02:56:41 val_mrr=0.531970
[TRAIN] 2026-04-23 12:42:49 step=2920/67071 (4.35%) epoch=1/3 epoch_step=2920/22357 (13.06%) loss=0.254378 lr=0.000423289 elapsed=08:02 eta=02:56:31 val_mrr=0.531970
[TRAIN] 2026-04-23 12:42:50 step=2930/67071 (4.37%) epoch=1/3 epoch_step=2930/22357 (13.11%) loss=0.283289 lr=0.000425493 elapsed=08:04 eta=02:56:28 val_mrr=0.531970
[TRAIN] 2026-04-23 12:42:52 step=2940/67071 (4.38%) epoch=1/3 epoch_step=2940/22357 (13.15%) loss=0.240707 lr=0.000427698 elapsed=08:05 eta=02:56:20 val_mrr=0.531970
[TRAIN] 2026-04-23 12:42:53 step=2950/67071 (4.40%) epoch=1/3 epoch_step=2950/22357 (13.19%) loss=0.280692 lr=0.000429906 elapsed=08:06 eta=02:56:10 val_mrr=0.531970
[TRAIN] 2026-04-23 12:42:54 step=2960/67071 (4.41%) epoch=1/3 epoch_step=2960/22357 (13.24%) loss=0.256554 lr=0.000432116 elapsed=08:08 eta=02:56:01 val_mrr=0.531970
[TRAIN] 2026-04-23 12:42:56 step=2970/67071 (4.43%) epoch=1/3 epoch_step=2970/22357 (13.28%) loss=0.253125 lr=0.000434327 elapsed=08:09 eta=02:55:51 val_mrr=0.531970
[TRAIN] 2026-04-23 12:42:57 step=2980/67071 (4.44%) epoch=1/3 epoch_step=2980/22357 (13.33%) loss=0.319171 lr=0.000436541 elapsed=08:10 eta=02:55:43 val_mrr=0.531970
[TRAIN] 2026-04-23 12:42:58 step=2990/67071 (4.46%) epoch=1/3 epoch_step=2990/22357 (13.37%) loss=0.298351 lr=0.000438756 elapsed=08:12 eta=02:55:34 val_mrr=0.531970
[STAGE] 2026-04-23 12:43:00 val prep subsets global=50000 art_art=1986 art_any=50000
[STAGE] 2026-04-23 12:43:00 val prep negatives global=50000 art_art=1986 art_any=50000
[STAGE] 2026-04-23 12:43:00 val prep unique_entities=136072
[STAGE] 2026-04-23 12:43:03 val prep entity_bank_ready unique_entities=136072 emb_dim=512
[STAGE] 2026-04-23 12:43:03 val start step=3000 epoch=0 task=relation_ranking subset=global triples=50000 batches=98 eval_batch_size=512
[STAGE] 2026-04-23 12:43:04 val start step=3000 epoch=0 task=triple_scoring subset=global triples=50000 batches=98 eval_batch_size=512
[STAGE] 2026-04-23 12:43:05 val start step=3000 epoch=0 task=relation_ranking subset=art_art triples=1986 batches=4 eval_batch_size=512
[STAGE] 2026-04-23 12:43:05 val start step=3000 epoch=0 task=triple_scoring subset=art_art triples=1986 batches=4 eval_batch_size=512
[STAGE] 2026-04-23 12:43:05 val start step=3000 epoch=0 task=relation_ranking subset=art_any triples=50000 batches=98 eval_batch_size=512
[STAGE] 2026-04-23 12:43:06 val start step=3000 epoch=0 task=triple_scoring subset=art_any triples=50000 batches=98 eval_batch_size=512
[VAL] 2026-04-23 12:43:06 step=3000 epoch=0 mrr=0.566587 aucpr=0.938085 art_art_mrr=0.318651 art_art_aucpr=0.803412 art_any_mrr=0.566597 art_any_aucpr=0.810464
[TRAIN] 2026-04-23 12:43:10 step=3000/67071 (4.47%) epoch=1/3 epoch_step=3000/22357 (13.42%) loss=0.301497 lr=0.000440973 elapsed=08:23 eta=02:59:11 val_mrr=0.566587
[TRAIN] 2026-04-23 12:43:11 step=3010/67071 (4.49%) epoch=1/3 epoch_step=3010/22357 (13.46%) loss=0.260701 lr=0.000443192 elapsed=08:25 eta=02:59:03 val_mrr=0.566587
[TRAIN] 2026-04-23 12:43:13 step=3020/67071 (4.50%) epoch=1/3 epoch_step=3020/22357 (13.51%) loss=0.246908 lr=0.000445412 elapsed=08:26 eta=02:58:54 val_mrr=0.566587
[TRAIN] 2026-04-23 12:43:14 step=3030/67071 (4.52%) epoch=1/3 epoch_step=3030/22357 (13.55%) loss=0.257664 lr=0.000447634 elapsed=08:27 eta=02:58:45 val_mrr=0.566587
[TRAIN] 2026-04-23 12:43:15 step=3040/67071 (4.53%) epoch=1/3 epoch_step=3040/22357 (13.60%) loss=0.266180 lr=0.000449858 elapsed=08:29 eta=02:58:36 val_mrr=0.566587
[TRAIN] 2026-04-23 12:43:17 step=3050/67071 (4.55%) epoch=1/3 epoch_step=3050/22357 (13.64%) loss=0.253362 lr=0.000452083 elapsed=08:30 eta=02:58:26 val_mrr=0.566587
[TRAIN] 2026-04-23 12:43:18 step=3060/67071 (4.56%) epoch=1/3 epoch_step=3060/22357 (13.69%) loss=0.254198 lr=0.00045431 elapsed=08:31 eta=02:58:17 val_mrr=0.566587
[TRAIN] 2026-04-23 12:43:19 step=3070/67071 (4.58%) epoch=1/3 epoch_step=3070/22357 (13.73%) loss=0.234862 lr=0.000456538 elapsed=08:33 eta=02:58:08 val_mrr=0.566587
[TRAIN] 2026-04-23 12:43:21 step=3080/67071 (4.59%) epoch=1/3 epoch_step=3080/22357 (13.78%) loss=0.247984 lr=0.000458768 elapsed=08:34 eta=02:57:58 val_mrr=0.566587
[TRAIN] 2026-04-23 12:43:22 step=3090/67071 (4.61%) epoch=1/3 epoch_step=3090/22357 (13.82%) loss=0.250391 lr=0.000460999 elapsed=08:36 eta=02:57:56 val_mrr=0.566587
[TRAIN] 2026-04-23 12:43:26 step=3100/67071 (4.62%) epoch=1/3 epoch_step=3100/22357 (13.87%) loss=0.258568 lr=0.000463231 elapsed=08:39 eta=02:58:27 val_mrr=0.566587
[TRAIN] 2026-04-23 12:43:27 step=3110/67071 (4.64%) epoch=1/3 epoch_step=3110/22357 (13.91%) loss=0.251978 lr=0.000465465 elapsed=08:40 eta=02:58:18 val_mrr=0.566587
[TRAIN] 2026-04-23 12:43:28 step=3120/67071 (4.65%) epoch=1/3 epoch_step=3120/22357 (13.96%) loss=0.294063 lr=0.000467699 elapsed=08:42 eta=02:58:12 val_mrr=0.566587
[TRAIN] 2026-04-23 12:43:30 step=3130/67071 (4.67%) epoch=1/3 epoch_step=3130/22357 (14.00%) loss=0.244748 lr=0.000469935 elapsed=08:43 eta=02:58:02 val_mrr=0.566587
[TRAIN] 2026-04-23 12:43:31 step=3140/67071 (4.68%) epoch=1/3 epoch_step=3140/22357 (14.04%) loss=0.301593 lr=0.000472172 elapsed=08:44 eta=02:57:53 val_mrr=0.566587
[TRAIN] 2026-04-23 12:43:32 step=3150/67071 (4.70%) epoch=1/3 epoch_step=3150/22357 (14.09%) loss=0.254820 lr=0.00047441 elapsed=08:46 eta=02:57:44 val_mrr=0.566587
[TRAIN] 2026-04-23 12:43:33 step=3160/67071 (4.71%) epoch=1/3 epoch_step=3160/22357 (14.13%) loss=0.261549 lr=0.000476649 elapsed=08:47 eta=02:57:34 val_mrr=0.566587
[TRAIN] 2026-04-23 12:43:35 step=3170/67071 (4.73%) epoch=1/3 epoch_step=3170/22357 (14.18%) loss=0.248444 lr=0.000478889 elapsed=08:48 eta=02:57:25 val_mrr=0.566587
[TRAIN] 2026-04-23 12:43:36 step=3180/67071 (4.74%) epoch=1/3 epoch_step=3180/22357 (14.22%) loss=0.238465 lr=0.00048113 elapsed=08:49 eta=02:57:16 val_mrr=0.566587
[TRAIN] 2026-04-23 12:43:38 step=3190/67071 (4.76%) epoch=1/3 epoch_step=3190/22357 (14.27%) loss=0.231329 lr=0.000483371 elapsed=08:51 eta=02:57:13 val_mrr=0.566587
[TRAIN] 2026-04-23 12:43:41 step=3200/67071 (4.77%) epoch=1/3 epoch_step=3200/22357 (14.31%) loss=0.273748 lr=0.000485614 elapsed=08:54 eta=02:57:42 val_mrr=0.566587
[TRAIN] 2026-04-23 12:43:42 step=3210/67071 (4.79%) epoch=1/3 epoch_step=3210/22357 (14.36%) loss=0.260074 lr=0.000487857 elapsed=08:56 eta=02:57:34 val_mrr=0.566587
[TRAIN] 2026-04-23 12:43:44 step=3220/67071 (4.80%) epoch=1/3 epoch_step=3220/22357 (14.40%) loss=0.279892 lr=0.000490101 elapsed=08:57 eta=02:57:27 val_mrr=0.566587
[TRAIN] 2026-04-23 12:43:45 step=3230/67071 (4.82%) epoch=1/3 epoch_step=3230/22357 (14.45%) loss=0.230179 lr=0.000492346 elapsed=08:58 eta=02:57:18 val_mrr=0.566587
[TRAIN] 2026-04-23 12:43:46 step=3240/67071 (4.83%) epoch=1/3 epoch_step=3240/22357 (14.49%) loss=0.263095 lr=0.000494591 elapsed=08:59 eta=02:57:08 val_mrr=0.566587
[TRAIN] 2026-04-23 12:43:47 step=3250/67071 (4.85%) epoch=1/3 epoch_step=3250/22357 (14.54%) loss=0.268735 lr=0.000496837 elapsed=09:01 eta=02:56:59 val_mrr=0.566587
[TRAIN] 2026-04-23 12:43:49 step=3260/67071 (4.86%) epoch=1/3 epoch_step=3260/22357 (14.58%) loss=0.260374 lr=0.000499083 elapsed=09:02 eta=02:56:51 val_mrr=0.566587
[TRAIN] 2026-04-23 12:43:50 step=3270/67071 (4.88%) epoch=1/3 epoch_step=3270/22357 (14.63%) loss=0.259433 lr=0.00050133 elapsed=09:03 eta=02:56:42 val_mrr=0.566587
[TRAIN] 2026-04-23 12:43:51 step=3280/67071 (4.89%) epoch=1/3 epoch_step=3280/22357 (14.67%) loss=0.241979 lr=0.000503577 elapsed=09:05 eta=02:56:33 val_mrr=0.566587
[TRAIN] 2026-04-23 12:43:53 step=3290/67071 (4.91%) epoch=1/3 epoch_step=3290/22357 (14.72%) loss=0.242194 lr=0.000505824 elapsed=09:06 eta=02:56:31 val_mrr=0.566587
[TRAIN] 2026-04-23 12:43:56 step=3300/67071 (4.92%) epoch=1/3 epoch_step=3300/22357 (14.76%) loss=0.282087 lr=0.000508072 elapsed=09:10 eta=02:57:00 val_mrr=0.566587
[TRAIN] 2026-04-23 12:43:58 step=3310/67071 (4.94%) epoch=1/3 epoch_step=3310/22357 (14.81%) loss=0.273900 lr=0.00051032 elapsed=09:11 eta=02:56:50 val_mrr=0.566587
[TRAIN] 2026-04-23 12:43:59 step=3320/67071 (4.95%) epoch=1/3 epoch_step=3320/22357 (14.85%) loss=0.260569 lr=0.000512569 elapsed=09:12 eta=02:56:41 val_mrr=0.566587
[TRAIN] 2026-04-23 12:44:00 step=3330/67071 (4.96%) epoch=1/3 epoch_step=3330/22357 (14.89%) loss=0.270865 lr=0.000514817 elapsed=09:13 eta=02:56:32 val_mrr=0.566587
[TRAIN] 2026-04-23 12:44:01 step=3340/67071 (4.98%) epoch=1/3 epoch_step=3340/22357 (14.94%) loss=0.294359 lr=0.000517066 elapsed=09:15 eta=02:56:24 val_mrr=0.566587
[TRAIN] 2026-04-23 12:44:03 step=3350/67071 (4.99%) epoch=1/3 epoch_step=3350/22357 (14.98%) loss=0.247513 lr=0.000519314 elapsed=09:16 eta=02:56:15 val_mrr=0.566587
[TRAIN] 2026-04-23 12:44:04 step=3360/67071 (5.01%) epoch=1/3 epoch_step=3360/22357 (15.03%) loss=0.259264 lr=0.000521563 elapsed=09:17 eta=02:56:06 val_mrr=0.566587
[TRAIN] 2026-04-23 12:44:05 step=3370/67071 (5.02%) epoch=1/3 epoch_step=3370/22357 (15.07%) loss=0.236492 lr=0.000523811 elapsed=09:19 eta=02:55:58 val_mrr=0.566587
[TRAIN] 2026-04-23 12:44:07 step=3380/67071 (5.04%) epoch=1/3 epoch_step=3380/22357 (15.12%) loss=0.261535 lr=0.00052606 elapsed=09:20 eta=02:55:57 val_mrr=0.566587
[TRAIN] 2026-04-23 12:44:08 step=3390/67071 (5.05%) epoch=1/3 epoch_step=3390/22357 (15.16%) loss=0.253507 lr=0.000528308 elapsed=09:22 eta=02:55:49 val_mrr=0.566587
[TRAIN] 2026-04-23 12:44:11 step=3400/67071 (5.07%) epoch=1/3 epoch_step=3400/22357 (15.21%) loss=0.316000 lr=0.000530557 elapsed=09:25 eta=02:56:15 val_mrr=0.566587
[TRAIN] 2026-04-23 12:44:13 step=3410/67071 (5.08%) epoch=1/3 epoch_step=3410/22357 (15.25%) loss=0.239996 lr=0.000532805 elapsed=09:26 eta=02:56:07 val_mrr=0.566587
[TRAIN] 2026-04-23 12:44:14 step=3420/67071 (5.10%) epoch=1/3 epoch_step=3420/22357 (15.30%) loss=0.294486 lr=0.000535052 elapsed=09:27 eta=02:55:58 val_mrr=0.566587
[TRAIN] 2026-04-23 12:44:15 step=3430/67071 (5.11%) epoch=1/3 epoch_step=3430/22357 (15.34%) loss=0.263225 lr=0.0005373 elapsed=09:29 eta=02:55:50 val_mrr=0.566587
[TRAIN] 2026-04-23 12:44:17 step=3440/67071 (5.13%) epoch=1/3 epoch_step=3440/22357 (15.39%) loss=0.233095 lr=0.000539547 elapsed=09:30 eta=02:55:42 val_mrr=0.566587
[TRAIN] 2026-04-23 12:44:18 step=3450/67071 (5.14%) epoch=1/3 epoch_step=3450/22357 (15.43%) loss=0.283204 lr=0.000541793 elapsed=09:31 eta=02:55:34 val_mrr=0.566587
[TRAIN] 2026-04-23 12:44:19 step=3460/67071 (5.16%) epoch=1/3 epoch_step=3460/22357 (15.48%) loss=0.268291 lr=0.000544039 elapsed=09:33 eta=02:55:25 val_mrr=0.566587
[TRAIN] 2026-04-23 12:44:21 step=3470/67071 (5.17%) epoch=1/3 epoch_step=3470/22357 (15.52%) loss=0.240900 lr=0.000546285 elapsed=09:34 eta=02:55:22 val_mrr=0.566587
[TRAIN] 2026-04-23 12:44:22 step=3480/67071 (5.19%) epoch=1/3 epoch_step=3480/22357 (15.57%) loss=0.247068 lr=0.00054853 elapsed=09:35 eta=02:55:15 val_mrr=0.566587
[TRAIN] 2026-04-23 12:44:23 step=3490/67071 (5.20%) epoch=1/3 epoch_step=3490/22357 (15.61%) loss=0.256502 lr=0.000550774 elapsed=09:37 eta=02:55:07 val_mrr=0.566587
[STAGE] 2026-04-23 12:44:25 val prep subsets global=50000 art_art=1986 art_any=50000
[STAGE] 2026-04-23 12:44:25 val prep negatives global=50000 art_art=1986 art_any=50000
[STAGE] 2026-04-23 12:44:25 val prep unique_entities=136083
[STAGE] 2026-04-23 12:44:28 val prep entity_bank_ready unique_entities=136083 emb_dim=512
[STAGE] 2026-04-23 12:44:28 val start step=3500 epoch=0 task=relation_ranking subset=global triples=50000 batches=98 eval_batch_size=512
[STAGE] 2026-04-23 12:44:29 val start step=3500 epoch=0 task=triple_scoring subset=global triples=50000 batches=98 eval_batch_size=512
[STAGE] 2026-04-23 12:44:29 val start step=3500 epoch=0 task=relation_ranking subset=art_art triples=1986 batches=4 eval_batch_size=512
[STAGE] 2026-04-23 12:44:29 val start step=3500 epoch=0 task=triple_scoring subset=art_art triples=1986 batches=4 eval_batch_size=512
[STAGE] 2026-04-23 12:44:29 val start step=3500 epoch=0 task=relation_ranking subset=art_any triples=50000 batches=98 eval_batch_size=512
[STAGE] 2026-04-23 12:44:31 val start step=3500 epoch=0 task=triple_scoring subset=art_any triples=50000 batches=98 eval_batch_size=512
[VAL] 2026-04-23 12:44:31 step=3500 epoch=0 mrr=0.526684 aucpr=0.943696 art_art_mrr=0.383459 art_art_aucpr=0.832207 art_any_mrr=0.526703 art_any_aucpr=0.842669
[TRAIN] 2026-04-23 12:44:33 step=3500/67071 (5.22%) epoch=1/3 epoch_step=3500/22357 (15.66%) loss=0.265015 lr=0.000553018 elapsed=09:46 eta=02:57:30 val_mrr=0.566587
[TRAIN] 2026-04-23 12:44:34 step=3510/67071 (5.23%) epoch=1/3 epoch_step=3510/22357 (15.70%) loss=0.240948 lr=0.000555261 elapsed=09:48 eta=02:57:21 val_mrr=0.566587
[TRAIN] 2026-04-23 12:44:36 step=3520/67071 (5.25%) epoch=1/3 epoch_step=3520/22357 (15.74%) loss=0.297514 lr=0.000557503 elapsed=09:49 eta=02:57:12 val_mrr=0.566587
[TRAIN] 2026-04-23 12:44:37 step=3530/67071 (5.26%) epoch=1/3 epoch_step=3530/22357 (15.79%) loss=0.282744 lr=0.000559744 elapsed=09:50 eta=02:57:03 val_mrr=0.566587
[TRAIN] 2026-04-23 12:44:38 step=3540/67071 (5.28%) epoch=1/3 epoch_step=3540/22357 (15.83%) loss=0.241137 lr=0.000561985 elapsed=09:51 eta=02:56:54 val_mrr=0.566587
[TRAIN] 2026-04-23 12:44:40 step=3550/67071 (5.29%) epoch=1/3 epoch_step=3550/22357 (15.88%) loss=0.228895 lr=0.000564224 elapsed=09:53 eta=02:56:52 val_mrr=0.566587
[TRAIN] 2026-04-23 12:44:41 step=3560/67071 (5.31%) epoch=1/3 epoch_step=3560/22357 (15.92%) loss=0.251780 lr=0.000566463 elapsed=09:54 eta=02:56:43 val_mrr=0.566587
[TRAIN] 2026-04-23 12:44:42 step=3570/67071 (5.32%) epoch=1/3 epoch_step=3570/22357 (15.97%) loss=0.254113 lr=0.0005687 elapsed=09:56 eta=02:56:34 val_mrr=0.566587
[TRAIN] 2026-04-23 12:44:44 step=3580/67071 (5.34%) epoch=1/3 epoch_step=3580/22357 (16.01%) loss=0.258151 lr=0.000570937 elapsed=09:57 eta=02:56:26 val_mrr=0.566587
[TRAIN] 2026-04-23 12:44:45 step=3590/67071 (5.35%) epoch=1/3 epoch_step=3590/22357 (16.06%) loss=0.230489 lr=0.000573172 elapsed=09:58 eta=02:56:17 val_mrr=0.566587
[TRAIN] 2026-04-23 12:44:48 step=3600/67071 (5.37%) epoch=1/3 epoch_step=3600/22357 (16.10%) loss=0.248745 lr=0.000575407 elapsed=10:01 eta=02:56:41 val_mrr=0.566587
[TRAIN] 2026-04-23 12:44:49 step=3610/67071 (5.38%) epoch=1/3 epoch_step=3610/22357 (16.15%) loss=0.263924 lr=0.00057764 elapsed=10:03 eta=02:56:33 val_mrr=0.566587
[TRAIN] 2026-04-23 12:44:51 step=3620/67071 (5.40%) epoch=1/3 epoch_step=3620/22357 (16.19%) loss=0.228176 lr=0.000579871 elapsed=10:04 eta=02:56:26 val_mrr=0.566587
[TRAIN] 2026-04-23 12:44:52 step=3630/67071 (5.41%) epoch=1/3 epoch_step=3630/22357 (16.24%) loss=0.247100 lr=0.000582102 elapsed=10:05 eta=02:56:17 val_mrr=0.566587
[TRAIN] 2026-04-23 12:44:54 step=3640/67071 (5.43%) epoch=1/3 epoch_step=3640/22357 (16.28%) loss=0.232216 lr=0.000584331 elapsed=10:07 eta=02:56:15 val_mrr=0.566587
[TRAIN] 2026-04-23 12:44:55 step=3650/67071 (5.44%) epoch=1/3 epoch_step=3650/22357 (16.33%) loss=0.240570 lr=0.000586558 elapsed=10:08 eta=02:56:07 val_mrr=0.566587
[TRAIN] 2026-04-23 12:44:56 step=3660/67071 (5.46%) epoch=1/3 epoch_step=3660/22357 (16.37%) loss=0.274954 lr=0.000588785 elapsed=10:09 eta=02:55:58 val_mrr=0.566587
[TRAIN] 2026-04-23 12:44:57 step=3670/67071 (5.47%) epoch=1/3 epoch_step=3670/22357 (16.42%) loss=0.257189 lr=0.000591009 elapsed=10:11 eta=02:55:51 val_mrr=0.566587
[TRAIN] 2026-04-23 12:44:59 step=3680/67071 (5.49%) epoch=1/3 epoch_step=3680/22357 (16.46%) loss=0.239123 lr=0.000593232 elapsed=10:12 eta=02:55:44 val_mrr=0.566587
[TRAIN] 2026-04-23 12:45:00 step=3690/67071 (5.50%) epoch=1/3 epoch_step=3690/22357 (16.50%) loss=0.217565 lr=0.000595454 elapsed=10:13 eta=02:55:37 val_mrr=0.566587
[TRAIN] 2026-04-23 12:45:03 step=3700/67071 (5.52%) epoch=1/3 epoch_step=3700/22357 (16.55%) loss=0.243693 lr=0.000597674 elapsed=10:17 eta=02:56:00 val_mrr=0.566587
[TRAIN] 2026-04-23 12:45:05 step=3710/67071 (5.53%) epoch=1/3 epoch_step=3710/22357 (16.59%) loss=0.251815 lr=0.000599892 elapsed=10:18 eta=02:55:53 val_mrr=0.566587
[TRAIN] 2026-04-23 12:45:06 step=3720/67071 (5.55%) epoch=1/3 epoch_step=3720/22357 (16.64%) loss=0.284012 lr=0.000602108 elapsed=10:19 eta=02:55:45 val_mrr=0.566587
[TRAIN] 2026-04-23 12:45:08 step=3730/67071 (5.56%) epoch=1/3 epoch_step=3730/22357 (16.68%) loss=0.238401 lr=0.000604323 elapsed=10:21 eta=02:55:46 val_mrr=0.566587
[TRAIN] 2026-04-23 12:45:09 step=3740/67071 (5.58%) epoch=1/3 epoch_step=3740/22357 (16.73%) loss=0.257909 lr=0.000606536 elapsed=10:22 eta=02:55:39 val_mrr=0.566587
[TRAIN] 2026-04-23 12:45:10 step=3750/67071 (5.59%) epoch=1/3 epoch_step=3750/22357 (16.77%) loss=0.235434 lr=0.000608746 elapsed=10:24 eta=02:55:31 val_mrr=0.566587
[TRAIN] 2026-04-23 12:45:12 step=3760/67071 (5.61%) epoch=1/3 epoch_step=3760/22357 (16.82%) loss=0.224071 lr=0.000610955 elapsed=10:25 eta=02:55:25 val_mrr=0.566587
[TRAIN] 2026-04-23 12:45:13 step=3770/67071 (5.62%) epoch=1/3 epoch_step=3770/22357 (16.86%) loss=0.233445 lr=0.000613162 elapsed=10:26 eta=02:55:17 val_mrr=0.566587
[TRAIN] 2026-04-23 12:45:14 step=3780/67071 (5.64%) epoch=1/3 epoch_step=3780/22357 (16.91%) loss=0.255673 lr=0.000615367 elapsed=10:28 eta=02:55:10 val_mrr=0.566587
[TRAIN] 2026-04-23 12:45:16 step=3790/67071 (5.65%) epoch=1/3 epoch_step=3790/22357 (16.95%) loss=0.241646 lr=0.00061757 elapsed=10:29 eta=02:55:03 val_mrr=0.566587
[TRAIN] 2026-04-23 12:45:19 step=3800/67071 (5.67%) epoch=1/3 epoch_step=3800/22357 (17.00%) loss=0.237494 lr=0.00061977 elapsed=10:32 eta=02:55:27 val_mrr=0.566587
[TRAIN] 2026-04-23 12:45:20 step=3810/67071 (5.68%) epoch=1/3 epoch_step=3810/22357 (17.04%) loss=0.253386 lr=0.000621969 elapsed=10:34 eta=02:55:20 val_mrr=0.566587
[TRAIN] 2026-04-23 12:45:22 step=3820/67071 (5.70%) epoch=1/3 epoch_step=3820/22357 (17.09%) loss=0.279153 lr=0.000624165 elapsed=10:36 eta=02:55:23 val_mrr=0.566587
[TRAIN] 2026-04-23 12:45:24 step=3830/67071 (5.71%) epoch=1/3 epoch_step=3830/22357 (17.13%) loss=0.228677 lr=0.000626359 elapsed=10:37 eta=02:55:16 val_mrr=0.566587
[TRAIN] 2026-04-23 12:45:25 step=3840/67071 (5.73%) epoch=1/3 epoch_step=3840/22357 (17.18%) loss=0.255097 lr=0.000628551 elapsed=10:38 eta=02:55:09 val_mrr=0.566587
[TRAIN] 2026-04-23 12:45:26 step=3850/67071 (5.74%) epoch=1/3 epoch_step=3850/22357 (17.22%) loss=0.271788 lr=0.00063074 elapsed=10:39 eta=02:55:01 val_mrr=0.566587
[TRAIN] 2026-04-23 12:45:28 step=3860/67071 (5.76%) epoch=1/3 epoch_step=3860/22357 (17.27%) loss=0.244410 lr=0.000632927 elapsed=10:41 eta=02:54:55 val_mrr=0.566587
[TRAIN] 2026-04-23 12:45:29 step=3870/67071 (5.77%) epoch=1/3 epoch_step=3870/22357 (17.31%) loss=0.280810 lr=0.000635111 elapsed=10:42 eta=02:54:48 val_mrr=0.566587
[TRAIN] 2026-04-23 12:45:30 step=3880/67071 (5.78%) epoch=1/3 epoch_step=3880/22357 (17.35%) loss=0.234884 lr=0.000637293 elapsed=10:44 eta=02:54:41 val_mrr=0.566587
[TRAIN] 2026-04-23 12:45:32 step=3890/67071 (5.80%) epoch=1/3 epoch_step=3890/22357 (17.40%) loss=0.216771 lr=0.000639472 elapsed=10:45 eta=02:54:35 val_mrr=0.566587
[TRAIN] 2026-04-23 12:45:35 step=3900/67071 (5.81%) epoch=1/3 epoch_step=3900/22357 (17.44%) loss=0.249301 lr=0.000641648 elapsed=10:48 eta=02:54:57 val_mrr=0.566587
[TRAIN] 2026-04-23 12:45:36 step=3910/67071 (5.83%) epoch=1/3 epoch_step=3910/22357 (17.49%) loss=0.230505 lr=0.000643822 elapsed=10:50 eta=02:54:56 val_mrr=0.566587
[TRAIN] 2026-04-23 12:45:38 step=3920/67071 (5.84%) epoch=1/3 epoch_step=3920/22357 (17.53%) loss=0.252692 lr=0.000645993 elapsed=10:51 eta=02:54:49 val_mrr=0.566587
[TRAIN] 2026-04-23 12:45:39 step=3930/67071 (5.86%) epoch=1/3 epoch_step=3930/22357 (17.58%) loss=0.240244 lr=0.000648162 elapsed=10:52 eta=02:54:42 val_mrr=0.566587
[TRAIN] 2026-04-23 12:45:40 step=3940/67071 (5.87%) epoch=1/3 epoch_step=3940/22357 (17.62%) loss=0.260176 lr=0.000650327 elapsed=10:54 eta=02:54:35 val_mrr=0.566587
[TRAIN] 2026-04-23 12:45:42 step=3950/67071 (5.89%) epoch=1/3 epoch_step=3950/22357 (17.67%) loss=0.267539 lr=0.00065249 elapsed=10:55 eta=02:54:29 val_mrr=0.566587
[TRAIN] 2026-04-23 12:45:43 step=3960/67071 (5.90%) epoch=1/3 epoch_step=3960/22357 (17.71%) loss=0.250336 lr=0.00065465 elapsed=10:56 eta=02:54:22 val_mrr=0.566587
[TRAIN] 2026-04-23 12:45:44 step=3970/67071 (5.92%) epoch=1/3 epoch_step=3970/22357 (17.76%) loss=0.265863 lr=0.000656807 elapsed=10:58 eta=02:54:15 val_mrr=0.566587
[TRAIN] 2026-04-23 12:45:46 step=3980/67071 (5.93%) epoch=1/3 epoch_step=3980/22357 (17.80%) loss=0.289205 lr=0.000658961 elapsed=10:59 eta=02:54:08 val_mrr=0.566587
[TRAIN] 2026-04-23 12:45:47 step=3990/67071 (5.95%) epoch=1/3 epoch_step=3990/22357 (17.85%) loss=0.261320 lr=0.000661112 elapsed=11:01 eta=02:54:02 val_mrr=0.566587
[STAGE] 2026-04-23 12:45:49 val prep subsets global=50000 art_art=1986 art_any=50000
[STAGE] 2026-04-23 12:45:49 val prep negatives global=50000 art_art=1986 art_any=50000
[STAGE] 2026-04-23 12:45:49 val prep unique_entities=136030
[STAGE] 2026-04-23 12:45:52 val prep entity_bank_ready unique_entities=136030 emb_dim=512
[STAGE] 2026-04-23 12:45:52 val start step=4000 epoch=0 task=relation_ranking subset=global triples=50000 batches=98 eval_batch_size=512
[STAGE] 2026-04-23 12:45:53 val start step=4000 epoch=0 task=triple_scoring subset=global triples=50000 batches=98 eval_batch_size=512
[STAGE] 2026-04-23 12:45:54 val start step=4000 epoch=0 task=relation_ranking subset=art_art triples=1986 batches=4 eval_batch_size=512
[STAGE] 2026-04-23 12:45:54 val start step=4000 epoch=0 task=triple_scoring subset=art_art triples=1986 batches=4 eval_batch_size=512
[STAGE] 2026-04-23 12:45:54 val start step=4000 epoch=0 task=relation_ranking subset=art_any triples=50000 batches=98 eval_batch_size=512
[STAGE] 2026-04-23 12:45:55 val start step=4000 epoch=0 task=triple_scoring subset=art_any triples=50000 batches=98 eval_batch_size=512
[VAL] 2026-04-23 12:45:55 step=4000 epoch=0 mrr=0.578755 aucpr=0.948429 art_art_mrr=0.433745 art_art_aucpr=0.819423 art_any_mrr=0.578775 art_any_aucpr=0.839302
[TRAIN] 2026-04-23 12:45:59 step=4000/67071 (5.96%) epoch=1/3 epoch_step=4000/22357 (17.89%) loss=0.201692 lr=0.000663259 elapsed=11:12 eta=02:56:41 val_mrr=0.578755
[TRAIN] 2026-04-23 12:46:00 step=4010/67071 (5.98%) epoch=1/3 epoch_step=4010/22357 (17.94%) loss=0.265719 lr=0.000665404 elapsed=11:14 eta=02:56:34 val_mrr=0.578755
[TRAIN] 2026-04-23 12:46:02 step=4020/67071 (5.99%) epoch=1/3 epoch_step=4020/22357 (17.98%) loss=0.265914 lr=0.000667545 elapsed=11:15 eta=02:56:26 val_mrr=0.578755
[TRAIN] 2026-04-23 12:46:03 step=4030/67071 (6.01%) epoch=1/3 epoch_step=4030/22357 (18.03%) loss=0.236800 lr=0.000669683 elapsed=11:16 eta=02:56:18 val_mrr=0.578755
[TRAIN] 2026-04-23 12:46:04 step=4040/67071 (6.02%) epoch=1/3 epoch_step=4040/22357 (18.07%) loss=0.266008 lr=0.000671818 elapsed=11:18 eta=02:56:11 val_mrr=0.578755
[TRAIN] 2026-04-23 12:46:06 step=4050/67071 (6.04%) epoch=1/3 epoch_step=4050/22357 (18.12%) loss=0.203336 lr=0.00067395 elapsed=11:19 eta=02:56:03 val_mrr=0.578755
[TRAIN] 2026-04-23 12:46:07 step=4060/67071 (6.05%) epoch=1/3 epoch_step=4060/22357 (18.16%) loss=0.244818 lr=0.000676078 elapsed=11:20 eta=02:55:56 val_mrr=0.578755
[TRAIN] 2026-04-23 12:46:09 step=4070/67071 (6.07%) epoch=1/3 epoch_step=4070/22357 (18.20%) loss=0.239680 lr=0.000678203 elapsed=11:22 eta=02:55:55 val_mrr=0.578755
[TRAIN] 2026-04-23 12:46:10 step=4080/67071 (6.08%) epoch=1/3 epoch_step=4080/22357 (18.25%) loss=0.225282 lr=0.000680324 elapsed=11:23 eta=02:55:48 val_mrr=0.578755
[TRAIN] 2026-04-23 12:46:11 step=4090/67071 (6.10%) epoch=1/3 epoch_step=4090/22357 (18.29%) loss=0.250354 lr=0.000682442 elapsed=11:25 eta=02:55:41 val_mrr=0.578755
[TRAIN] 2026-04-23 12:46:14 step=4100/67071 (6.11%) epoch=1/3 epoch_step=4100/22357 (18.34%) loss=0.217404 lr=0.000684556 elapsed=11:28 eta=02:56:02 val_mrr=0.578755
[TRAIN] 2026-04-23 12:46:16 step=4110/67071 (6.13%) epoch=1/3 epoch_step=4110/22357 (18.38%) loss=0.208819 lr=0.000686666 elapsed=11:29 eta=02:55:55 val_mrr=0.578755
[TRAIN] 2026-04-23 12:46:17 step=4120/67071 (6.14%) epoch=1/3 epoch_step=4120/22357 (18.43%) loss=0.254791 lr=0.000688773 elapsed=11:30 eta=02:55:48 val_mrr=0.578755
[TRAIN] 2026-04-23 12:46:18 step=4130/67071 (6.16%) epoch=1/3 epoch_step=4130/22357 (18.47%) loss=0.186090 lr=0.000690876 elapsed=11:32 eta=02:55:40 val_mrr=0.578755
[TRAIN] 2026-04-23 12:46:20 step=4140/67071 (6.17%) epoch=1/3 epoch_step=4140/22357 (18.52%) loss=0.246827 lr=0.000692976 elapsed=11:33 eta=02:55:33 val_mrr=0.578755
[TRAIN] 2026-04-23 12:46:21 step=4150/67071 (6.19%) epoch=1/3 epoch_step=4150/22357 (18.56%) loss=0.215628 lr=0.000695072 elapsed=11:34 eta=02:55:25 val_mrr=0.578755
[TRAIN] 2026-04-23 12:46:23 step=4160/67071 (6.20%) epoch=1/3 epoch_step=4160/22357 (18.61%) loss=0.242992 lr=0.000697163 elapsed=11:36 eta=02:55:24 val_mrr=0.578755
[TRAIN] 2026-04-23 12:46:24 step=4170/67071 (6.22%) epoch=1/3 epoch_step=4170/22357 (18.65%) loss=0.236364 lr=0.000699251 elapsed=11:37 eta=02:55:17 val_mrr=0.578755
[TRAIN] 2026-04-23 12:46:25 step=4180/67071 (6.23%) epoch=1/3 epoch_step=4180/22357 (18.70%) loss=0.212513 lr=0.000701335 elapsed=11:38 eta=02:55:09 val_mrr=0.578755
[TRAIN] 2026-04-23 12:46:26 step=4190/67071 (6.25%) epoch=1/3 epoch_step=4190/22357 (18.74%) loss=0.231392 lr=0.000703415 elapsed=11:40 eta=02:55:02 val_mrr=0.578755
[TRAIN] 2026-04-23 12:46:30 step=4200/67071 (6.26%) epoch=1/3 epoch_step=4200/22357 (18.79%) loss=0.211761 lr=0.000705491 elapsed=11:43 eta=02:55:22 val_mrr=0.578755
[TRAIN] 2026-04-23 12:46:31 step=4210/67071 (6.28%) epoch=1/3 epoch_step=4210/22357 (18.83%) loss=0.259732 lr=0.000707563 elapsed=11:44 eta=02:55:15 val_mrr=0.578755
[TRAIN] 2026-04-23 12:46:32 step=4220/67071 (6.29%) epoch=1/3 epoch_step=4220/22357 (18.88%) loss=0.254498 lr=0.000709631 elapsed=11:46 eta=02:55:09 val_mrr=0.578755
[TRAIN] 2026-04-23 12:46:34 step=4230/67071 (6.31%) epoch=1/3 epoch_step=4230/22357 (18.92%) loss=0.243725 lr=0.000711695 elapsed=11:47 eta=02:55:00 val_mrr=0.578755
[TRAIN] 2026-04-23 12:46:35 step=4240/67071 (6.32%) epoch=1/3 epoch_step=4240/22357 (18.96%) loss=0.221527 lr=0.000713754 elapsed=11:48 eta=02:54:53 val_mrr=0.578755
[TRAIN] 2026-04-23 12:46:36 step=4250/67071 (6.34%) epoch=1/3 epoch_step=4250/22357 (19.01%) loss=0.224205 lr=0.000715809 elapsed=11:50 eta=02:54:51 val_mrr=0.578755
[TRAIN] 2026-04-23 12:46:38 step=4260/67071 (6.35%) epoch=1/3 epoch_step=4260/22357 (19.05%) loss=0.226720 lr=0.00071786 elapsed=11:51 eta=02:54:44 val_mrr=0.578755
[TRAIN] 2026-04-23 12:46:39 step=4270/67071 (6.37%) epoch=1/3 epoch_step=4270/22357 (19.10%) loss=0.259064 lr=0.000719907 elapsed=11:52 eta=02:54:37 val_mrr=0.578755
[TRAIN] 2026-04-23 12:46:40 step=4280/67071 (6.38%) epoch=1/3 epoch_step=4280/22357 (19.14%) loss=0.244897 lr=0.000721949 elapsed=11:54 eta=02:54:30 val_mrr=0.578755
[TRAIN] 2026-04-23 12:46:42 step=4290/67071 (6.40%) epoch=1/3 epoch_step=4290/22357 (19.19%) loss=0.226062 lr=0.000723987 elapsed=11:55 eta=02:54:23 val_mrr=0.578755
[TRAIN] 2026-04-23 12:46:45 step=4300/67071 (6.41%) epoch=1/3 epoch_step=4300/22357 (19.23%) loss=0.248856 lr=0.00072602 elapsed=11:58 eta=02:54:43 val_mrr=0.578755
[TRAIN] 2026-04-23 12:46:46 step=4310/67071 (6.43%) epoch=1/3 epoch_step=4310/22357 (19.28%) loss=0.227017 lr=0.000728049 elapsed=11:59 eta=02:54:36 val_mrr=0.578755
[TRAIN] 2026-04-23 12:46:47 step=4320/67071 (6.44%) epoch=1/3 epoch_step=4320/22357 (19.32%) loss=0.214960 lr=0.000730073 elapsed=12:01 eta=02:54:29 val_mrr=0.578755
[TRAIN] 2026-04-23 12:46:49 step=4330/67071 (6.46%) epoch=1/3 epoch_step=4330/22357 (19.37%) loss=0.234408 lr=0.000732092 elapsed=12:02 eta=02:54:22 val_mrr=0.578755
[TRAIN] 2026-04-23 12:46:50 step=4340/67071 (6.47%) epoch=1/3 epoch_step=4340/22357 (19.41%) loss=0.257597 lr=0.000734107 elapsed=12:04 eta=02:54:20 val_mrr=0.578755
[TRAIN] 2026-04-23 12:46:52 step=4350/67071 (6.49%) epoch=1/3 epoch_step=4350/22357 (19.46%) loss=0.232325 lr=0.000736117 elapsed=12:05 eta=02:54:13 val_mrr=0.578755
[TRAIN] 2026-04-23 12:46:53 step=4360/67071 (6.50%) epoch=1/3 epoch_step=4360/22357 (19.50%) loss=0.217410 lr=0.000738123 elapsed=12:06 eta=02:54:06 val_mrr=0.578755
[TRAIN] 2026-04-23 12:46:54 step=4370/67071 (6.52%) epoch=1/3 epoch_step=4370/22357 (19.55%) loss=0.225291 lr=0.000740123 elapsed=12:08 eta=02:53:59 val_mrr=0.578755
[TRAIN] 2026-04-23 12:46:56 step=4380/67071 (6.53%) epoch=1/3 epoch_step=4380/22357 (19.59%) loss=0.245296 lr=0.000742119 elapsed=12:09 eta=02:53:52 val_mrr=0.578755
[TRAIN] 2026-04-23 12:46:57 step=4390/67071 (6.55%) epoch=1/3 epoch_step=4390/22357 (19.64%) loss=0.237581 lr=0.00074411 elapsed=12:10 eta=02:53:46 val_mrr=0.578755
[TRAIN] 2026-04-23 12:46:59 step=4400/67071 (6.56%) epoch=1/3 epoch_step=4400/22357 (19.68%) loss=0.230680 lr=0.000746096 elapsed=12:12 eta=02:53:53 val_mrr=0.578755
[TRAIN] 2026-04-23 12:47:01 step=4410/67071 (6.58%) epoch=1/3 epoch_step=4410/22357 (19.73%) loss=0.258312 lr=0.000748077 elapsed=12:14 eta=02:53:47 val_mrr=0.578755
[TRAIN] 2026-04-23 12:47:02 step=4420/67071 (6.59%) epoch=1/3 epoch_step=4420/22357 (19.77%) loss=0.223692 lr=0.000750053 elapsed=12:15 eta=02:53:40 val_mrr=0.578755
[TRAIN] 2026-04-23 12:47:04 step=4430/67071 (6.60%) epoch=1/3 epoch_step=4430/22357 (19.81%) loss=0.225986 lr=0.000752024 elapsed=12:17 eta=02:53:42 val_mrr=0.578755
[TRAIN] 2026-04-23 12:47:05 step=4440/67071 (6.62%) epoch=1/3 epoch_step=4440/22357 (19.86%) loss=0.273033 lr=0.00075399 elapsed=12:18 eta=02:53:36 val_mrr=0.578755
[TRAIN] 2026-04-23 12:47:06 step=4450/67071 (6.63%) epoch=1/3 epoch_step=4450/22357 (19.90%) loss=0.272352 lr=0.000755951 elapsed=12:20 eta=02:53:29 val_mrr=0.578755
[TRAIN] 2026-04-23 12:47:08 step=4460/67071 (6.65%) epoch=1/3 epoch_step=4460/22357 (19.95%) loss=0.234552 lr=0.000757907 elapsed=12:21 eta=02:53:22 val_mrr=0.578755
[TRAIN] 2026-04-23 12:47:09 step=4470/67071 (6.66%) epoch=1/3 epoch_step=4470/22357 (19.99%) loss=0.246703 lr=0.000759857 elapsed=12:22 eta=02:53:15 val_mrr=0.578755
[TRAIN] 2026-04-23 12:47:10 step=4480/67071 (6.68%) epoch=1/3 epoch_step=4480/22357 (20.04%) loss=0.206592 lr=0.000761802 elapsed=12:24 eta=02:53:09 val_mrr=0.578755
[TRAIN] 2026-04-23 12:47:12 step=4490/67071 (6.69%) epoch=1/3 epoch_step=4490/22357 (20.08%) loss=0.232215 lr=0.000763742 elapsed=12:25 eta=02:53:02 val_mrr=0.578755
[STAGE] 2026-04-23 12:47:13 val prep subsets global=50000 art_art=1986 art_any=50000
[STAGE] 2026-04-23 12:47:14 val prep negatives global=50000 art_art=1986 art_any=50000
[STAGE] 2026-04-23 12:47:14 val prep unique_entities=136331
[STAGE] 2026-04-23 12:47:16 val prep entity_bank_ready unique_entities=136331 emb_dim=512
[STAGE] 2026-04-23 12:47:16 val start step=4500 epoch=0 task=relation_ranking subset=global triples=50000 batches=98 eval_batch_size=512
[STAGE] 2026-04-23 12:47:18 val start step=4500 epoch=0 task=triple_scoring subset=global triples=50000 batches=98 eval_batch_size=512
[STAGE] 2026-04-23 12:47:18 val start step=4500 epoch=0 task=relation_ranking subset=art_art triples=1986 batches=4 eval_batch_size=512
[STAGE] 2026-04-23 12:47:18 val start step=4500 epoch=0 task=triple_scoring subset=art_art triples=1986 batches=4 eval_batch_size=512
[STAGE] 2026-04-23 12:47:18 val start step=4500 epoch=0 task=relation_ranking subset=art_any triples=50000 batches=98 eval_batch_size=512
[STAGE] 2026-04-23 12:47:19 val start step=4500 epoch=0 task=triple_scoring subset=art_any triples=50000 batches=98 eval_batch_size=512
[VAL] 2026-04-23 12:47:20 step=4500 epoch=0 mrr=0.508453 aucpr=0.950521 art_art_mrr=0.336021 art_art_aucpr=0.840409 art_any_mrr=0.508455 art_any_aucpr=0.848532
[TRAIN] 2026-04-23 12:47:22 step=4500/67071 (6.71%) epoch=1/3 epoch_step=4500/22357 (20.13%) loss=0.207051 lr=0.000765677 elapsed=12:35 eta=02:54:58 val_mrr=0.578755
[TRAIN] 2026-04-23 12:47:23 step=4510/67071 (6.72%) epoch=1/3 epoch_step=4510/22357 (20.17%) loss=0.237467 lr=0.000767606 elapsed=12:36 eta=02:54:51 val_mrr=0.578755
[TRAIN] 2026-04-23 12:47:24 step=4520/67071 (6.74%) epoch=1/3 epoch_step=4520/22357 (20.22%) loss=0.222375 lr=0.000769529 elapsed=12:38 eta=02:54:44 val_mrr=0.578755
[TRAIN] 2026-04-23 12:47:26 step=4530/67071 (6.75%) epoch=1/3 epoch_step=4530/22357 (20.26%) loss=0.268530 lr=0.000771448 elapsed=12:39 eta=02:54:38 val_mrr=0.578755
[TRAIN] 2026-04-23 12:47:27 step=4540/67071 (6.77%) epoch=1/3 epoch_step=4540/22357 (20.31%) loss=0.239196 lr=0.00077336 elapsed=12:40 eta=02:54:31 val_mrr=0.578755
[TRAIN] 2026-04-23 12:47:28 step=4550/67071 (6.78%) epoch=1/3 epoch_step=4550/22357 (20.35%) loss=0.204962 lr=0.000775267 elapsed=12:42 eta=02:54:24 val_mrr=0.578755
[TRAIN] 2026-04-23 12:47:29 step=4560/67071 (6.80%) epoch=1/3 epoch_step=4560/22357 (20.40%) loss=0.241005 lr=0.000777169 elapsed=12:43 eta=02:54:17 val_mrr=0.578755
[TRAIN] 2026-04-23 12:47:31 step=4570/67071 (6.81%) epoch=1/3 epoch_step=4570/22357 (20.44%) loss=0.216214 lr=0.000779065 elapsed=12:44 eta=02:54:11 val_mrr=0.578755
[TRAIN] 2026-04-23 12:47:32 step=4580/67071 (6.83%) epoch=1/3 epoch_step=4580/22357 (20.49%) loss=0.227211 lr=0.000780955 elapsed=12:45 eta=02:54:04 val_mrr=0.578755
[TRAIN] 2026-04-23 12:47:34 step=4590/67071 (6.84%) epoch=1/3 epoch_step=4590/22357 (20.53%) loss=0.234731 lr=0.000782839 elapsed=12:47 eta=02:54:02 val_mrr=0.578755
[TRAIN] 2026-04-23 12:47:37 step=4600/67071 (6.86%) epoch=1/3 epoch_step=4600/22357 (20.58%) loss=0.229944 lr=0.000784718 elapsed=12:50 eta=02:54:21 val_mrr=0.578755
[TRAIN] 2026-04-23 12:47:38 step=4610/67071 (6.87%) epoch=1/3 epoch_step=4610/22357 (20.62%) loss=0.240098 lr=0.000786591 elapsed=12:52 eta=02:54:16 val_mrr=0.578755
[TRAIN] 2026-04-23 12:47:40 step=4620/67071 (6.89%) epoch=1/3 epoch_step=4620/22357 (20.66%) loss=0.263276 lr=0.000788458 elapsed=12:53 eta=02:54:09 val_mrr=0.578755
[TRAIN] 2026-04-23 12:47:41 step=4630/67071 (6.90%) epoch=1/3 epoch_step=4630/22357 (20.71%) loss=0.250283 lr=0.000790319 elapsed=12:54 eta=02:54:03 val_mrr=0.578755
[TRAIN] 2026-04-23 12:47:42 step=4640/67071 (6.92%) epoch=1/3 epoch_step=4640/22357 (20.75%) loss=0.220338 lr=0.000792174 elapsed=12:56 eta=02:53:56 val_mrr=0.578755
[TRAIN] 2026-04-23 12:47:44 step=4650/67071 (6.93%) epoch=1/3 epoch_step=4650/22357 (20.80%) loss=0.234314 lr=0.000794023 elapsed=12:57 eta=02:53:50 val_mrr=0.578755
[TRAIN] 2026-04-23 12:47:45 step=4660/67071 (6.95%) epoch=1/3 epoch_step=4660/22357 (20.84%) loss=0.247622 lr=0.000795866 elapsed=12:58 eta=02:53:43 val_mrr=0.578755
[TRAIN] 2026-04-23 12:47:46 step=4670/67071 (6.96%) epoch=1/3 epoch_step=4670/22357 (20.89%) loss=0.235440 lr=0.000797704 elapsed=13:00 eta=02:53:37 val_mrr=0.578755
[TRAIN] 2026-04-23 12:47:48 step=4680/67071 (6.98%) epoch=1/3 epoch_step=4680/22357 (20.93%) loss=0.243258 lr=0.000799535 elapsed=13:01 eta=02:53:31 val_mrr=0.578755
[TRAIN] 2026-04-23 12:47:49 step=4690/67071 (6.99%) epoch=1/3 epoch_step=4690/22357 (20.98%) loss=0.240604 lr=0.00080136 elapsed=13:03 eta=02:53:29 val_mrr=0.578755
[TRAIN] 2026-04-23 12:47:52 step=4700/67071 (7.01%) epoch=1/3 epoch_step=4700/22357 (21.02%) loss=0.230506 lr=0.000803178 elapsed=13:05 eta=02:53:36 val_mrr=0.578755
[TRAIN] 2026-04-23 12:47:53 step=4710/67071 (7.02%) epoch=1/3 epoch_step=4710/22357 (21.07%) loss=0.252367 lr=0.000804991 elapsed=13:06 eta=02:53:29 val_mrr=0.578755
[TRAIN] 2026-04-23 12:47:54 step=4720/67071 (7.04%) epoch=1/3 epoch_step=4720/22357 (21.11%) loss=0.205532 lr=0.000806797 elapsed=13:07 eta=02:53:22 val_mrr=0.578755
[TRAIN] 2026-04-23 12:47:55 step=4730/67071 (7.05%) epoch=1/3 epoch_step=4730/22357 (21.16%) loss=0.211861 lr=0.000808597 elapsed=13:09 eta=02:53:15 val_mrr=0.578755
[TRAIN] 2026-04-23 12:47:57 step=4740/67071 (7.07%) epoch=1/3 epoch_step=4740/22357 (21.20%) loss=0.238824 lr=0.000810391 elapsed=13:10 eta=02:53:08 val_mrr=0.578755
[TRAIN] 2026-04-23 12:47:58 step=4750/67071 (7.08%) epoch=1/3 epoch_step=4750/22357 (21.25%) loss=0.216145 lr=0.000812178 elapsed=13:11 eta=02:53:01 val_mrr=0.578755
[TRAIN] 2026-04-23 12:47:59 step=4760/67071 (7.10%) epoch=1/3 epoch_step=4760/22357 (21.29%) loss=0.241684 lr=0.000813959 elapsed=13:12 eta=02:52:54 val_mrr=0.578755
[TRAIN] 2026-04-23 12:48:00 step=4770/67071 (7.11%) epoch=1/3 epoch_step=4770/22357 (21.34%) loss=0.222795 lr=0.000815733 elapsed=13:14 eta=02:52:47 val_mrr=0.578755
[TRAIN] 2026-04-23 12:48:02 step=4780/67071 (7.13%) epoch=1/3 epoch_step=4780/22357 (21.38%) loss=0.204098 lr=0.000817501 elapsed=13:15 eta=02:52:44 val_mrr=0.578755
[TRAIN] 2026-04-23 12:48:03 step=4790/67071 (7.14%) epoch=1/3 epoch_step=4790/22357 (21.43%) loss=0.197597 lr=0.000819263 elapsed=13:17 eta=02:52:37 val_mrr=0.578755
[TRAIN] 2026-04-23 12:48:06 step=4800/67071 (7.16%) epoch=1/3 epoch_step=4800/22357 (21.47%) loss=0.208197 lr=0.000821017 elapsed=13:20 eta=02:52:53 val_mrr=0.578755
[TRAIN] 2026-04-23 12:48:08 step=4810/67071 (7.17%) epoch=1/3 epoch_step=4810/22357 (21.51%) loss=0.192882 lr=0.000822766 elapsed=13:21 eta=02:52:46 val_mrr=0.578755
[TRAIN] 2026-04-23 12:48:09 step=4820/67071 (7.19%) epoch=1/3 epoch_step=4820/22357 (21.56%) loss=0.253170 lr=0.000824507 elapsed=13:22 eta=02:52:40 val_mrr=0.578755
[TRAIN] 2026-04-23 12:48:10 step=4830/67071 (7.20%) epoch=1/3 epoch_step=4830/22357 (21.60%) loss=0.247802 lr=0.000826242 elapsed=13:23 eta=02:52:33 val_mrr=0.578755
[TRAIN] 2026-04-23 12:48:11 step=4840/67071 (7.22%) epoch=1/3 epoch_step=4840/22357 (21.65%) loss=0.209875 lr=0.00082797 elapsed=13:25 eta=02:52:26 val_mrr=0.578755
[TRAIN] 2026-04-23 12:48:13 step=4850/67071 (7.23%) epoch=1/3 epoch_step=4850/22357 (21.69%) loss=0.242124 lr=0.000829692 elapsed=13:26 eta=02:52:19 val_mrr=0.578755
[TRAIN] 2026-04-23 12:48:14 step=4860/67071 (7.25%) epoch=1/3 epoch_step=4860/22357 (21.74%) loss=0.222794 lr=0.000831406 elapsed=13:27 eta=02:52:16 val_mrr=0.578755
[TRAIN] 2026-04-23 12:48:15 step=4870/67071 (7.26%) epoch=1/3 epoch_step=4870/22357 (21.78%) loss=0.207186 lr=0.000833114 elapsed=13:29 eta=02:52:10 val_mrr=0.578755
[TRAIN] 2026-04-23 12:48:17 step=4880/67071 (7.28%) epoch=1/3 epoch_step=4880/22357 (21.83%) loss=0.243125 lr=0.000834815 elapsed=13:30 eta=02:52:03 val_mrr=0.578755
[TRAIN] 2026-04-23 12:48:18 step=4890/67071 (7.29%) epoch=1/3 epoch_step=4890/22357 (21.87%) loss=0.220418 lr=0.000836509 elapsed=13:31 eta=02:51:57 val_mrr=0.578755
[TRAIN] 2026-04-23 12:48:21 step=4900/67071 (7.31%) epoch=1/3 epoch_step=4900/22357 (21.92%) loss=0.239389 lr=0.000838196 elapsed=13:34 eta=02:52:12 val_mrr=0.578755
[TRAIN] 2026-04-23 12:48:22 step=4910/67071 (7.32%) epoch=1/3 epoch_step=4910/22357 (21.96%) loss=0.216636 lr=0.000839876 elapsed=13:36 eta=02:52:05 val_mrr=0.578755
[TRAIN] 2026-04-23 12:48:24 step=4920/67071 (7.34%) epoch=1/3 epoch_step=4920/22357 (22.01%) loss=0.264221 lr=0.000841549 elapsed=13:37 eta=02:51:59 val_mrr=0.578755
[TRAIN] 2026-04-23 12:48:25 step=4930/67071 (7.35%) epoch=1/3 epoch_step=4930/22357 (22.05%) loss=0.218656 lr=0.000843215 elapsed=13:38 eta=02:51:53 val_mrr=0.578755
[TRAIN] 2026-04-23 12:48:26 step=4940/67071 (7.37%) epoch=1/3 epoch_step=4940/22357 (22.10%) loss=0.225274 lr=0.000844874 elapsed=13:39 eta=02:51:46 val_mrr=0.578755
[TRAIN] 2026-04-23 12:48:27 step=4950/67071 (7.38%) epoch=1/3 epoch_step=4950/22357 (22.14%) loss=0.217327 lr=0.000846526 elapsed=13:41 eta=02:51:40 val_mrr=0.578755
[TRAIN] 2026-04-23 12:48:29 step=4960/67071 (7.40%) epoch=1/3 epoch_step=4960/22357 (22.19%) loss=0.226256 lr=0.00084817 elapsed=13:42 eta=02:51:37 val_mrr=0.578755
[TRAIN] 2026-04-23 12:48:30 step=4970/67071 (7.41%) epoch=1/3 epoch_step=4970/22357 (22.23%) loss=0.219452 lr=0.000849808 elapsed=13:44 eta=02:51:30 val_mrr=0.578755
[TRAIN] 2026-04-23 12:48:32 step=4980/67071 (7.42%) epoch=1/3 epoch_step=4980/22357 (22.27%) loss=0.244987 lr=0.000851438 elapsed=13:45 eta=02:51:25 val_mrr=0.578755
[TRAIN] 2026-04-23 12:48:33 step=4990/67071 (7.44%) epoch=1/3 epoch_step=4990/22357 (22.32%) loss=0.275600 lr=0.000853061 elapsed=13:46 eta=02:51:18 val_mrr=0.578755
[STAGE] 2026-04-23 12:48:34 val prep subsets global=50000 art_art=1986 art_any=50000
[STAGE] 2026-04-23 12:48:35 val prep negatives global=50000 art_art=1986 art_any=50000
[STAGE] 2026-04-23 12:48:35 val prep unique_entities=136014
[STAGE] 2026-04-23 12:48:37 val prep entity_bank_ready unique_entities=136014 emb_dim=512
[STAGE] 2026-04-23 12:48:37 val start step=5000 epoch=0 task=relation_ranking subset=global triples=50000 batches=98 eval_batch_size=512
[STAGE] 2026-04-23 12:48:39 val start step=5000 epoch=0 task=triple_scoring subset=global triples=50000 batches=98 eval_batch_size=512
[STAGE] 2026-04-23 12:48:39 val start step=5000 epoch=0 task=relation_ranking subset=art_art triples=1986 batches=4 eval_batch_size=512
[STAGE] 2026-04-23 12:48:39 val start step=5000 epoch=0 task=triple_scoring subset=art_art triples=1986 batches=4 eval_batch_size=512
[STAGE] 2026-04-23 12:48:39 val start step=5000 epoch=0 task=relation_ranking subset=art_any triples=50000 batches=98 eval_batch_size=512
[STAGE] 2026-04-23 12:48:40 val start step=5000 epoch=0 task=triple_scoring subset=art_any triples=50000 batches=98 eval_batch_size=512
[VAL] 2026-04-23 12:48:41 step=5000 epoch=0 mrr=0.537579 aucpr=0.958107 art_art_mrr=0.237945 art_art_aucpr=0.795014 art_any_mrr=0.537586 art_any_aucpr=0.878201
[TRAIN] 2026-04-23 12:48:43 step=5000/67071 (7.45%) epoch=1/3 epoch_step=5000/22357 (22.36%) loss=0.209330 lr=0.000854676 elapsed=13:56 eta=02:52:58 val_mrr=0.578755
[TRAIN] 2026-04-23 12:48:44 step=5010/67071 (7.47%) epoch=1/3 epoch_step=5010/22357 (22.41%) loss=0.209889 lr=0.000856285 elapsed=13:57 eta=02:52:52 val_mrr=0.578755
[TRAIN] 2026-04-23 12:48:45 step=5020/67071 (7.48%) epoch=1/3 epoch_step=5020/22357 (22.45%) loss=0.245877 lr=0.000857885 elapsed=13:59 eta=02:52:46 val_mrr=0.578755
[TRAIN] 2026-04-23 12:48:47 step=5030/67071 (7.50%) epoch=1/3 epoch_step=5030/22357 (22.50%) loss=0.233883 lr=0.000859479 elapsed=14:00 eta=02:52:39 val_mrr=0.578755
[TRAIN] 2026-04-23 12:48:48 step=5040/67071 (7.51%) epoch=1/3 epoch_step=5040/22357 (22.54%) loss=0.225386 lr=0.000861065 elapsed=14:02 eta=02:52:37 val_mrr=0.578755
[TRAIN] 2026-04-23 12:48:49 step=5050/67071 (7.53%) epoch=1/3 epoch_step=5050/22357 (22.59%) loss=0.220698 lr=0.000862643 elapsed=14:03 eta=02:52:31 val_mrr=0.578755
[TRAIN] 2026-04-23 12:48:51 step=5060/67071 (7.54%) epoch=1/3 epoch_step=5060/22357 (22.63%) loss=0.241509 lr=0.000864214 elapsed=14:04 eta=02:52:24 val_mrr=0.578755
[TRAIN] 2026-04-23 12:48:52 step=5070/67071 (7.56%) epoch=1/3 epoch_step=5070/22357 (22.68%) loss=0.241669 lr=0.000865778 elapsed=14:05 eta=02:52:19 val_mrr=0.578755
[TRAIN] 2026-04-23 12:48:53 step=5080/67071 (7.57%) epoch=1/3 epoch_step=5080/22357 (22.72%) loss=0.218907 lr=0.000867334 elapsed=14:07 eta=02:52:13 val_mrr=0.578755
[TRAIN] 2026-04-23 12:48:55 step=5090/67071 (7.59%) epoch=1/3 epoch_step=5090/22357 (22.77%) loss=0.225849 lr=0.000868882 elapsed=14:08 eta=02:52:07 val_mrr=0.578755
[TRAIN] 2026-04-23 12:48:58 step=5100/67071 (7.60%) epoch=1/3 epoch_step=5100/22357 (22.81%) loss=0.202986 lr=0.000870422 elapsed=14:11 eta=02:52:22 val_mrr=0.578755
[TRAIN] 2026-04-23 12:48:59 step=5110/67071 (7.62%) epoch=1/3 epoch_step=5110/22357 (22.86%) loss=0.224973 lr=0.000871955 elapsed=14:12 eta=02:52:16 val_mrr=0.578755
[TRAIN] 2026-04-23 12:49:00 step=5120/67071 (7.63%) epoch=1/3 epoch_step=5120/22357 (22.90%) loss=0.218519 lr=0.00087348 elapsed=14:14 eta=02:52:09 val_mrr=0.578755
[TRAIN] 2026-04-23 12:49:02 step=5130/67071 (7.65%) epoch=1/3 epoch_step=5130/22357 (22.95%) loss=0.259784 lr=0.000874998 elapsed=14:15 eta=02:52:06 val_mrr=0.578755
[TRAIN] 2026-04-23 12:49:03 step=5140/67071 (7.66%) epoch=1/3 epoch_step=5140/22357 (22.99%) loss=0.254023 lr=0.000876507 elapsed=14:16 eta=02:52:00 val_mrr=0.578755
[TRAIN] 2026-04-23 12:49:04 step=5150/67071 (7.68%) epoch=1/3 epoch_step=5150/22357 (23.04%) loss=0.193244 lr=0.000878009 elapsed=14:18 eta=02:51:54 val_mrr=0.578755
[TRAIN] 2026-04-23 12:49:06 step=5160/67071 (7.69%) epoch=1/3 epoch_step=5160/22357 (23.08%) loss=0.247147 lr=0.000879503 elapsed=14:19 eta=02:51:47 val_mrr=0.578755
[TRAIN] 2026-04-23 12:49:07 step=5170/67071 (7.71%) epoch=1/3 epoch_step=5170/22357 (23.12%) loss=0.209571 lr=0.000880989 elapsed=14:20 eta=02:51:40 val_mrr=0.578755
[TRAIN] 2026-04-23 12:49:08 step=5180/67071 (7.72%) epoch=1/3 epoch_step=5180/22357 (23.17%) loss=0.251326 lr=0.000882467 elapsed=14:22 eta=02:51:35 val_mrr=0.578755
[TRAIN] 2026-04-23 12:49:10 step=5190/67071 (7.74%) epoch=1/3 epoch_step=5190/22357 (23.21%) loss=0.207590 lr=0.000883937 elapsed=14:23 eta=02:51:29 val_mrr=0.578755
[TRAIN] 2026-04-23 12:49:13 step=5200/67071 (7.75%) epoch=1/3 epoch_step=5200/22357 (23.26%) loss=0.263544 lr=0.000885399 elapsed=14:26 eta=02:51:45 val_mrr=0.578755
[TRAIN] 2026-04-23 12:49:14 step=5210/67071 (7.77%) epoch=1/3 epoch_step=5210/22357 (23.30%) loss=0.220680 lr=0.000886854 elapsed=14:27 eta=02:51:39 val_mrr=0.578755
[TRAIN] 2026-04-23 12:49:16 step=5220/67071 (7.78%) epoch=1/3 epoch_step=5220/22357 (23.35%) loss=0.228230 lr=0.0008883 elapsed=14:29 eta=02:51:36 val_mrr=0.578755
[TRAIN] 2026-04-23 12:49:17 step=5230/67071 (7.80%) epoch=1/3 epoch_step=5230/22357 (23.39%) loss=0.203587 lr=0.000889738 elapsed=14:30 eta=02:51:30 val_mrr=0.578755
[TRAIN] 2026-04-23 12:49:18 step=5240/67071 (7.81%) epoch=1/3 epoch_step=5240/22357 (23.44%) loss=0.237247 lr=0.000891168 elapsed=14:32 eta=02:51:24 val_mrr=0.578755
[TRAIN] 2026-04-23 12:49:19 step=5250/67071 (7.83%) epoch=1/3 epoch_step=5250/22357 (23.48%) loss=0.236691 lr=0.000892589 elapsed=14:33 eta=02:51:18 val_mrr=0.578755
[TRAIN] 2026-04-23 12:49:21 step=5260/67071 (7.84%) epoch=1/3 epoch_step=5260/22357 (23.53%) loss=0.224625 lr=0.000894003 elapsed=14:34 eta=02:51:12 val_mrr=0.578755
[TRAIN] 2026-04-23 12:49:22 step=5270/67071 (7.86%) epoch=1/3 epoch_step=5270/22357 (23.57%) loss=0.222088 lr=0.000895408 elapsed=14:35 eta=02:51:06 val_mrr=0.578755
[TRAIN] 2026-04-23 12:49:23 step=5280/67071 (7.87%) epoch=1/3 epoch_step=5280/22357 (23.62%) loss=0.216338 lr=0.000896805 elapsed=14:37 eta=02:51:00 val_mrr=0.578755
[TRAIN] 2026-04-23 12:49:25 step=5290/67071 (7.89%) epoch=1/3 epoch_step=5290/22357 (23.66%) loss=0.178952 lr=0.000898194 elapsed=14:38 eta=02:50:54 val_mrr=0.578755
[TRAIN] 2026-04-23 12:49:28 step=5300/67071 (7.90%) epoch=1/3 epoch_step=5300/22357 (23.71%) loss=0.211211 lr=0.000899575 elapsed=14:41 eta=02:51:10 val_mrr=0.578755
[TRAIN] 2026-04-23 12:49:29 step=5310/67071 (7.92%) epoch=1/3 epoch_step=5310/22357 (23.75%) loss=0.202911 lr=0.000900947 elapsed=14:43 eta=02:51:08 val_mrr=0.578755
[TRAIN] 2026-04-23 12:49:31 step=5320/67071 (7.93%) epoch=1/3 epoch_step=5320/22357 (23.80%) loss=0.228251 lr=0.000902311 elapsed=14:44 eta=02:51:02 val_mrr=0.578755
[TRAIN] 2026-04-23 12:49:32 step=5330/67071 (7.95%) epoch=1/3 epoch_step=5330/22357 (23.84%) loss=0.221527 lr=0.000903666 elapsed=14:45 eta=02:50:56 val_mrr=0.578755
[TRAIN] 2026-04-23 12:49:33 step=5340/67071 (7.96%) epoch=1/3 epoch_step=5340/22357 (23.89%) loss=0.233979 lr=0.000905013 elapsed=14:47 eta=02:50:50 val_mrr=0.578755
[TRAIN] 2026-04-23 12:49:35 step=5350/67071 (7.98%) epoch=1/3 epoch_step=5350/22357 (23.93%) loss=0.187695 lr=0.000906352 elapsed=14:48 eta=02:50:44 val_mrr=0.578755
[TRAIN] 2026-04-23 12:49:36 step=5360/67071 (7.99%) epoch=1/3 epoch_step=5360/22357 (23.97%) loss=0.250424 lr=0.000907682 elapsed=14:49 eta=02:50:39 val_mrr=0.578755
[TRAIN] 2026-04-23 12:49:37 step=5370/67071 (8.01%) epoch=1/3 epoch_step=5370/22357 (24.02%) loss=0.201874 lr=0.000909004 elapsed=14:51 eta=02:50:33 val_mrr=0.578755
[TRAIN] 2026-04-23 12:49:39 step=5380/67071 (8.02%) epoch=1/3 epoch_step=5380/22357 (24.06%) loss=0.220851 lr=0.000910317 elapsed=14:52 eta=02:50:28 val_mrr=0.578755
[TRAIN] 2026-04-23 12:49:40 step=5390/67071 (8.04%) epoch=1/3 epoch_step=5390/22357 (24.11%) loss=0.214588 lr=0.000911621 elapsed=14:53 eta=02:50:23 val_mrr=0.578755
[TRAIN] 2026-04-23 12:49:44 step=5400/67071 (8.05%) epoch=1/3 epoch_step=5400/22357 (24.15%) loss=0.223878 lr=0.000912917 elapsed=14:57 eta=02:50:42 val_mrr=0.578755
[TRAIN] 2026-04-23 12:49:45 step=5410/67071 (8.07%) epoch=1/3 epoch_step=5410/22357 (24.20%) loss=0.219759 lr=0.000914205 elapsed=14:58 eta=02:50:37 val_mrr=0.578755
[TRAIN] 2026-04-23 12:49:46 step=5420/67071 (8.08%) epoch=1/3 epoch_step=5420/22357 (24.24%) loss=0.176968 lr=0.000915483 elapsed=15:00 eta=02:50:32 val_mrr=0.578755
[TRAIN] 2026-04-23 12:49:48 step=5430/67071 (8.10%) epoch=1/3 epoch_step=5430/22357 (24.29%) loss=0.256917 lr=0.000916753 elapsed=15:01 eta=02:50:27 val_mrr=0.578755
[TRAIN] 2026-04-23 12:49:49 step=5440/67071 (8.11%) epoch=1/3 epoch_step=5440/22357 (24.33%) loss=0.226389 lr=0.000918014 elapsed=15:02 eta=02:50:22 val_mrr=0.578755
[TRAIN] 2026-04-23 12:49:50 step=5450/67071 (8.13%) epoch=1/3 epoch_step=5450/22357 (24.38%) loss=0.232324 lr=0.000919267 elapsed=15:04 eta=02:50:16 val_mrr=0.578755
[TRAIN] 2026-04-23 12:49:52 step=5460/67071 (8.14%) epoch=1/3 epoch_step=5460/22357 (24.42%) loss=0.200809 lr=0.000920511 elapsed=15:05 eta=02:50:10 val_mrr=0.578755
[TRAIN] 2026-04-23 12:49:53 step=5470/67071 (8.16%) epoch=1/3 epoch_step=5470/22357 (24.47%) loss=0.202932 lr=0.000921746 elapsed=15:06 eta=02:50:05 val_mrr=0.578755
[TRAIN] 2026-04-23 12:49:54 step=5480/67071 (8.17%) epoch=1/3 epoch_step=5480/22357 (24.51%) loss=0.203977 lr=0.000922972 elapsed=15:08 eta=02:50:03 val_mrr=0.578755
[TRAIN] 2026-04-23 12:49:56 step=5490/67071 (8.19%) epoch=1/3 epoch_step=5490/22357 (24.56%) loss=0.219156 lr=0.000924189 elapsed=15:09 eta=02:49:58 val_mrr=0.578755
[STAGE] 2026-04-23 12:49:57 val prep subsets global=50000 art_art=1986 art_any=50000
[STAGE] 2026-04-23 12:49:58 val prep negatives global=50000 art_art=1986 art_any=50000
[STAGE] 2026-04-23 12:49:58 val prep unique_entities=136242
[STAGE] 2026-04-23 12:50:00 val prep entity_bank_ready unique_entities=136242 emb_dim=512
[STAGE] 2026-04-23 12:50:00 val start step=5500 epoch=0 task=relation_ranking subset=global triples=50000 batches=98 eval_batch_size=512
[STAGE] 2026-04-23 12:50:02 val start step=5500 epoch=0 task=triple_scoring subset=global triples=50000 batches=98 eval_batch_size=512
[STAGE] 2026-04-23 12:50:02 val start step=5500 epoch=0 task=relation_ranking subset=art_art triples=1986 batches=4 eval_batch_size=512
[STAGE] 2026-04-23 12:50:02 val start step=5500 epoch=0 task=triple_scoring subset=art_art triples=1986 batches=4 eval_batch_size=512
[STAGE] 2026-04-23 12:50:02 val start step=5500 epoch=0 task=relation_ranking subset=art_any triples=50000 batches=98 eval_batch_size=512
[STAGE] 2026-04-23 12:50:03 val start step=5500 epoch=0 task=triple_scoring subset=art_any triples=50000 batches=98 eval_batch_size=512
[VAL] 2026-04-23 12:50:04 step=5500 epoch=0 mrr=0.614897 aucpr=0.959975 art_art_mrr=0.321472 art_art_aucpr=0.861111 art_any_mrr=0.614903 art_any_aucpr=0.875704
[TRAIN] 2026-04-23 12:50:07 step=5500/67071 (8.20%) epoch=1/3 epoch_step=5500/22357 (24.60%) loss=0.218968 lr=0.000925398 elapsed=15:20 eta=02:51:37 val_mrr=0.614897
[TRAIN] 2026-04-23 12:50:08 step=5510/67071 (8.22%) epoch=1/3 epoch_step=5510/22357 (24.65%) loss=0.196976 lr=0.000926597 elapsed=15:21 eta=02:51:31 val_mrr=0.614897
[TRAIN] 2026-04-23 12:50:09 step=5520/67071 (8.23%) epoch=1/3 epoch_step=5520/22357 (24.69%) loss=0.253325 lr=0.000927788 elapsed=15:22 eta=02:51:25 val_mrr=0.614897
[TRAIN] 2026-04-23 12:50:10 step=5530/67071 (8.24%) epoch=1/3 epoch_step=5530/22357 (24.73%) loss=0.209980 lr=0.000928969 elapsed=15:24 eta=02:51:20 val_mrr=0.614897
[TRAIN] 2026-04-23 12:50:12 step=5540/67071 (8.26%) epoch=1/3 epoch_step=5540/22357 (24.78%) loss=0.220230 lr=0.000930142 elapsed=15:25 eta=02:51:15 val_mrr=0.614897
[TRAIN] 2026-04-23 12:50:13 step=5550/67071 (8.27%) epoch=1/3 epoch_step=5550/22357 (24.82%) loss=0.209649 lr=0.000931306 elapsed=15:26 eta=02:51:09 val_mrr=0.614897
[TRAIN] 2026-04-23 12:50:15 step=5560/67071 (8.29%) epoch=1/3 epoch_step=5560/22357 (24.87%) loss=0.228301 lr=0.000932461 elapsed=15:28 eta=02:51:08 val_mrr=0.614897
[TRAIN] 2026-04-23 12:50:16 step=5570/67071 (8.30%) epoch=1/3 epoch_step=5570/22357 (24.91%) loss=0.210103 lr=0.000933606 elapsed=15:29 eta=02:51:02 val_mrr=0.614897
[TRAIN] 2026-04-23 12:50:17 step=5580/67071 (8.32%) epoch=1/3 epoch_step=5580/22357 (24.96%) loss=0.255075 lr=0.000934743 elapsed=15:31 eta=02:50:57 val_mrr=0.614897
[TRAIN] 2026-04-23 12:50:19 step=5590/67071 (8.33%) epoch=1/3 epoch_step=5590/22357 (25.00%) loss=0.213234 lr=0.00093587 elapsed=15:32 eta=02:50:51 val_mrr=0.614897
[TRAIN] 2026-04-23 12:50:22 step=5600/67071 (8.35%) epoch=1/3 epoch_step=5600/22357 (25.05%) loss=0.234707 lr=0.000936988 elapsed=15:35 eta=02:51:05 val_mrr=0.614897
[TRAIN] 2026-04-23 12:50:23 step=5610/67071 (8.36%) epoch=1/3 epoch_step=5610/22357 (25.09%) loss=0.208363 lr=0.000938098 elapsed=15:36 eta=02:50:59 val_mrr=0.614897
[TRAIN] 2026-04-23 12:50:24 step=5620/67071 (8.38%) epoch=1/3 epoch_step=5620/22357 (25.14%) loss=0.230348 lr=0.000939198 elapsed=15:38 eta=02:50:53 val_mrr=0.614897
[TRAIN] 2026-04-23 12:50:26 step=5630/67071 (8.39%) epoch=1/3 epoch_step=5630/22357 (25.18%) loss=0.245524 lr=0.000940288 elapsed=15:39 eta=02:50:48 val_mrr=0.614897
[TRAIN] 2026-04-23 12:50:27 step=5640/67071 (8.41%) epoch=1/3 epoch_step=5640/22357 (25.23%) loss=0.210806 lr=0.00094137 elapsed=15:40 eta=02:50:42 val_mrr=0.614897
[TRAIN] 2026-04-23 12:50:29 step=5650/67071 (8.42%) epoch=1/3 epoch_step=5650/22357 (25.27%) loss=0.198682 lr=0.000942442 elapsed=15:42 eta=02:50:40 val_mrr=0.614897
[TRAIN] 2026-04-23 12:50:30 step=5660/67071 (8.44%) epoch=1/3 epoch_step=5660/22357 (25.32%) loss=0.238629 lr=0.000943505 elapsed=15:43 eta=02:50:33 val_mrr=0.614897
[TRAIN] 2026-04-23 12:50:31 step=5670/67071 (8.45%) epoch=1/3 epoch_step=5670/22357 (25.36%) loss=0.219222 lr=0.000944559 elapsed=15:45 eta=02:50:29 val_mrr=0.614897
[TRAIN] 2026-04-23 12:50:33 step=5680/67071 (8.47%) epoch=1/3 epoch_step=5680/22357 (25.41%) loss=0.220577 lr=0.000945603 elapsed=15:46 eta=02:50:23 val_mrr=0.614897
[TRAIN] 2026-04-23 12:50:34 step=5690/67071 (8.48%) epoch=1/3 epoch_step=5690/22357 (25.45%) loss=0.207281 lr=0.000946639 elapsed=15:47 eta=02:50:17 val_mrr=0.614897
[TRAIN] 2026-04-23 12:50:37 step=5700/67071 (8.50%) epoch=1/3 epoch_step=5700/22357 (25.50%) loss=0.208214 lr=0.000947664 elapsed=15:50 eta=02:50:31 val_mrr=0.614897
[TRAIN] 2026-04-23 12:50:38 step=5710/67071 (8.51%) epoch=1/3 epoch_step=5710/22357 (25.54%) loss=0.201223 lr=0.000948681 elapsed=15:52 eta=02:50:25 val_mrr=0.614897
[TRAIN] 2026-04-23 12:50:40 step=5720/67071 (8.53%) epoch=1/3 epoch_step=5720/22357 (25.58%) loss=0.220211 lr=0.000949688 elapsed=15:53 eta=02:50:20 val_mrr=0.614897
[TRAIN] 2026-04-23 12:50:41 step=5730/67071 (8.54%) epoch=1/3 epoch_step=5730/22357 (25.63%) loss=0.207977 lr=0.000950685 elapsed=15:54 eta=02:50:14 val_mrr=0.614897
[TRAIN] 2026-04-23 12:50:42 step=5740/67071 (8.56%) epoch=1/3 epoch_step=5740/22357 (25.67%) loss=0.214478 lr=0.000951673 elapsed=15:56 eta=02:50:12 val_mrr=0.614897
[TRAIN] 2026-04-23 12:50:44 step=5750/67071 (8.57%) epoch=1/3 epoch_step=5750/22357 (25.72%) loss=0.214053 lr=0.000952652 elapsed=15:57 eta=02:50:06 val_mrr=0.614897
[TRAIN] 2026-04-23 12:50:45 step=5760/67071 (8.59%) epoch=1/3 epoch_step=5760/22357 (25.76%) loss=0.198805 lr=0.000953621 elapsed=15:58 eta=02:50:01 val_mrr=0.614897
[TRAIN] 2026-04-23 12:50:46 step=5770/67071 (8.60%) epoch=1/3 epoch_step=5770/22357 (25.81%) loss=0.201644 lr=0.00095458 elapsed=16:00 eta=02:49:56 val_mrr=0.614897
[TRAIN] 2026-04-23 12:50:48 step=5780/67071 (8.62%) epoch=1/3 epoch_step=5780/22357 (25.85%) loss=0.200940 lr=0.00095553 elapsed=16:01 eta=02:49:50 val_mrr=0.614897
[TRAIN] 2026-04-23 12:50:49 step=5790/67071 (8.63%) epoch=1/3 epoch_step=5790/22357 (25.90%) loss=0.237515 lr=0.000956471 elapsed=16:02 eta=02:49:44 val_mrr=0.614897
[TRAIN] 2026-04-23 12:50:52 step=5800/67071 (8.65%) epoch=1/3 epoch_step=5800/22357 (25.94%) loss=0.228836 lr=0.000957402 elapsed=16:05 eta=02:49:58 val_mrr=0.614897
[TRAIN] 2026-04-23 12:50:53 step=5810/67071 (8.66%) epoch=1/3 epoch_step=5810/22357 (25.99%) loss=0.202431 lr=0.000958323 elapsed=16:07 eta=02:49:52 val_mrr=0.614897
[TRAIN] 2026-04-23 12:50:55 step=5820/67071 (8.68%) epoch=1/3 epoch_step=5820/22357 (26.03%) loss=0.212569 lr=0.000959235 elapsed=16:08 eta=02:49:46 val_mrr=0.614897
[TRAIN] 2026-04-23 12:50:56 step=5830/67071 (8.69%) epoch=1/3 epoch_step=5830/22357 (26.08%) loss=0.215636 lr=0.000960137 elapsed=16:09 eta=02:49:44 val_mrr=0.614897
[TRAIN] 2026-04-23 12:50:57 step=5840/67071 (8.71%) epoch=1/3 epoch_step=5840/22357 (26.12%) loss=0.211537 lr=0.000961029 elapsed=16:11 eta=02:49:38 val_mrr=0.614897
[TRAIN] 2026-04-23 12:50:59 step=5850/67071 (8.72%) epoch=1/3 epoch_step=5850/22357 (26.17%) loss=0.221413 lr=0.000961912 elapsed=16:12 eta=02:49:32 val_mrr=0.614897
[TRAIN] 2026-04-23 12:51:00 step=5860/67071 (8.74%) epoch=1/3 epoch_step=5860/22357 (26.21%) loss=0.205131 lr=0.000962785 elapsed=16:13 eta=02:49:26 val_mrr=0.614897
[TRAIN] 2026-04-23 12:51:01 step=5870/67071 (8.75%) epoch=1/3 epoch_step=5870/22357 (26.26%) loss=0.205221 lr=0.000963648 elapsed=16:15 eta=02:49:22 val_mrr=0.614897
[TRAIN] 2026-04-23 12:51:03 step=5880/67071 (8.77%) epoch=1/3 epoch_step=5880/22357 (26.30%) loss=0.218247 lr=0.000964502 elapsed=16:16 eta=02:49:16 val_mrr=0.614897
[TRAIN] 2026-04-23 12:51:04 step=5890/67071 (8.78%) epoch=1/3 epoch_step=5890/22357 (26.35%) loss=0.250373 lr=0.000965345 elapsed=16:17 eta=02:49:11 val_mrr=0.614897
[TRAIN] 2026-04-23 12:51:07 step=5900/67071 (8.80%) epoch=1/3 epoch_step=5900/22357 (26.39%) loss=0.196140 lr=0.000966179 elapsed=16:20 eta=02:49:24 val_mrr=0.614897
[TRAIN] 2026-04-23 12:51:08 step=5910/67071 (8.81%) epoch=1/3 epoch_step=5910/22357 (26.43%) loss=0.229218 lr=0.000967004 elapsed=16:22 eta=02:49:19 val_mrr=0.614897
[TRAIN] 2026-04-23 12:51:10 step=5920/67071 (8.83%) epoch=1/3 epoch_step=5920/22357 (26.48%) loss=0.199939 lr=0.000967818 elapsed=16:23 eta=02:49:16 val_mrr=0.614897
[TRAIN] 2026-04-23 12:51:11 step=5930/67071 (8.84%) epoch=1/3 epoch_step=5930/22357 (26.52%) loss=0.216407 lr=0.000968623 elapsed=16:24 eta=02:49:10 val_mrr=0.614897
[TRAIN] 2026-04-23 12:51:12 step=5940/67071 (8.86%) epoch=1/3 epoch_step=5940/22357 (26.57%) loss=0.209454 lr=0.000969417 elapsed=16:26 eta=02:49:04 val_mrr=0.614897
[TRAIN] 2026-04-23 12:51:14 step=5950/67071 (8.87%) epoch=1/3 epoch_step=5950/22357 (26.61%) loss=0.206440 lr=0.000970202 elapsed=16:27 eta=02:48:58 val_mrr=0.614897
[TRAIN] 2026-04-23 12:51:15 step=5960/67071 (8.89%) epoch=1/3 epoch_step=5960/22357 (26.66%) loss=0.181805 lr=0.000970977 elapsed=16:28 eta=02:48:53 val_mrr=0.614897
[TRAIN] 2026-04-23 12:51:16 step=5970/67071 (8.90%) epoch=1/3 epoch_step=5970/22357 (26.70%) loss=0.259768 lr=0.000971742 elapsed=16:30 eta=02:48:48 val_mrr=0.614897
[TRAIN] 2026-04-23 12:51:18 step=5980/67071 (8.92%) epoch=1/3 epoch_step=5980/22357 (26.75%) loss=0.220821 lr=0.000972497 elapsed=16:31 eta=02:48:42 val_mrr=0.614897
[TRAIN] 2026-04-23 12:51:19 step=5990/67071 (8.93%) epoch=1/3 epoch_step=5990/22357 (26.79%) loss=0.200113 lr=0.000973243 elapsed=16:32 eta=02:48:37 val_mrr=0.614897
[STAGE] 2026-04-23 12:51:20 val prep subsets global=50000 art_art=1986 art_any=50000
[STAGE] 2026-04-23 12:51:21 val prep negatives global=50000 art_art=1986 art_any=50000
[STAGE] 2026-04-23 12:51:21 val prep unique_entities=136385
[STAGE] 2026-04-23 12:51:23 val prep entity_bank_ready unique_entities=136385 emb_dim=512
[STAGE] 2026-04-23 12:51:23 val start step=6000 epoch=0 task=relation_ranking subset=global triples=50000 batches=98 eval_batch_size=512
[STAGE] 2026-04-23 12:51:25 val start step=6000 epoch=0 task=triple_scoring subset=global triples=50000 batches=98 eval_batch_size=512
[STAGE] 2026-04-23 12:51:25 val start step=6000 epoch=0 task=relation_ranking subset=art_art triples=1986 batches=4 eval_batch_size=512
[STAGE] 2026-04-23 12:51:25 val start step=6000 epoch=0 task=triple_scoring subset=art_art triples=1986 batches=4 eval_batch_size=512
[STAGE] 2026-04-23 12:51:25 val start step=6000 epoch=0 task=relation_ranking subset=art_any triples=50000 batches=98 eval_batch_size=512
[STAGE] 2026-04-23 12:51:27 val start step=6000 epoch=0 task=triple_scoring subset=art_any triples=50000 batches=98 eval_batch_size=512
[VAL] 2026-04-23 12:51:27 step=6000 epoch=0 mrr=0.619307 aucpr=0.963023 art_art_mrr=0.417532 art_art_aucpr=0.848877 art_any_mrr=0.619327 art_any_aucpr=0.881758
[TRAIN] 2026-04-23 12:51:29 step=6000/67071 (8.95%) epoch=1/3 epoch_step=6000/22357 (26.84%) loss=0.205235 lr=0.000973978 elapsed=16:42 eta=02:50:02 val_mrr=0.619307
[TRAIN] 2026-04-23 12:51:30 step=6010/67071 (8.96%) epoch=1/3 epoch_step=6010/22357 (26.88%) loss=0.232470 lr=0.000974703 elapsed=16:44 eta=02:49:56 val_mrr=0.619307
[TRAIN] 2026-04-23 12:51:32 step=6020/67071 (8.98%) epoch=1/3 epoch_step=6020/22357 (26.93%) loss=0.200745 lr=0.000975419 elapsed=16:45 eta=02:49:51 val_mrr=0.619307
[TRAIN] 2026-04-23 12:51:33 step=6030/67071 (8.99%) epoch=1/3 epoch_step=6030/22357 (26.97%) loss=0.197361 lr=0.000976124 elapsed=16:46 eta=02:49:45 val_mrr=0.619307
[TRAIN] 2026-04-23 12:51:34 step=6040/67071 (9.01%) epoch=1/3 epoch_step=6040/22357 (27.02%) loss=0.209886 lr=0.000976819 elapsed=16:48 eta=02:49:40 val_mrr=0.619307
[TRAIN] 2026-04-23 12:51:35 step=6050/67071 (9.02%) epoch=1/3 epoch_step=6050/22357 (27.06%) loss=0.210436 lr=0.000977505 elapsed=16:49 eta=02:49:35 val_mrr=0.619307
[TRAIN] 2026-04-23 12:51:37 step=6060/67071 (9.04%) epoch=1/3 epoch_step=6060/22357 (27.11%) loss=0.205428 lr=0.00097818 elapsed=16:50 eta=02:49:30 val_mrr=0.619307
[TRAIN] 2026-04-23 12:51:38 step=6070/67071 (9.05%) epoch=1/3 epoch_step=6070/22357 (27.15%) loss=0.208648 lr=0.000978845 elapsed=16:52 eta=02:49:25 val_mrr=0.619307
[TRAIN] 2026-04-23 12:51:40 step=6080/67071 (9.07%) epoch=1/3 epoch_step=6080/22357 (27.20%) loss=0.198104 lr=0.000979501 elapsed=16:53 eta=02:49:23 val_mrr=0.619307
[TRAIN] 2026-04-23 12:51:41 step=6090/67071 (9.08%) epoch=1/3 epoch_step=6090/22357 (27.24%) loss=0.214165 lr=0.000980146 elapsed=16:54 eta=02:49:18 val_mrr=0.619307
[TRAIN] 2026-04-23 12:51:44 step=6100/67071 (9.09%) epoch=1/3 epoch_step=6100/22357 (27.28%) loss=0.268815 lr=0.000980781 elapsed=16:58 eta=02:49:32 val_mrr=0.619307
[TRAIN] 2026-04-23 12:51:46 step=6110/67071 (9.11%) epoch=1/3 epoch_step=6110/22357 (27.33%) loss=0.207748 lr=0.000981405 elapsed=16:59 eta=02:49:27 val_mrr=0.619307
[TRAIN] 2026-04-23 12:51:47 step=6120/67071 (9.12%) epoch=1/3 epoch_step=6120/22357 (27.37%) loss=0.206532 lr=0.00098202 elapsed=17:00 eta=02:49:21 val_mrr=0.619307
[TRAIN] 2026-04-23 12:51:48 step=6130/67071 (9.14%) epoch=1/3 epoch_step=6130/22357 (27.42%) loss=0.216811 lr=0.000982625 elapsed=17:02 eta=02:49:17 val_mrr=0.619307
[TRAIN] 2026-04-23 12:51:50 step=6140/67071 (9.15%) epoch=1/3 epoch_step=6140/22357 (27.46%) loss=0.220565 lr=0.000983219 elapsed=17:03 eta=02:49:11 val_mrr=0.619307
[TRAIN] 2026-04-23 12:51:51 step=6150/67071 (9.17%) epoch=1/3 epoch_step=6150/22357 (27.51%) loss=0.203501 lr=0.000983804 elapsed=17:04 eta=02:49:06 val_mrr=0.619307
[TRAIN] 2026-04-23 12:51:52 step=6160/67071 (9.18%) epoch=1/3 epoch_step=6160/22357 (27.55%) loss=0.185900 lr=0.000984378 elapsed=17:06 eta=02:49:01 val_mrr=0.619307
[TRAIN] 2026-04-23 12:51:54 step=6170/67071 (9.20%) epoch=1/3 epoch_step=6170/22357 (27.60%) loss=0.191556 lr=0.000984942 elapsed=17:07 eta=02:48:59 val_mrr=0.619307
[TRAIN] 2026-04-23 12:51:55 step=6180/67071 (9.21%) epoch=1/3 epoch_step=6180/22357 (27.64%) loss=0.194404 lr=0.000985495 elapsed=17:09 eta=02:48:54 val_mrr=0.619307
[TRAIN] 2026-04-23 12:51:57 step=6190/67071 (9.23%) epoch=1/3 epoch_step=6190/22357 (27.69%) loss=0.216656 lr=0.000986039 elapsed=17:10 eta=02:48:49 val_mrr=0.619307
[TRAIN] 2026-04-23 12:52:00 step=6200/67071 (9.24%) epoch=1/3 epoch_step=6200/22357 (27.73%) loss=0.225516 lr=0.000986572 elapsed=17:13 eta=02:49:03 val_mrr=0.619307
[TRAIN] 2026-04-23 12:52:01 step=6210/67071 (9.26%) epoch=1/3 epoch_step=6210/22357 (27.78%) loss=0.210722 lr=0.000987095 elapsed=17:14 eta=02:48:57 val_mrr=0.619307
[TRAIN] 2026-04-23 12:52:02 step=6220/67071 (9.27%) epoch=1/3 epoch_step=6220/22357 (27.82%) loss=0.191534 lr=0.000987608 elapsed=17:16 eta=02:48:52 val_mrr=0.619307
[TRAIN] 2026-04-23 12:52:04 step=6230/67071 (9.29%) epoch=1/3 epoch_step=6230/22357 (27.87%) loss=0.249028 lr=0.00098811 elapsed=17:17 eta=02:48:47 val_mrr=0.619307
[TRAIN] 2026-04-23 12:52:05 step=6240/67071 (9.30%) epoch=1/3 epoch_step=6240/22357 (27.91%) loss=0.229994 lr=0.000988603 elapsed=17:18 eta=02:48:42 val_mrr=0.619307
[TRAIN] 2026-04-23 12:52:06 step=6250/67071 (9.32%) epoch=1/3 epoch_step=6250/22357 (27.96%) loss=0.217071 lr=0.000989085 elapsed=17:20 eta=02:48:36 val_mrr=0.619307
[TRAIN] 2026-04-23 12:52:08 step=6260/67071 (9.33%) epoch=1/3 epoch_step=6260/22357 (28.00%) loss=0.221020 lr=0.000989556 elapsed=17:21 eta=02:48:35 val_mrr=0.619307
[TRAIN] 2026-04-23 12:52:09 step=6270/67071 (9.35%) epoch=1/3 epoch_step=6270/22357 (28.04%) loss=0.205085 lr=0.000990018 elapsed=17:23 eta=02:48:30 val_mrr=0.619307
[TRAIN] 2026-04-23 12:52:11 step=6280/67071 (9.36%) epoch=1/3 epoch_step=6280/22357 (28.09%) loss=0.220192 lr=0.000990469 elapsed=17:24 eta=02:48:25 val_mrr=0.619307
[TRAIN] 2026-04-23 12:52:12 step=6290/67071 (9.38%) epoch=1/3 epoch_step=6290/22357 (28.13%) loss=0.216326 lr=0.000990909 elapsed=17:25 eta=02:48:20 val_mrr=0.619307
[TRAIN] 2026-04-23 12:52:15 step=6300/67071 (9.39%) epoch=1/3 epoch_step=6300/22357 (28.18%) loss=0.221116 lr=0.00099134 elapsed=17:28 eta=02:48:32 val_mrr=0.619307
[TRAIN] 2026-04-23 12:52:16 step=6310/67071 (9.41%) epoch=1/3 epoch_step=6310/22357 (28.22%) loss=0.229488 lr=0.00099176 elapsed=17:30 eta=02:48:27 val_mrr=0.619307
[TRAIN] 2026-04-23 12:52:18 step=6320/67071 (9.42%) epoch=1/3 epoch_step=6320/22357 (28.27%) loss=0.231108 lr=0.00099217 elapsed=17:31 eta=02:48:22 val_mrr=0.619307
[TRAIN] 2026-04-23 12:52:19 step=6330/67071 (9.44%) epoch=1/3 epoch_step=6330/22357 (28.31%) loss=0.213210 lr=0.000992569 elapsed=17:32 eta=02:48:16 val_mrr=0.619307
[TRAIN] 2026-04-23 12:52:20 step=6340/67071 (9.45%) epoch=1/3 epoch_step=6340/22357 (28.36%) loss=0.218142 lr=0.000992958 elapsed=17:33 eta=02:48:11 val_mrr=0.619307
[TRAIN] 2026-04-23 12:52:22 step=6350/67071 (9.47%) epoch=1/3 epoch_step=6350/22357 (28.40%) loss=0.190208 lr=0.000993336 elapsed=17:35 eta=02:48:10 val_mrr=0.619307
[TRAIN] 2026-04-23 12:52:23 step=6360/67071 (9.48%) epoch=1/3 epoch_step=6360/22357 (28.45%) loss=0.214356 lr=0.000993705 elapsed=17:36 eta=02:48:05 val_mrr=0.619307
[TRAIN] 2026-04-23 12:52:24 step=6370/67071 (9.50%) epoch=1/3 epoch_step=6370/22357 (28.49%) loss=0.213435 lr=0.000994062 elapsed=17:38 eta=02:48:00 val_mrr=0.619307
[TRAIN] 2026-04-23 12:52:26 step=6380/67071 (9.51%) epoch=1/3 epoch_step=6380/22357 (28.54%) loss=0.235092 lr=0.00099441 elapsed=17:39 eta=02:47:55 val_mrr=0.619307
[TRAIN] 2026-04-23 12:52:27 step=6390/67071 (9.53%) epoch=1/3 epoch_step=6390/22357 (28.58%) loss=0.210392 lr=0.000994747 elapsed=17:40 eta=02:47:50 val_mrr=0.619307
[TRAIN] 2026-04-23 12:52:30 step=6400/67071 (9.54%) epoch=1/3 epoch_step=6400/22357 (28.63%) loss=0.190989 lr=0.000995073 elapsed=17:44 eta=02:48:03 val_mrr=0.619307
[TRAIN] 2026-04-23 12:52:32 step=6410/67071 (9.56%) epoch=1/3 epoch_step=6410/22357 (28.67%) loss=0.191923 lr=0.000995389 elapsed=17:45 eta=02:47:58 val_mrr=0.619307
[TRAIN] 2026-04-23 12:52:33 step=6420/67071 (9.57%) epoch=1/3 epoch_step=6420/22357 (28.72%) loss=0.191550 lr=0.000995695 elapsed=17:46 eta=02:47:53 val_mrr=0.619307
[TRAIN] 2026-04-23 12:52:34 step=6430/67071 (9.59%) epoch=1/3 epoch_step=6430/22357 (28.76%) loss=0.217097 lr=0.00099599 elapsed=17:47 eta=02:47:47 val_mrr=0.619307
[TRAIN] 2026-04-23 12:52:36 step=6440/67071 (9.60%) epoch=1/3 epoch_step=6440/22357 (28.81%) loss=0.242613 lr=0.000996275 elapsed=17:49 eta=02:47:44 val_mrr=0.619307
[TRAIN] 2026-04-23 12:52:37 step=6450/67071 (9.62%) epoch=1/3 epoch_step=6450/22357 (28.85%) loss=0.195381 lr=0.00099655 elapsed=17:50 eta=02:47:39 val_mrr=0.619307
[TRAIN] 2026-04-23 12:52:38 step=6460/67071 (9.63%) epoch=1/3 epoch_step=6460/22357 (28.89%) loss=0.211163 lr=0.000996814 elapsed=17:52 eta=02:47:34 val_mrr=0.619307
[TRAIN] 2026-04-23 12:52:40 step=6470/67071 (9.65%) epoch=1/3 epoch_step=6470/22357 (28.94%) loss=0.198307 lr=0.000997067 elapsed=17:53 eta=02:47:29 val_mrr=0.619307
[TRAIN] 2026-04-23 12:52:41 step=6480/67071 (9.66%) epoch=1/3 epoch_step=6480/22357 (28.98%) loss=0.197335 lr=0.00099731 elapsed=17:54 eta=02:47:24 val_mrr=0.619307
[TRAIN] 2026-04-23 12:52:42 step=6490/67071 (9.68%) epoch=1/3 epoch_step=6490/22357 (29.03%) loss=0.208528 lr=0.000997542 elapsed=17:55 eta=02:47:18 val_mrr=0.619307
[STAGE] 2026-04-23 12:52:44 val prep subsets global=50000 art_art=1986 art_any=50000
[STAGE] 2026-04-23 12:52:44 val prep negatives global=50000 art_art=1986 art_any=50000
[STAGE] 2026-04-23 12:52:44 val prep unique_entities=136246
[STAGE] 2026-04-23 12:52:46 val prep entity_bank_ready unique_entities=136246 emb_dim=512
[STAGE] 2026-04-23 12:52:46 val start step=6500 epoch=0 task=relation_ranking subset=global triples=50000 batches=98 eval_batch_size=512
[STAGE] 2026-04-23 12:52:48 val start step=6500 epoch=0 task=triple_scoring subset=global triples=50000 batches=98 eval_batch_size=512
[STAGE] 2026-04-23 12:52:48 val start step=6500 epoch=0 task=relation_ranking subset=art_art triples=1986 batches=4 eval_batch_size=512
[STAGE] 2026-04-23 12:52:48 val start step=6500 epoch=0 task=triple_scoring subset=art_art triples=1986 batches=4 eval_batch_size=512
[STAGE] 2026-04-23 12:52:48 val start step=6500 epoch=0 task=relation_ranking subset=art_any triples=50000 batches=98 eval_batch_size=512
[STAGE] 2026-04-23 12:52:49 val start step=6500 epoch=0 task=triple_scoring subset=art_any triples=50000 batches=98 eval_batch_size=512
[VAL] 2026-04-23 12:52:50 step=6500 epoch=0 mrr=0.660536 aucpr=0.963006 art_art_mrr=0.462269 art_art_aucpr=0.876518 art_any_mrr=0.660546 art_any_aucpr=0.880634
[TRAIN] 2026-04-23 12:52:53 step=6500/67071 (9.69%) epoch=1/3 epoch_step=6500/22357 (29.07%) loss=0.206702 lr=0.000997764 elapsed=18:07 eta=02:48:47 val_mrr=0.660536
[TRAIN] 2026-04-23 12:52:55 step=6510/67071 (9.71%) epoch=1/3 epoch_step=6510/22357 (29.12%) loss=0.228291 lr=0.000997976 elapsed=18:08 eta=02:48:42 val_mrr=0.660536
[TRAIN] 2026-04-23 12:52:56 step=6520/67071 (9.72%) epoch=1/3 epoch_step=6520/22357 (29.16%) loss=0.215872 lr=0.000998177 elapsed=18:10 eta=02:48:40 val_mrr=0.660536
[TRAIN] 2026-04-23 12:52:58 step=6530/67071 (9.74%) epoch=1/3 epoch_step=6530/22357 (29.21%) loss=0.184888 lr=0.000998368 elapsed=18:11 eta=02:48:34 val_mrr=0.660536
[TRAIN] 2026-04-23 12:52:59 step=6540/67071 (9.75%) epoch=1/3 epoch_step=6540/22357 (29.25%) loss=0.219883 lr=0.000998548 elapsed=18:12 eta=02:48:29 val_mrr=0.660536
[TRAIN] 2026-04-23 12:53:00 step=6550/67071 (9.77%) epoch=1/3 epoch_step=6550/22357 (29.30%) loss=0.204555 lr=0.000998717 elapsed=18:13 eta=02:48:23 val_mrr=0.660536
[TRAIN] 2026-04-23 12:53:01 step=6560/67071 (9.78%) epoch=1/3 epoch_step=6560/22357 (29.34%) loss=0.184712 lr=0.000998876 elapsed=18:15 eta=02:48:18 val_mrr=0.660536
[TRAIN] 2026-04-23 12:53:03 step=6570/67071 (9.80%) epoch=1/3 epoch_step=6570/22357 (29.39%) loss=0.194408 lr=0.000999025 elapsed=18:16 eta=02:48:13 val_mrr=0.660536
[TRAIN] 2026-04-23 12:53:04 step=6580/67071 (9.81%) epoch=1/3 epoch_step=6580/22357 (29.43%) loss=0.246015 lr=0.000999163 elapsed=18:17 eta=02:48:08 val_mrr=0.660536
[TRAIN] 2026-04-23 12:53:05 step=6590/67071 (9.83%) epoch=1/3 epoch_step=6590/22357 (29.48%) loss=0.197233 lr=0.00099929 elapsed=18:19 eta=02:48:03 val_mrr=0.660536
[TRAIN] 2026-04-23 12:53:08 step=6600/67071 (9.84%) epoch=1/3 epoch_step=6600/22357 (29.52%) loss=0.220410 lr=0.000999407 elapsed=18:22 eta=02:48:15 val_mrr=0.660536
[TRAIN] 2026-04-23 12:53:10 step=6610/67071 (9.86%) epoch=1/3 epoch_step=6610/22357 (29.57%) loss=0.196998 lr=0.000999514 elapsed=18:23 eta=02:48:13 val_mrr=0.660536
[TRAIN] 2026-04-23 12:53:11 step=6620/67071 (9.87%) epoch=1/3 epoch_step=6620/22357 (29.61%) loss=0.205243 lr=0.00099961 elapsed=18:25 eta=02:48:08 val_mrr=0.660536
[TRAIN] 2026-04-23 12:53:13 step=6630/67071 (9.89%) epoch=1/3 epoch_step=6630/22357 (29.66%) loss=0.175641 lr=0.000999695 elapsed=18:26 eta=02:48:03 val_mrr=0.660536
[TRAIN] 2026-04-23 12:53:14 step=6640/67071 (9.90%) epoch=1/3 epoch_step=6640/22357 (29.70%) loss=0.192742 lr=0.00099977 elapsed=18:27 eta=02:47:58 val_mrr=0.660536
[TRAIN] 2026-04-23 12:53:15 step=6650/67071 (9.91%) epoch=1/3 epoch_step=6650/22357 (29.74%) loss=0.229211 lr=0.000999834 elapsed=18:29 eta=02:47:53 val_mrr=0.660536
[TRAIN] 2026-04-23 12:53:17 step=6660/67071 (9.93%) epoch=1/3 epoch_step=6660/22357 (29.79%) loss=0.168739 lr=0.000999888 elapsed=18:30 eta=02:47:48 val_mrr=0.660536
[TRAIN] 2026-04-23 12:53:18 step=6670/67071 (9.94%) epoch=1/3 epoch_step=6670/22357 (29.83%) loss=0.224571 lr=0.000999931 elapsed=18:31 eta=02:47:43 val_mrr=0.660536
[TRAIN] 2026-04-23 12:53:19 step=6680/67071 (9.96%) epoch=1/3 epoch_step=6680/22357 (29.88%) loss=0.230026 lr=0.000999964 elapsed=18:32 eta=02:47:38 val_mrr=0.660536
[TRAIN] 2026-04-23 12:53:20 step=6690/67071 (9.97%) epoch=1/3 epoch_step=6690/22357 (29.92%) loss=0.208866 lr=0.000999986 elapsed=18:34 eta=02:47:32 val_mrr=0.660536
[TRAIN] 2026-04-23 12:53:24 step=6700/67071 (9.99%) epoch=1/3 epoch_step=6700/22357 (29.97%) loss=0.180155 lr=0.000999998 elapsed=18:37 eta=02:47:46 val_mrr=0.660536
[TRAIN] 2026-04-23 12:53:25 step=6710/67071 (10.00%) epoch=1/3 epoch_step=6710/22357 (30.01%) loss=0.170224 lr=0.001 elapsed=18:38 eta=02:47:41 val_mrr=0.660536
[TRAIN] 2026-04-23 12:53:26 step=6720/67071 (10.02%) epoch=1/3 epoch_step=6720/22357 (30.06%) loss=0.180711 lr=0.001 elapsed=18:40 eta=02:47:36 val_mrr=0.660536
[TRAIN] 2026-04-23 12:53:28 step=6730/67071 (10.03%) epoch=1/3 epoch_step=6730/22357 (30.10%) loss=0.193745 lr=0.001 elapsed=18:41 eta=02:47:31 val_mrr=0.660536
[TRAIN] 2026-04-23 12:53:29 step=6740/67071 (10.05%) epoch=1/3 epoch_step=6740/22357 (30.15%) loss=0.194227 lr=0.000999999 elapsed=18:42 eta=02:47:26 val_mrr=0.660536
[TRAIN] 2026-04-23 12:53:30 step=6750/67071 (10.06%) epoch=1/3 epoch_step=6750/22357 (30.19%) loss=0.219249 lr=0.000999999 elapsed=18:44 eta=02:47:22 val_mrr=0.660536
[TRAIN] 2026-04-23 12:53:32 step=6760/67071 (10.08%) epoch=1/3 epoch_step=6760/22357 (30.24%) loss=0.236963 lr=0.000999998 elapsed=18:45 eta=02:47:18 val_mrr=0.660536
[TRAIN] 2026-04-23 12:53:33 step=6770/67071 (10.09%) epoch=1/3 epoch_step=6770/22357 (30.28%) loss=0.243957 lr=0.000999997 elapsed=18:46 eta=02:47:12 val_mrr=0.660536
[TRAIN] 2026-04-23 12:53:34 step=6780/67071 (10.11%) epoch=1/3 epoch_step=6780/22357 (30.33%) loss=0.235040 lr=0.000999996 elapsed=18:48 eta=02:47:07 val_mrr=0.660536
[TRAIN] 2026-04-23 12:53:36 step=6790/67071 (10.12%) epoch=1/3 epoch_step=6790/22357 (30.37%) loss=0.196830 lr=0.000999995 elapsed=18:49 eta=02:47:05 val_mrr=0.660536
[TRAIN] 2026-04-23 12:53:39 step=6800/67071 (10.14%) epoch=1/3 epoch_step=6800/22357 (30.42%) loss=0.201260 lr=0.000999994 elapsed=18:53 eta=02:47:19 val_mrr=0.660536
[TRAIN] 2026-04-23 12:53:41 step=6810/67071 (10.15%) epoch=1/3 epoch_step=6810/22357 (30.46%) loss=0.203752 lr=0.000999993 elapsed=18:54 eta=02:47:14 val_mrr=0.660536
[TRAIN] 2026-04-23 12:53:42 step=6820/67071 (10.17%) epoch=1/3 epoch_step=6820/22357 (30.50%) loss=0.215324 lr=0.000999991 elapsed=18:55 eta=02:47:09 val_mrr=0.660536
[TRAIN] 2026-04-23 12:53:43 step=6830/67071 (10.18%) epoch=1/3 epoch_step=6830/22357 (30.55%) loss=0.202517 lr=0.00099999 elapsed=18:57 eta=02:47:04 val_mrr=0.660536
[TRAIN] 2026-04-23 12:53:45 step=6840/67071 (10.20%) epoch=1/3 epoch_step=6840/22357 (30.59%) loss=0.216046 lr=0.000999988 elapsed=18:58 eta=02:47:00 val_mrr=0.660536
[TRAIN] 2026-04-23 12:53:46 step=6850/67071 (10.21%) epoch=1/3 epoch_step=6850/22357 (30.64%) loss=0.184972 lr=0.000999986 elapsed=18:59 eta=02:46:56 val_mrr=0.660536
[TRAIN] 2026-04-23 12:53:47 step=6860/67071 (10.23%) epoch=1/3 epoch_step=6860/22357 (30.68%) loss=0.172172 lr=0.000999984 elapsed=19:01 eta=02:46:51 val_mrr=0.660536
[TRAIN] 2026-04-23 12:53:49 step=6870/67071 (10.24%) epoch=1/3 epoch_step=6870/22357 (30.73%) loss=0.197109 lr=0.000999982 elapsed=19:02 eta=02:46:46 val_mrr=0.660536
[TRAIN] 2026-04-23 12:53:50 step=6880/67071 (10.26%) epoch=1/3 epoch_step=6880/22357 (30.77%) loss=0.194667 lr=0.00099998 elapsed=19:03 eta=02:46:43 val_mrr=0.660536
[TRAIN] 2026-04-23 12:53:51 step=6890/67071 (10.27%) epoch=1/3 epoch_step=6890/22357 (30.82%) loss=0.192172 lr=0.000999977 elapsed=19:05 eta=02:46:39 val_mrr=0.660536
[TRAIN] 2026-04-23 12:53:55 step=6900/67071 (10.29%) epoch=1/3 epoch_step=6900/22357 (30.86%) loss=0.198866 lr=0.000999975 elapsed=19:08 eta=02:46:50 val_mrr=0.660536
[TRAIN] 2026-04-23 12:53:56 step=6910/67071 (10.30%) epoch=1/3 epoch_step=6910/22357 (30.91%) loss=0.168763 lr=0.000999972 elapsed=19:09 eta=02:46:46 val_mrr=0.660536
[TRAIN] 2026-04-23 12:53:57 step=6920/67071 (10.32%) epoch=1/3 epoch_step=6920/22357 (30.95%) loss=0.208327 lr=0.000999969 elapsed=19:11 eta=02:46:41 val_mrr=0.660536
[TRAIN] 2026-04-23 12:53:59 step=6930/67071 (10.33%) epoch=1/3 epoch_step=6930/22357 (31.00%) loss=0.182921 lr=0.000999966 elapsed=19:12 eta=02:46:36 val_mrr=0.660536
[TRAIN] 2026-04-23 12:54:00 step=6940/67071 (10.35%) epoch=1/3 epoch_step=6940/22357 (31.04%) loss=0.191716 lr=0.000999963 elapsed=19:13 eta=02:46:32 val_mrr=0.660536
[TRAIN] 2026-04-23 12:54:01 step=6950/67071 (10.36%) epoch=1/3 epoch_step=6950/22357 (31.09%) loss=0.202739 lr=0.00099996 elapsed=19:15 eta=02:46:27 val_mrr=0.660536
[TRAIN] 2026-04-23 12:54:03 step=6960/67071 (10.38%) epoch=1/3 epoch_step=6960/22357 (31.13%) loss=0.197871 lr=0.000999956 elapsed=19:16 eta=02:46:22 val_mrr=0.660536
[TRAIN] 2026-04-23 12:54:04 step=6970/67071 (10.39%) epoch=1/3 epoch_step=6970/22357 (31.18%) loss=0.187447 lr=0.000999953 elapsed=19:17 eta=02:46:18 val_mrr=0.660536
[TRAIN] 2026-04-23 12:54:05 step=6980/67071 (10.41%) epoch=1/3 epoch_step=6980/22357 (31.22%) loss=0.214761 lr=0.000999949 elapsed=19:19 eta=02:46:16 val_mrr=0.660536
[TRAIN] 2026-04-23 12:54:07 step=6990/67071 (10.42%) epoch=1/3 epoch_step=6990/22357 (31.27%) loss=0.204408 lr=0.000999945 elapsed=19:20 eta=02:46:11 val_mrr=0.660536
[STAGE] 2026-04-23 12:54:08 val prep subsets global=50000 art_art=1986 art_any=50000
[STAGE] 2026-04-23 12:54:09 val prep negatives global=50000 art_art=1986 art_any=50000
[STAGE] 2026-04-23 12:54:09 val prep unique_entities=136169
[STAGE] 2026-04-23 12:54:11 val prep entity_bank_ready unique_entities=136169 emb_dim=512
[STAGE] 2026-04-23 12:54:11 val start step=7000 epoch=0 task=relation_ranking subset=global triples=50000 batches=98 eval_batch_size=512
[STAGE] 2026-04-23 12:54:13 val start step=7000 epoch=0 task=triple_scoring subset=global triples=50000 batches=98 eval_batch_size=512
[STAGE] 2026-04-23 12:54:13 val start step=7000 epoch=0 task=relation_ranking subset=art_art triples=1986 batches=4 eval_batch_size=512
[STAGE] 2026-04-23 12:54:13 val start step=7000 epoch=0 task=triple_scoring subset=art_art triples=1986 batches=4 eval_batch_size=512
[STAGE] 2026-04-23 12:54:13 val start step=7000 epoch=0 task=relation_ranking subset=art_any triples=50000 batches=98 eval_batch_size=512
[STAGE] 2026-04-23 12:54:14 val start step=7000 epoch=0 task=triple_scoring subset=art_any triples=50000 batches=98 eval_batch_size=512
[VAL] 2026-04-23 12:54:15 step=7000 epoch=0 mrr=0.565633 aucpr=0.966210 art_art_mrr=0.208505 art_art_aucpr=0.808173 art_any_mrr=0.565635 art_any_aucpr=0.892980
[TRAIN] 2026-04-23 12:54:17 step=7000/67071 (10.44%) epoch=1/3 epoch_step=7000/22357 (31.31%) loss=0.234500 lr=0.000999942 elapsed=19:30 eta=02:47:19 val_mrr=0.660536
[TRAIN] 2026-04-23 12:54:18 step=7010/67071 (10.45%) epoch=1/3 epoch_step=7010/22357 (31.35%) loss=0.205093 lr=0.000999937 elapsed=19:31 eta=02:47:14 val_mrr=0.660536
[TRAIN] 2026-04-23 12:54:19 step=7020/67071 (10.47%) epoch=1/3 epoch_step=7020/22357 (31.40%) loss=0.208778 lr=0.000999933 elapsed=19:32 eta=02:47:09 val_mrr=0.660536
[TRAIN] 2026-04-23 12:54:20 step=7030/67071 (10.48%) epoch=1/3 epoch_step=7030/22357 (31.44%) loss=0.196440 lr=0.000999929 elapsed=19:34 eta=02:47:04 val_mrr=0.660536
[TRAIN] 2026-04-23 12:54:22 step=7040/67071 (10.50%) epoch=1/3 epoch_step=7040/22357 (31.49%) loss=0.200313 lr=0.000999925 elapsed=19:35 eta=02:46:59 val_mrr=0.660536
[TRAIN] 2026-04-23 12:54:23 step=7050/67071 (10.51%) epoch=1/3 epoch_step=7050/22357 (31.53%) loss=0.196737 lr=0.00099992 elapsed=19:37 eta=02:46:57 val_mrr=0.660536
[TRAIN] 2026-04-23 12:54:25 step=7060/67071 (10.53%) epoch=1/3 epoch_step=7060/22357 (31.58%) loss=0.208973 lr=0.000999915 elapsed=19:38 eta=02:46:52 val_mrr=0.660536
[TRAIN] 2026-04-23 12:54:26 step=7070/67071 (10.54%) epoch=1/3 epoch_step=7070/22357 (31.62%) loss=0.251517 lr=0.00099991 elapsed=19:39 eta=02:46:47 val_mrr=0.660536
[TRAIN] 2026-04-23 12:54:27 step=7080/67071 (10.56%) epoch=1/3 epoch_step=7080/22357 (31.67%) loss=0.213152 lr=0.000999905 elapsed=19:40 eta=02:46:42 val_mrr=0.660536
[TRAIN] 2026-04-23 12:54:28 step=7090/67071 (10.57%) epoch=1/3 epoch_step=7090/22357 (31.71%) loss=0.185191 lr=0.0009999 elapsed=19:42 eta=02:46:37 val_mrr=0.660536
[TRAIN] 2026-04-23 12:54:32 step=7100/67071 (10.59%) epoch=1/3 epoch_step=7100/22357 (31.76%) loss=0.158844 lr=0.000999895 elapsed=19:45 eta=02:46:48 val_mrr=0.660536
[TRAIN] 2026-04-23 12:54:33 step=7110/67071 (10.60%) epoch=1/3 epoch_step=7110/22357 (31.80%) loss=0.227929 lr=0.00099989 elapsed=19:46 eta=02:46:43 val_mrr=0.660536
[TRAIN] 2026-04-23 12:54:34 step=7120/67071 (10.62%) epoch=1/3 epoch_step=7120/22357 (31.85%) loss=0.224983 lr=0.000999884 elapsed=19:47 eta=02:46:38 val_mrr=0.660536
[TRAIN] 2026-04-23 12:54:35 step=7130/67071 (10.63%) epoch=1/3 epoch_step=7130/22357 (31.89%) loss=0.210949 lr=0.000999878 elapsed=19:49 eta=02:46:34 val_mrr=0.660536
[TRAIN] 2026-04-23 12:54:37 step=7140/67071 (10.65%) epoch=1/3 epoch_step=7140/22357 (31.94%) loss=0.229360 lr=0.000999873 elapsed=19:50 eta=02:46:29 val_mrr=0.660536
[TRAIN] 2026-04-23 12:54:38 step=7150/67071 (10.66%) epoch=1/3 epoch_step=7150/22357 (31.98%) loss=0.212285 lr=0.000999867 elapsed=19:52 eta=02:46:27 val_mrr=0.660536
[TRAIN] 2026-04-23 12:54:40 step=7160/67071 (10.68%) epoch=1/3 epoch_step=7160/22357 (32.03%) loss=0.228471 lr=0.00099986 elapsed=19:53 eta=02:46:22 val_mrr=0.660536
[TRAIN] 2026-04-23 12:54:41 step=7170/67071 (10.69%) epoch=1/3 epoch_step=7170/22357 (32.07%) loss=0.202210 lr=0.000999854 elapsed=19:54 eta=02:46:17 val_mrr=0.660536
[TRAIN] 2026-04-23 12:54:42 step=7180/67071 (10.71%) epoch=1/3 epoch_step=7180/22357 (32.12%) loss=0.181712 lr=0.000999848 elapsed=19:56 eta=02:46:12 val_mrr=0.660536
[TRAIN] 2026-04-23 12:54:44 step=7190/67071 (10.72%) epoch=1/3 epoch_step=7190/22357 (32.16%) loss=0.210535 lr=0.000999841 elapsed=19:57 eta=02:46:08 val_mrr=0.660536
[TRAIN] 2026-04-23 12:54:47 step=7200/67071 (10.73%) epoch=1/3 epoch_step=7200/22357 (32.20%) loss=0.195174 lr=0.000999835 elapsed=20:00 eta=02:46:17 val_mrr=0.660536
[TRAIN] 2026-04-23 12:54:48 step=7210/67071 (10.75%) epoch=1/3 epoch_step=7210/22357 (32.25%) loss=0.234604 lr=0.000999828 elapsed=20:01 eta=02:46:13 val_mrr=0.660536
[TRAIN] 2026-04-23 12:54:49 step=7220/67071 (10.76%) epoch=1/3 epoch_step=7220/22357 (32.29%) loss=0.191626 lr=0.000999821 elapsed=20:02 eta=02:46:08 val_mrr=0.660536
[TRAIN] 2026-04-23 12:54:51 step=7230/67071 (10.78%) epoch=1/3 epoch_step=7230/22357 (32.34%) loss=0.228273 lr=0.000999814 elapsed=20:04 eta=02:46:04 val_mrr=0.660536
[TRAIN] 2026-04-23 12:54:52 step=7240/67071 (10.79%) epoch=1/3 epoch_step=7240/22357 (32.38%) loss=0.217883 lr=0.000999807 elapsed=20:05 eta=02:46:02 val_mrr=0.660536
[TRAIN] 2026-04-23 12:54:53 step=7250/67071 (10.81%) epoch=1/3 epoch_step=7250/22357 (32.43%) loss=0.187369 lr=0.0009998 elapsed=20:07 eta=02:45:57 val_mrr=0.660536
[TRAIN] 2026-04-23 12:54:55 step=7260/67071 (10.82%) epoch=1/3 epoch_step=7260/22357 (32.47%) loss=0.207782 lr=0.000999792 elapsed=20:08 eta=02:45:52 val_mrr=0.660536
[TRAIN] 2026-04-23 12:54:56 step=7270/67071 (10.84%) epoch=1/3 epoch_step=7270/22357 (32.52%) loss=0.205216 lr=0.000999785 elapsed=20:09 eta=02:45:47 val_mrr=0.660536
[TRAIN] 2026-04-23 12:54:57 step=7280/67071 (10.85%) epoch=1/3 epoch_step=7280/22357 (32.56%) loss=0.188879 lr=0.000999777 elapsed=20:11 eta=02:45:42 val_mrr=0.660536
[TRAIN] 2026-04-23 12:54:59 step=7290/67071 (10.87%) epoch=1/3 epoch_step=7290/22357 (32.61%) loss=0.196722 lr=0.000999769 elapsed=20:12 eta=02:45:37 val_mrr=0.660536
[TRAIN] 2026-04-23 12:55:02 step=7300/67071 (10.88%) epoch=1/3 epoch_step=7300/22357 (32.65%) loss=0.190000 lr=0.000999761 elapsed=20:15 eta=02:45:47 val_mrr=0.660536
[TRAIN] 2026-04-23 12:55:03 step=7310/67071 (10.90%) epoch=1/3 epoch_step=7310/22357 (32.70%) loss=0.164510 lr=0.000999753 elapsed=20:16 eta=02:45:42 val_mrr=0.660536
[TRAIN] 2026-04-23 12:55:04 step=7320/67071 (10.91%) epoch=1/3 epoch_step=7320/22357 (32.74%) loss=0.190298 lr=0.000999745 elapsed=20:17 eta=02:45:38 val_mrr=0.660536
[TRAIN] 2026-04-23 12:55:06 step=7330/67071 (10.93%) epoch=1/3 epoch_step=7330/22357 (32.79%) loss=0.171224 lr=0.000999736 elapsed=20:19 eta=02:45:36 val_mrr=0.660536
[TRAIN] 2026-04-23 12:55:07 step=7340/67071 (10.94%) epoch=1/3 epoch_step=7340/22357 (32.83%) loss=0.178669 lr=0.000999728 elapsed=20:20 eta=02:45:31 val_mrr=0.660536
[TRAIN] 2026-04-23 12:55:08 step=7350/67071 (10.96%) epoch=1/3 epoch_step=7350/22357 (32.88%) loss=0.179008 lr=0.000999719 elapsed=20:22 eta=02:45:26 val_mrr=0.660536
[TRAIN] 2026-04-23 12:55:10 step=7360/67071 (10.97%) epoch=1/3 epoch_step=7360/22357 (32.92%) loss=0.187648 lr=0.00099971 elapsed=20:23 eta=02:45:22 val_mrr=0.660536
[TRAIN] 2026-04-23 12:55:11 step=7370/67071 (10.99%) epoch=1/3 epoch_step=7370/22357 (32.97%) loss=0.220010 lr=0.000999702 elapsed=20:24 eta=02:45:17 val_mrr=0.660536
[TRAIN] 2026-04-23 12:55:12 step=7380/67071 (11.00%) epoch=1/3 epoch_step=7380/22357 (33.01%) loss=0.213724 lr=0.000999693 elapsed=20:25 eta=02:45:12 val_mrr=0.660536
[TRAIN] 2026-04-23 12:55:14 step=7390/67071 (11.02%) epoch=1/3 epoch_step=7390/22357 (33.05%) loss=0.207809 lr=0.000999683 elapsed=20:27 eta=02:45:08 val_mrr=0.660536
[TRAIN] 2026-04-23 12:55:17 step=7400/67071 (11.03%) epoch=1/3 epoch_step=7400/22357 (33.10%) loss=0.195828 lr=0.000999674 elapsed=20:30 eta=02:45:17 val_mrr=0.660536
[TRAIN] 2026-04-23 12:55:18 step=7410/67071 (11.05%) epoch=1/3 epoch_step=7410/22357 (33.14%) loss=0.172184 lr=0.000999665 elapsed=20:31 eta=02:45:12 val_mrr=0.660536
[TRAIN] 2026-04-23 12:55:19 step=7420/67071 (11.06%) epoch=1/3 epoch_step=7420/22357 (33.19%) loss=0.171157 lr=0.000999655 elapsed=20:33 eta=02:45:10 val_mrr=0.660536
[TRAIN] 2026-04-23 12:55:21 step=7430/67071 (11.08%) epoch=1/3 epoch_step=7430/22357 (33.23%) loss=0.214493 lr=0.000999645 elapsed=20:34 eta=02:45:05 val_mrr=0.660536
[TRAIN] 2026-04-23 12:55:22 step=7440/67071 (11.09%) epoch=1/3 epoch_step=7440/22357 (33.28%) loss=0.222669 lr=0.000999635 elapsed=20:35 eta=02:45:00 val_mrr=0.660536
[TRAIN] 2026-04-23 12:55:23 step=7450/67071 (11.11%) epoch=1/3 epoch_step=7450/22357 (33.32%) loss=0.197857 lr=0.000999625 elapsed=20:36 eta=02:44:55 val_mrr=0.660536
[TRAIN] 2026-04-23 12:55:24 step=7460/67071 (11.12%) epoch=1/3 epoch_step=7460/22357 (33.37%) loss=0.160236 lr=0.000999615 elapsed=20:38 eta=02:44:50 val_mrr=0.660536
[TRAIN] 2026-04-23 12:55:26 step=7470/67071 (11.14%) epoch=1/3 epoch_step=7470/22357 (33.41%) loss=0.179484 lr=0.000999605 elapsed=20:39 eta=02:44:46 val_mrr=0.660536
[TRAIN] 2026-04-23 12:55:27 step=7480/67071 (11.15%) epoch=1/3 epoch_step=7480/22357 (33.46%) loss=0.202953 lr=0.000999594 elapsed=20:40 eta=02:44:41 val_mrr=0.660536
[TRAIN] 2026-04-23 12:55:28 step=7490/67071 (11.17%) epoch=1/3 epoch_step=7490/22357 (33.50%) loss=0.178263 lr=0.000999584 elapsed=20:42 eta=02:44:36 val_mrr=0.660536
[STAGE] 2026-04-23 12:55:30 val prep subsets global=50000 art_art=1986 art_any=50000
[STAGE] 2026-04-23 12:55:30 val prep negatives global=50000 art_art=1986 art_any=50000
[STAGE] 2026-04-23 12:55:30 val prep unique_entities=136183
[STAGE] 2026-04-23 12:55:33 val prep entity_bank_ready unique_entities=136183 emb_dim=512
[STAGE] 2026-04-23 12:55:33 val start step=7500 epoch=0 task=relation_ranking subset=global triples=50000 batches=98 eval_batch_size=512
[STAGE] 2026-04-23 12:55:34 val start step=7500 epoch=0 task=triple_scoring subset=global triples=50000 batches=98 eval_batch_size=512
[STAGE] 2026-04-23 12:55:34 val start step=7500 epoch=0 task=relation_ranking subset=art_art triples=1986 batches=4 eval_batch_size=512
[STAGE] 2026-04-23 12:55:35 val start step=7500 epoch=0 task=triple_scoring subset=art_art triples=1986 batches=4 eval_batch_size=512
[STAGE] 2026-04-23 12:55:35 val start step=7500 epoch=0 task=relation_ranking subset=art_any triples=50000 batches=98 eval_batch_size=512
[STAGE] 2026-04-23 12:55:36 val start step=7500 epoch=0 task=triple_scoring subset=art_any triples=50000 batches=98 eval_batch_size=512
[VAL] 2026-04-23 12:55:36 step=7500 epoch=0 mrr=0.665169 aucpr=0.969407 art_art_mrr=0.396587 art_art_aucpr=0.909897 art_any_mrr=0.665189 art_any_aucpr=0.902362
[TRAIN] 2026-04-23 12:55:39 step=7500/67071 (11.18%) epoch=1/3 epoch_step=7500/22357 (33.55%) loss=0.193619 lr=0.000999573 elapsed=20:52 eta=02:45:47 val_mrr=0.665169
[TRAIN] 2026-04-23 12:55:40 step=7510/67071 (11.20%) epoch=1/3 epoch_step=7510/22357 (33.59%) loss=0.215206 lr=0.000999562 elapsed=20:54 eta=02:45:42 val_mrr=0.665169
[TRAIN] 2026-04-23 12:55:42 step=7520/67071 (11.21%) epoch=1/3 epoch_step=7520/22357 (33.64%) loss=0.186615 lr=0.000999552 elapsed=20:55 eta=02:45:38 val_mrr=0.665169
[TRAIN] 2026-04-23 12:55:43 step=7530/67071 (11.23%) epoch=1/3 epoch_step=7530/22357 (33.68%) loss=0.198036 lr=0.00099954 elapsed=20:56 eta=02:45:33 val_mrr=0.665169
[TRAIN] 2026-04-23 12:55:44 step=7540/67071 (11.24%) epoch=1/3 epoch_step=7540/22357 (33.73%) loss=0.183700 lr=0.000999529 elapsed=20:58 eta=02:45:29 val_mrr=0.665169
[TRAIN] 2026-04-23 12:55:46 step=7550/67071 (11.26%) epoch=1/3 epoch_step=7550/22357 (33.77%) loss=0.216484 lr=0.000999518 elapsed=20:59 eta=02:45:24 val_mrr=0.665169
[TRAIN] 2026-04-23 12:55:47 step=7560/67071 (11.27%) epoch=1/3 epoch_step=7560/22357 (33.81%) loss=0.203235 lr=0.000999506 elapsed=21:00 eta=02:45:20 val_mrr=0.665169
[TRAIN] 2026-04-23 12:55:48 step=7570/67071 (11.29%) epoch=1/3 epoch_step=7570/22357 (33.86%) loss=0.163437 lr=0.000999495 elapsed=21:02 eta=02:45:16 val_mrr=0.665169
[TRAIN] 2026-04-23 12:55:50 step=7580/67071 (11.30%) epoch=1/3 epoch_step=7580/22357 (33.90%) loss=0.188933 lr=0.000999483 elapsed=21:03 eta=02:45:11 val_mrr=0.665169
[TRAIN] 2026-04-23 12:55:51 step=7590/67071 (11.32%) epoch=1/3 epoch_step=7590/22357 (33.95%) loss=0.192362 lr=0.000999471 elapsed=21:04 eta=02:45:09 val_mrr=0.665169
[TRAIN] 2026-04-23 12:55:54 step=7600/67071 (11.33%) epoch=1/3 epoch_step=7600/22357 (33.99%) loss=0.185889 lr=0.000999459 elapsed=21:08 eta=02:45:19 val_mrr=0.665169
[TRAIN] 2026-04-23 12:55:56 step=7610/67071 (11.35%) epoch=1/3 epoch_step=7610/22357 (34.04%) loss=0.183410 lr=0.000999447 elapsed=21:09 eta=02:45:15 val_mrr=0.665169
[TRAIN] 2026-04-23 12:55:57 step=7620/67071 (11.36%) epoch=1/3 epoch_step=7620/22357 (34.08%) loss=0.176612 lr=0.000999435 elapsed=21:10 eta=02:45:10 val_mrr=0.665169
[TRAIN] 2026-04-23 12:55:58 step=7630/67071 (11.38%) epoch=1/3 epoch_step=7630/22357 (34.13%) loss=0.194238 lr=0.000999422 elapsed=21:12 eta=02:45:06 val_mrr=0.665169
[TRAIN] 2026-04-23 12:56:00 step=7640/67071 (11.39%) epoch=1/3 epoch_step=7640/22357 (34.17%) loss=0.214556 lr=0.00099941 elapsed=21:13 eta=02:45:01 val_mrr=0.665169
[TRAIN] 2026-04-23 12:56:01 step=7650/67071 (11.41%) epoch=1/3 epoch_step=7650/22357 (34.22%) loss=0.198064 lr=0.000999397 elapsed=21:14 eta=02:44:57 val_mrr=0.665169
[TRAIN] 2026-04-23 12:56:02 step=7660/67071 (11.42%) epoch=1/3 epoch_step=7660/22357 (34.26%) loss=0.194189 lr=0.000999384 elapsed=21:15 eta=02:44:52 val_mrr=0.665169
[TRAIN] 2026-04-23 12:56:03 step=7670/67071 (11.44%) epoch=1/3 epoch_step=7670/22357 (34.31%) loss=0.213874 lr=0.000999371 elapsed=21:17 eta=02:44:48 val_mrr=0.665169
[TRAIN] 2026-04-23 12:56:05 step=7680/67071 (11.45%) epoch=1/3 epoch_step=7680/22357 (34.35%) loss=0.174594 lr=0.000999358 elapsed=21:18 eta=02:44:46 val_mrr=0.665169
[TRAIN] 2026-04-23 12:56:06 step=7690/67071 (11.47%) epoch=1/3 epoch_step=7690/22357 (34.40%) loss=0.230123 lr=0.000999345 elapsed=21:20 eta=02:44:41 val_mrr=0.665169
[TRAIN] 2026-04-23 12:56:10 step=7700/67071 (11.48%) epoch=1/3 epoch_step=7700/22357 (34.44%) loss=0.192079 lr=0.000999331 elapsed=21:23 eta=02:44:55 val_mrr=0.665169
[TRAIN] 2026-04-23 12:56:11 step=7710/67071 (11.50%) epoch=1/3 epoch_step=7710/22357 (34.49%) loss=0.185951 lr=0.000999318 elapsed=21:25 eta=02:44:50 val_mrr=0.665169
[TRAIN] 2026-04-23 12:56:13 step=7720/67071 (11.51%) epoch=1/3 epoch_step=7720/22357 (34.53%) loss=0.189439 lr=0.000999304 elapsed=21:26 eta=02:44:46 val_mrr=0.665169
[TRAIN] 2026-04-23 12:56:14 step=7730/67071 (11.53%) epoch=1/3 epoch_step=7730/22357 (34.58%) loss=0.159346 lr=0.00099929 elapsed=21:27 eta=02:44:41 val_mrr=0.665169
[TRAIN] 2026-04-23 12:56:15 step=7740/67071 (11.54%) epoch=1/3 epoch_step=7740/22357 (34.62%) loss=0.190262 lr=0.000999276 elapsed=21:28 eta=02:44:36 val_mrr=0.665169
[TRAIN] 2026-04-23 12:56:16 step=7750/67071 (11.55%) epoch=1/3 epoch_step=7750/22357 (34.66%) loss=0.183979 lr=0.000999262 elapsed=21:30 eta=02:44:31 val_mrr=0.665169
[TRAIN] 2026-04-23 12:56:18 step=7760/67071 (11.57%) epoch=1/3 epoch_step=7760/22357 (34.71%) loss=0.202769 lr=0.000999248 elapsed=21:31 eta=02:44:27 val_mrr=0.665169
[TRAIN] 2026-04-23 12:56:19 step=7770/67071 (11.58%) epoch=1/3 epoch_step=7770/22357 (34.75%) loss=0.228699 lr=0.000999234 elapsed=21:32 eta=02:44:22 val_mrr=0.665169
[TRAIN] 2026-04-23 12:56:21 step=7780/67071 (11.60%) epoch=1/3 epoch_step=7780/22357 (34.80%) loss=0.202065 lr=0.000999219 elapsed=21:34 eta=02:44:20 val_mrr=0.665169
[TRAIN] 2026-04-23 12:56:22 step=7790/67071 (11.61%) epoch=1/3 epoch_step=7790/22357 (34.84%) loss=0.182665 lr=0.000999205 elapsed=21:35 eta=02:44:16 val_mrr=0.665169
[TRAIN] 2026-04-23 12:56:25 step=7800/67071 (11.63%) epoch=1/3 epoch_step=7800/22357 (34.89%) loss=0.175363 lr=0.00099919 elapsed=21:38 eta=02:44:26 val_mrr=0.665169
[TRAIN] 2026-04-23 12:56:26 step=7810/67071 (11.64%) epoch=1/3 epoch_step=7810/22357 (34.93%) loss=0.186551 lr=0.000999175 elapsed=21:40 eta=02:44:22 val_mrr=0.665169
[TRAIN] 2026-04-23 12:56:28 step=7820/67071 (11.66%) epoch=1/3 epoch_step=7820/22357 (34.98%) loss=0.207788 lr=0.00099916 elapsed=21:41 eta=02:44:17 val_mrr=0.665169
[TRAIN] 2026-04-23 12:56:29 step=7830/67071 (11.67%) epoch=1/3 epoch_step=7830/22357 (35.02%) loss=0.224601 lr=0.000999145 elapsed=21:42 eta=02:44:13 val_mrr=0.665169
[TRAIN] 2026-04-23 12:56:30 step=7840/67071 (11.69%) epoch=1/3 epoch_step=7840/22357 (35.07%) loss=0.191863 lr=0.00099913 elapsed=21:43 eta=02:44:08 val_mrr=0.665169
[TRAIN] 2026-04-23 12:56:31 step=7850/67071 (11.70%) epoch=1/3 epoch_step=7850/22357 (35.11%) loss=0.185091 lr=0.000999114 elapsed=21:45 eta=02:44:03 val_mrr=0.665169
[TRAIN] 2026-04-23 12:56:33 step=7860/67071 (11.72%) epoch=1/3 epoch_step=7860/22357 (35.16%) loss=0.198296 lr=0.000999099 elapsed=21:46 eta=02:43:58 val_mrr=0.665169
[TRAIN] 2026-04-23 12:56:34 step=7870/67071 (11.73%) epoch=1/3 epoch_step=7870/22357 (35.20%) loss=0.224113 lr=0.000999083 elapsed=21:48 eta=02:43:56 val_mrr=0.665169
[TRAIN] 2026-04-23 12:56:36 step=7880/67071 (11.75%) epoch=1/3 epoch_step=7880/22357 (35.25%) loss=0.210063 lr=0.000999067 elapsed=21:49 eta=02:43:52 val_mrr=0.665169
[TRAIN] 2026-04-23 12:56:37 step=7890/67071 (11.76%) epoch=1/3 epoch_step=7890/22357 (35.29%) loss=0.207005 lr=0.000999051 elapsed=21:50 eta=02:43:47 val_mrr=0.665169
[TRAIN] 2026-04-23 12:56:40 step=7900/67071 (11.78%) epoch=1/3 epoch_step=7900/22357 (35.34%) loss=0.188647 lr=0.000999035 elapsed=21:53 eta=02:43:57 val_mrr=0.665169
[TRAIN] 2026-04-23 12:56:41 step=7910/67071 (11.79%) epoch=1/3 epoch_step=7910/22357 (35.38%) loss=0.170460 lr=0.000999019 elapsed=21:55 eta=02:43:52 val_mrr=0.665169
[TRAIN] 2026-04-23 12:56:43 step=7920/67071 (11.81%) epoch=1/3 epoch_step=7920/22357 (35.43%) loss=0.190598 lr=0.000999003 elapsed=21:56 eta=02:43:48 val_mrr=0.665169
[TRAIN] 2026-04-23 12:56:44 step=7930/67071 (11.82%) epoch=1/3 epoch_step=7930/22357 (35.47%) loss=0.195468 lr=0.000998986 elapsed=21:57 eta=02:43:43 val_mrr=0.665169
[TRAIN] 2026-04-23 12:56:45 step=7940/67071 (11.84%) epoch=1/3 epoch_step=7940/22357 (35.51%) loss=0.184322 lr=0.000998969 elapsed=21:58 eta=02:43:39 val_mrr=0.665169
[TRAIN] 2026-04-23 12:56:46 step=7950/67071 (11.85%) epoch=1/3 epoch_step=7950/22357 (35.56%) loss=0.156825 lr=0.000998953 elapsed=22:00 eta=02:43:34 val_mrr=0.665169
[TRAIN] 2026-04-23 12:56:48 step=7960/67071 (11.87%) epoch=1/3 epoch_step=7960/22357 (35.60%) loss=0.204065 lr=0.000998936 elapsed=22:01 eta=02:43:32 val_mrr=0.665169
[TRAIN] 2026-04-23 12:56:49 step=7970/67071 (11.88%) epoch=1/3 epoch_step=7970/22357 (35.65%) loss=0.192079 lr=0.000998919 elapsed=22:03 eta=02:43:27 val_mrr=0.665169
[TRAIN] 2026-04-23 12:56:51 step=7980/67071 (11.90%) epoch=1/3 epoch_step=7980/22357 (35.69%) loss=0.209389 lr=0.000998902 elapsed=22:04 eta=02:43:23 val_mrr=0.665169
[TRAIN] 2026-04-23 12:56:52 step=7990/67071 (11.91%) epoch=1/3 epoch_step=7990/22357 (35.74%) loss=0.210531 lr=0.000998884 elapsed=22:05 eta=02:43:18 val_mrr=0.665169
[STAGE] 2026-04-23 12:56:53 val prep subsets global=50000 art_art=1986 art_any=50000
[STAGE] 2026-04-23 12:56:54 val prep negatives global=50000 art_art=1986 art_any=50000
[STAGE] 2026-04-23 12:56:54 val prep unique_entities=136092
[STAGE] 2026-04-23 12:56:56 val prep entity_bank_ready unique_entities=136092 emb_dim=512
[STAGE] 2026-04-23 12:56:56 val start step=8000 epoch=0 task=relation_ranking subset=global triples=50000 batches=98 eval_batch_size=512
[STAGE] 2026-04-23 12:56:57 val start step=8000 epoch=0 task=triple_scoring subset=global triples=50000 batches=98 eval_batch_size=512
[STAGE] 2026-04-23 12:56:58 val start step=8000 epoch=0 task=relation_ranking subset=art_art triples=1986 batches=4 eval_batch_size=512
[STAGE] 2026-04-23 12:56:58 val start step=8000 epoch=0 task=triple_scoring subset=art_art triples=1986 batches=4 eval_batch_size=512
[STAGE] 2026-04-23 12:56:58 val start step=8000 epoch=0 task=relation_ranking subset=art_any triples=50000 batches=98 eval_batch_size=512
[STAGE] 2026-04-23 12:56:59 val start step=8000 epoch=0 task=triple_scoring subset=art_any triples=50000 batches=98 eval_batch_size=512
[VAL] 2026-04-23 12:56:59 step=8000 epoch=0 mrr=0.638262 aucpr=0.970296 art_art_mrr=0.498303 art_art_aucpr=0.896676 art_any_mrr=0.638282 art_any_aucpr=0.906944
[TRAIN] 2026-04-23 12:57:01 step=8000/67071 (11.93%) epoch=1/3 epoch_step=8000/22357 (35.78%) loss=0.195948 lr=0.000998867 elapsed=22:14 eta=02:44:13 val_mrr=0.665169
[TRAIN] 2026-04-23 12:57:02 step=8010/67071 (11.94%) epoch=1/3 epoch_step=8010/22357 (35.83%) loss=0.176196 lr=0.000998849 elapsed=22:16 eta=02:44:09 val_mrr=0.665169
[TRAIN] 2026-04-23 12:57:04 step=8020/67071 (11.96%) epoch=1/3 epoch_step=8020/22357 (35.87%) loss=0.196519 lr=0.000998831 elapsed=22:17 eta=02:44:04 val_mrr=0.665169
[TRAIN] 2026-04-23 12:57:05 step=8030/67071 (11.97%) epoch=1/3 epoch_step=8030/22357 (35.92%) loss=0.189076 lr=0.000998814 elapsed=22:18 eta=02:43:59 val_mrr=0.665169
[TRAIN] 2026-04-23 12:57:07 step=8040/67071 (11.99%) epoch=1/3 epoch_step=8040/22357 (35.96%) loss=0.185039 lr=0.000998796 elapsed=22:20 eta=02:43:57 val_mrr=0.665169
[TRAIN] 2026-04-23 12:57:08 step=8050/67071 (12.00%) epoch=1/3 epoch_step=8050/22357 (36.01%) loss=0.169633 lr=0.000998778 elapsed=22:21 eta=02:43:52 val_mrr=0.665169
[TRAIN] 2026-04-23 12:57:09 step=8060/67071 (12.02%) epoch=1/3 epoch_step=8060/22357 (36.05%) loss=0.187942 lr=0.000998759 elapsed=22:22 eta=02:43:48 val_mrr=0.665169
[TRAIN] 2026-04-23 12:57:10 step=8070/67071 (12.03%) epoch=1/3 epoch_step=8070/22357 (36.10%) loss=0.213530 lr=0.000998741 elapsed=22:24 eta=02:43:43 val_mrr=0.665169
[TRAIN] 2026-04-23 12:57:12 step=8080/67071 (12.05%) epoch=1/3 epoch_step=8080/22357 (36.14%) loss=0.178300 lr=0.000998722 elapsed=22:25 eta=02:43:39 val_mrr=0.665169
[TRAIN] 2026-04-23 12:57:13 step=8090/67071 (12.06%) epoch=1/3 epoch_step=8090/22357 (36.19%) loss=0.199375 lr=0.000998704 elapsed=22:26 eta=02:43:35 val_mrr=0.665169
[TRAIN] 2026-04-23 12:57:16 step=8100/67071 (12.08%) epoch=1/3 epoch_step=8100/22357 (36.23%) loss=0.168264 lr=0.000998685 elapsed=22:29 eta=02:43:43 val_mrr=0.665169
[TRAIN] 2026-04-23 12:57:17 step=8110/67071 (12.09%) epoch=1/3 epoch_step=8110/22357 (36.27%) loss=0.225120 lr=0.000998666 elapsed=22:31 eta=02:43:39 val_mrr=0.665169
[TRAIN] 2026-04-23 12:57:19 step=8120/67071 (12.11%) epoch=1/3 epoch_step=8120/22357 (36.32%) loss=0.193807 lr=0.000998647 elapsed=22:32 eta=02:43:34 val_mrr=0.665169
[TRAIN] 2026-04-23 12:57:20 step=8130/67071 (12.12%) epoch=1/3 epoch_step=8130/22357 (36.36%) loss=0.172609 lr=0.000998628 elapsed=22:33 eta=02:43:32 val_mrr=0.665169
[TRAIN] 2026-04-23 12:57:21 step=8140/67071 (12.14%) epoch=1/3 epoch_step=8140/22357 (36.41%) loss=0.163816 lr=0.000998608 elapsed=22:35 eta=02:43:28 val_mrr=0.665169
[TRAIN] 2026-04-23 12:57:23 step=8150/67071 (12.15%) epoch=1/3 epoch_step=8150/22357 (36.45%) loss=0.218953 lr=0.000998589 elapsed=22:36 eta=02:43:23 val_mrr=0.665169
[TRAIN] 2026-04-23 12:57:24 step=8160/67071 (12.17%) epoch=1/3 epoch_step=8160/22357 (36.50%) loss=0.215075 lr=0.000998569 elapsed=22:37 eta=02:43:19 val_mrr=0.665169
[TRAIN] 2026-04-23 12:57:25 step=8170/67071 (12.18%) epoch=1/3 epoch_step=8170/22357 (36.54%) loss=0.193319 lr=0.00099855 elapsed=22:39 eta=02:43:14 val_mrr=0.665169
[TRAIN] 2026-04-23 12:57:27 step=8180/67071 (12.20%) epoch=1/3 epoch_step=8180/22357 (36.59%) loss=0.224297 lr=0.00099853 elapsed=22:40 eta=02:43:11 val_mrr=0.665169
[TRAIN] 2026-04-23 12:57:28 step=8190/67071 (12.21%) epoch=1/3 epoch_step=8190/22357 (36.63%) loss=0.235984 lr=0.00099851 elapsed=22:41 eta=02:43:07 val_mrr=0.665169
[TRAIN] 2026-04-23 12:57:31 step=8200/67071 (12.23%) epoch=1/3 epoch_step=8200/22357 (36.68%) loss=0.180641 lr=0.00099849 elapsed=22:45 eta=02:43:16 val_mrr=0.665169
[TRAIN] 2026-04-23 12:57:33 step=8210/67071 (12.24%) epoch=1/3 epoch_step=8210/22357 (36.72%) loss=0.186216 lr=0.000998469 elapsed=22:46 eta=02:43:12 val_mrr=0.665169
[TRAIN] 2026-04-23 12:57:34 step=8220/67071 (12.26%) epoch=1/3 epoch_step=8220/22357 (36.77%) loss=0.203974 lr=0.000998449 elapsed=22:47 eta=02:43:08 val_mrr=0.665169
[TRAIN] 2026-04-23 12:57:36 step=8230/67071 (12.27%) epoch=1/3 epoch_step=8230/22357 (36.81%) loss=0.167536 lr=0.000998428 elapsed=22:49 eta=02:43:07 val_mrr=0.665169
[TRAIN] 2026-04-23 12:57:37 step=8240/67071 (12.29%) epoch=1/3 epoch_step=8240/22357 (36.86%) loss=0.240822 lr=0.000998408 elapsed=22:50 eta=02:43:02 val_mrr=0.665169
[TRAIN] 2026-04-23 12:57:38 step=8250/67071 (12.30%) epoch=1/3 epoch_step=8250/22357 (36.90%) loss=0.218137 lr=0.000998387 elapsed=22:51 eta=02:42:58 val_mrr=0.665169
[TRAIN] 2026-04-23 12:57:39 step=8260/67071 (12.32%) epoch=1/3 epoch_step=8260/22357 (36.95%) loss=0.191566 lr=0.000998366 elapsed=22:53 eta=02:42:54 val_mrr=0.665169
[TRAIN] 2026-04-23 12:57:41 step=8270/67071 (12.33%) epoch=1/3 epoch_step=8270/22357 (36.99%) loss=0.220656 lr=0.000998345 elapsed=22:54 eta=02:42:49 val_mrr=0.665169
[TRAIN] 2026-04-23 12:57:42 step=8280/67071 (12.35%) epoch=1/3 epoch_step=8280/22357 (37.04%) loss=0.186997 lr=0.000998324 elapsed=22:55 eta=02:42:45 val_mrr=0.665169
[TRAIN] 2026-04-23 12:57:43 step=8290/67071 (12.36%) epoch=1/3 epoch_step=8290/22357 (37.08%) loss=0.151563 lr=0.000998302 elapsed=22:57 eta=02:42:41 val_mrr=0.665169
[TRAIN] 2026-04-23 12:57:47 step=8300/67071 (12.37%) epoch=1/3 epoch_step=8300/22357 (37.12%) loss=0.217769 lr=0.000998281 elapsed=23:00 eta=02:42:51 val_mrr=0.665169
[TRAIN] 2026-04-23 12:57:48 step=8310/67071 (12.39%) epoch=1/3 epoch_step=8310/22357 (37.17%) loss=0.175942 lr=0.000998259 elapsed=23:01 eta=02:42:46 val_mrr=0.665169
[TRAIN] 2026-04-23 12:57:49 step=8320/67071 (12.40%) epoch=1/3 epoch_step=8320/22357 (37.21%) loss=0.179157 lr=0.000998237 elapsed=23:03 eta=02:42:44 val_mrr=0.665169
[TRAIN] 2026-04-23 12:57:51 step=8330/67071 (12.42%) epoch=1/3 epoch_step=8330/22357 (37.26%) loss=0.172167 lr=0.000998215 elapsed=23:04 eta=02:42:40 val_mrr=0.665169
[TRAIN] 2026-04-23 12:57:52 step=8340/67071 (12.43%) epoch=1/3 epoch_step=8340/22357 (37.30%) loss=0.199082 lr=0.000998193 elapsed=23:05 eta=02:42:36 val_mrr=0.665169
[TRAIN] 2026-04-23 12:57:53 step=8350/67071 (12.45%) epoch=1/3 epoch_step=8350/22357 (37.35%) loss=0.182485 lr=0.000998171 elapsed=23:07 eta=02:42:32 val_mrr=0.665169
[TRAIN] 2026-04-23 12:57:55 step=8360/67071 (12.46%) epoch=1/3 epoch_step=8360/22357 (37.39%) loss=0.208786 lr=0.000998149 elapsed=23:08 eta=02:42:28 val_mrr=0.665169
[TRAIN] 2026-04-23 12:57:56 step=8370/67071 (12.48%) epoch=1/3 epoch_step=8370/22357 (37.44%) loss=0.200592 lr=0.000998126 elapsed=23:09 eta=02:42:24 val_mrr=0.665169
[TRAIN] 2026-04-23 12:57:57 step=8380/67071 (12.49%) epoch=1/3 epoch_step=8380/22357 (37.48%) loss=0.206334 lr=0.000998104 elapsed=23:11 eta=02:42:20 val_mrr=0.665169
[TRAIN] 2026-04-23 12:57:59 step=8390/67071 (12.51%) epoch=1/3 epoch_step=8390/22357 (37.53%) loss=0.194356 lr=0.000998081 elapsed=23:12 eta=02:42:16 val_mrr=0.665169
[TRAIN] 2026-04-23 12:58:02 step=8400/67071 (12.52%) epoch=1/3 epoch_step=8400/22357 (37.57%) loss=0.154468 lr=0.000998058 elapsed=23:15 eta=02:42:26 val_mrr=0.665169
[TRAIN] 2026-04-23 12:58:04 step=8410/67071 (12.54%) epoch=1/3 epoch_step=8410/22357 (37.62%) loss=0.190559 lr=0.000998035 elapsed=23:17 eta=02:42:24 val_mrr=0.665169
[TRAIN] 2026-04-23 12:58:05 step=8420/67071 (12.55%) epoch=1/3 epoch_step=8420/22357 (37.66%) loss=0.183513 lr=0.000998012 elapsed=23:18 eta=02:42:20 val_mrr=0.665169
[TRAIN] 2026-04-23 12:58:06 step=8430/67071 (12.57%) epoch=1/3 epoch_step=8430/22357 (37.71%) loss=0.200832 lr=0.000997989 elapsed=23:20 eta=02:42:16 val_mrr=0.665169
[TRAIN] 2026-04-23 12:58:08 step=8440/67071 (12.58%) epoch=1/3 epoch_step=8440/22357 (37.75%) loss=0.225107 lr=0.000997966 elapsed=23:21 eta=02:42:12 val_mrr=0.665169
[TRAIN] 2026-04-23 12:58:09 step=8450/67071 (12.60%) epoch=1/3 epoch_step=8450/22357 (37.80%) loss=0.202010 lr=0.000997942 elapsed=23:22 eta=02:42:08 val_mrr=0.665169
[TRAIN] 2026-04-23 12:58:10 step=8460/67071 (12.61%) epoch=1/3 epoch_step=8460/22357 (37.84%) loss=0.179830 lr=0.000997918 elapsed=23:24 eta=02:42:04 val_mrr=0.665169
[TRAIN] 2026-04-23 12:58:12 step=8470/67071 (12.63%) epoch=1/3 epoch_step=8470/22357 (37.89%) loss=0.197821 lr=0.000997895 elapsed=23:25 eta=02:42:00 val_mrr=0.665169
[TRAIN] 2026-04-23 12:58:13 step=8480/67071 (12.64%) epoch=1/3 epoch_step=8480/22357 (37.93%) loss=0.215237 lr=0.000997871 elapsed=23:26 eta=02:41:56 val_mrr=0.665169
[TRAIN] 2026-04-23 12:58:14 step=8490/67071 (12.66%) epoch=1/3 epoch_step=8490/22357 (37.97%) loss=0.191030 lr=0.000997847 elapsed=23:28 eta=02:41:52 val_mrr=0.665169
[STAGE] 2026-04-23 12:58:16 val prep subsets global=50000 art_art=1986 art_any=50000
[STAGE] 2026-04-23 12:58:16 val prep negatives global=50000 art_art=1986 art_any=50000
[STAGE] 2026-04-23 12:58:16 val prep unique_entities=136239
[STAGE] 2026-04-23 12:58:19 val prep entity_bank_ready unique_entities=136239 emb_dim=512
[STAGE] 2026-04-23 12:58:19 val start step=8500 epoch=0 task=relation_ranking subset=global triples=50000 batches=98 eval_batch_size=512
[STAGE] 2026-04-23 12:58:20 val start step=8500 epoch=0 task=triple_scoring subset=global triples=50000 batches=98 eval_batch_size=512
[STAGE] 2026-04-23 12:58:20 val start step=8500 epoch=0 task=relation_ranking subset=art_art triples=1986 batches=4 eval_batch_size=512
[STAGE] 2026-04-23 12:58:21 val start step=8500 epoch=0 task=triple_scoring subset=art_art triples=1986 batches=4 eval_batch_size=512
[STAGE] 2026-04-23 12:58:21 val start step=8500 epoch=0 task=relation_ranking subset=art_any triples=50000 batches=98 eval_batch_size=512
[STAGE] 2026-04-23 12:58:22 val start step=8500 epoch=0 task=triple_scoring subset=art_any triples=50000 batches=98 eval_batch_size=512
[VAL] 2026-04-23 12:58:22 step=8500 epoch=0 mrr=0.648189 aucpr=0.970757 art_art_mrr=0.417814 art_art_aucpr=0.897840 art_any_mrr=0.648208 art_any_aucpr=0.900790
[TRAIN] 2026-04-23 12:58:24 step=8500/67071 (12.67%) epoch=1/3 epoch_step=8500/22357 (38.02%) loss=0.230404 lr=0.000997822 elapsed=23:37 eta=02:42:46 val_mrr=0.665169
[TRAIN] 2026-04-23 12:58:25 step=8510/67071 (12.69%) epoch=1/3 epoch_step=8510/22357 (38.06%) loss=0.221118 lr=0.000997798 elapsed=23:39 eta=02:42:42 val_mrr=0.665169
[TRAIN] 2026-04-23 12:58:27 step=8520/67071 (12.70%) epoch=1/3 epoch_step=8520/22357 (38.11%) loss=0.198469 lr=0.000997774 elapsed=23:40 eta=02:42:38 val_mrr=0.665169
[TRAIN] 2026-04-23 12:58:28 step=8530/67071 (12.72%) epoch=1/3 epoch_step=8530/22357 (38.15%) loss=0.233012 lr=0.000997749 elapsed=23:41 eta=02:42:34 val_mrr=0.665169
[TRAIN] 2026-04-23 12:58:29 step=8540/67071 (12.73%) epoch=1/3 epoch_step=8540/22357 (38.20%) loss=0.163802 lr=0.000997724 elapsed=23:43 eta=02:42:30 val_mrr=0.665169
[TRAIN] 2026-04-23 12:58:31 step=8550/67071 (12.75%) epoch=1/3 epoch_step=8550/22357 (38.24%) loss=0.184191 lr=0.000997699 elapsed=23:44 eta=02:42:26 val_mrr=0.665169
[TRAIN] 2026-04-23 12:58:32 step=8560/67071 (12.76%) epoch=1/3 epoch_step=8560/22357 (38.29%) loss=0.173846 lr=0.000997674 elapsed=23:45 eta=02:42:23 val_mrr=0.665169
[TRAIN] 2026-04-23 12:58:33 step=8570/67071 (12.78%) epoch=1/3 epoch_step=8570/22357 (38.33%) loss=0.194826 lr=0.000997649 elapsed=23:47 eta=02:42:19 val_mrr=0.665169
[TRAIN] 2026-04-23 12:58:35 step=8580/67071 (12.79%) epoch=1/3 epoch_step=8580/22357 (38.38%) loss=0.187528 lr=0.000997624 elapsed=23:48 eta=02:42:17 val_mrr=0.665169
[TRAIN] 2026-04-23 12:58:36 step=8590/67071 (12.81%) epoch=1/3 epoch_step=8590/22357 (38.42%) loss=0.205980 lr=0.000997599 elapsed=23:50 eta=02:42:12 val_mrr=0.665169
[TRAIN] 2026-04-23 12:58:39 step=8600/67071 (12.82%) epoch=1/3 epoch_step=8600/22357 (38.47%) loss=0.177078 lr=0.000997573 elapsed=23:53 eta=02:42:20 val_mrr=0.665169
[TRAIN] 2026-04-23 12:58:41 step=8610/67071 (12.84%) epoch=1/3 epoch_step=8610/22357 (38.51%) loss=0.176053 lr=0.000997547 elapsed=23:54 eta=02:42:16 val_mrr=0.665169
[TRAIN] 2026-04-23 12:58:42 step=8620/67071 (12.85%) epoch=1/3 epoch_step=8620/22357 (38.56%) loss=0.193654 lr=0.000997522 elapsed=23:55 eta=02:42:12 val_mrr=0.665169
[TRAIN] 2026-04-23 12:58:43 step=8630/67071 (12.87%) epoch=1/3 epoch_step=8630/22357 (38.60%) loss=0.189578 lr=0.000997496 elapsed=23:56 eta=02:42:07 val_mrr=0.665169
[TRAIN] 2026-04-23 12:58:44 step=8640/67071 (12.88%) epoch=1/3 epoch_step=8640/22357 (38.65%) loss=0.201118 lr=0.00099747 elapsed=23:58 eta=02:42:03 val_mrr=0.665169
[TRAIN] 2026-04-23 12:58:46 step=8650/67071 (12.90%) epoch=1/3 epoch_step=8650/22357 (38.69%) loss=0.197475 lr=0.000997443 elapsed=23:59 eta=02:41:59 val_mrr=0.665169
[TRAIN] 2026-04-23 12:58:47 step=8660/67071 (12.91%) epoch=1/3 epoch_step=8660/22357 (38.74%) loss=0.207373 lr=0.000997417 elapsed=24:00 eta=02:41:55 val_mrr=0.665169
[TRAIN] 2026-04-23 12:58:49 step=8670/67071 (12.93%) epoch=1/3 epoch_step=8670/22357 (38.78%) loss=0.191626 lr=0.000997391 elapsed=24:02 eta=02:41:53 val_mrr=0.665169
[TRAIN] 2026-04-23 12:58:50 step=8680/67071 (12.94%) epoch=1/3 epoch_step=8680/22357 (38.82%) loss=0.187782 lr=0.000997364 elapsed=24:03 eta=02:41:49 val_mrr=0.665169
[TRAIN] 2026-04-23 12:58:51 step=8690/67071 (12.96%) epoch=1/3 epoch_step=8690/22357 (38.87%) loss=0.203646 lr=0.000997337 elapsed=24:05 eta=02:41:44 val_mrr=0.665169
[TRAIN] 2026-04-23 12:58:53 step=8700/67071 (12.97%) epoch=1/3 epoch_step=8700/22357 (38.91%) loss=0.223305 lr=0.00099731 elapsed=24:07 eta=02:41:47 val_mrr=0.665169
[TRAIN] 2026-04-23 12:58:55 step=8710/67071 (12.99%) epoch=1/3 epoch_step=8710/22357 (38.96%) loss=0.197070 lr=0.000997283 elapsed=24:08 eta=02:41:42 val_mrr=0.665169
[TRAIN] 2026-04-23 12:58:56 step=8720/67071 (13.00%) epoch=1/3 epoch_step=8720/22357 (39.00%) loss=0.189848 lr=0.000997256 elapsed=24:09 eta=02:41:38 val_mrr=0.665169
[TRAIN] 2026-04-23 12:58:57 step=8730/67071 (13.02%) epoch=1/3 epoch_step=8730/22357 (39.05%) loss=0.201344 lr=0.000997229 elapsed=24:11 eta=02:41:33 val_mrr=0.665169
[TRAIN] 2026-04-23 12:58:58 step=8740/67071 (13.03%) epoch=1/3 epoch_step=8740/22357 (39.09%) loss=0.209104 lr=0.000997201 elapsed=24:12 eta=02:41:29 val_mrr=0.665169
[TRAIN] 2026-04-23 12:59:00 step=8750/67071 (13.05%) epoch=1/3 epoch_step=8750/22357 (39.14%) loss=0.176522 lr=0.000997174 elapsed=24:13 eta=02:41:25 val_mrr=0.665169
[TRAIN] 2026-04-23 12:59:01 step=8760/67071 (13.06%) epoch=1/3 epoch_step=8760/22357 (39.18%) loss=0.177779 lr=0.000997146 elapsed=24:15 eta=02:41:23 val_mrr=0.665169
[TRAIN] 2026-04-23 12:59:03 step=8770/67071 (13.08%) epoch=1/3 epoch_step=8770/22357 (39.23%) loss=0.196988 lr=0.000997118 elapsed=24:16 eta=02:41:19 val_mrr=0.665169
[TRAIN] 2026-04-23 12:59:04 step=8780/67071 (13.09%) epoch=1/3 epoch_step=8780/22357 (39.27%) loss=0.219290 lr=0.00099709 elapsed=24:17 eta=02:41:14 val_mrr=0.665169
[TRAIN] 2026-04-23 12:59:05 step=8790/67071 (13.11%) epoch=1/3 epoch_step=8790/22357 (39.32%) loss=0.202227 lr=0.000997062 elapsed=24:18 eta=02:41:10 val_mrr=0.665169
[TRAIN] 2026-04-23 12:59:08 step=8800/67071 (13.12%) epoch=1/3 epoch_step=8800/22357 (39.36%) loss=0.173805 lr=0.000997034 elapsed=24:22 eta=02:41:18 val_mrr=0.665169
[TRAIN] 2026-04-23 12:59:09 step=8810/67071 (13.14%) epoch=1/3 epoch_step=8810/22357 (39.41%) loss=0.203022 lr=0.000997006 elapsed=24:23 eta=02:41:14 val_mrr=0.665169
[TRAIN] 2026-04-23 12:59:11 step=8820/67071 (13.15%) epoch=1/3 epoch_step=8820/22357 (39.45%) loss=0.173626 lr=0.000996977 elapsed=24:24 eta=02:41:09 val_mrr=0.665169
[TRAIN] 2026-04-23 12:59:12 step=8830/67071 (13.17%) epoch=1/3 epoch_step=8830/22357 (39.50%) loss=0.175097 lr=0.000996949 elapsed=24:25 eta=02:41:05 val_mrr=0.665169
[TRAIN] 2026-04-23 12:59:13 step=8840/67071 (13.18%) epoch=1/3 epoch_step=8840/22357 (39.54%) loss=0.200326 lr=0.00099692 elapsed=24:27 eta=02:41:01 val_mrr=0.665169
[TRAIN] 2026-04-23 12:59:15 step=8850/67071 (13.19%) epoch=1/3 epoch_step=8850/22357 (39.58%) loss=0.155555 lr=0.000996891 elapsed=24:28 eta=02:40:59 val_mrr=0.665169
[TRAIN] 2026-04-23 12:59:16 step=8860/67071 (13.21%) epoch=1/3 epoch_step=8860/22357 (39.63%) loss=0.194166 lr=0.000996862 elapsed=24:30 eta=02:40:55 val_mrr=0.665169
[TRAIN] 2026-04-23 12:59:18 step=8870/67071 (13.22%) epoch=1/3 epoch_step=8870/22357 (39.67%) loss=0.184970 lr=0.000996833 elapsed=24:31 eta=02:40:51 val_mrr=0.665169
[TRAIN] 2026-04-23 12:59:19 step=8880/67071 (13.24%) epoch=1/3 epoch_step=8880/22357 (39.72%) loss=0.172340 lr=0.000996803 elapsed=24:32 eta=02:40:47 val_mrr=0.665169
[TRAIN] 2026-04-23 12:59:20 step=8890/67071 (13.25%) epoch=1/3 epoch_step=8890/22357 (39.76%) loss=0.211110 lr=0.000996774 elapsed=24:33 eta=02:40:43 val_mrr=0.665169
[TRAIN] 2026-04-23 12:59:23 step=8900/67071 (13.27%) epoch=1/3 epoch_step=8900/22357 (39.81%) loss=0.197624 lr=0.000996744 elapsed=24:36 eta=02:40:50 val_mrr=0.665169
[TRAIN] 2026-04-23 12:59:24 step=8910/67071 (13.28%) epoch=1/3 epoch_step=8910/22357 (39.85%) loss=0.167610 lr=0.000996715 elapsed=24:38 eta=02:40:46 val_mrr=0.665169
[TRAIN] 2026-04-23 12:59:26 step=8920/67071 (13.30%) epoch=1/3 epoch_step=8920/22357 (39.90%) loss=0.203290 lr=0.000996685 elapsed=24:39 eta=02:40:42 val_mrr=0.665169
[TRAIN] 2026-04-23 12:59:27 step=8930/67071 (13.31%) epoch=1/3 epoch_step=8930/22357 (39.94%) loss=0.145785 lr=0.000996655 elapsed=24:40 eta=02:40:38 val_mrr=0.665169
[TRAIN] 2026-04-23 12:59:28 step=8940/67071 (13.33%) epoch=1/3 epoch_step=8940/22357 (39.99%) loss=0.205601 lr=0.000996625 elapsed=24:42 eta=02:40:34 val_mrr=0.665169
[TRAIN] 2026-04-23 12:59:30 step=8950/67071 (13.34%) epoch=1/3 epoch_step=8950/22357 (40.03%) loss=0.191769 lr=0.000996594 elapsed=24:43 eta=02:40:32 val_mrr=0.665169
[TRAIN] 2026-04-23 12:59:31 step=8960/67071 (13.36%) epoch=1/3 epoch_step=8960/22357 (40.08%) loss=0.164849 lr=0.000996564 elapsed=24:44 eta=02:40:28 val_mrr=0.665169
[TRAIN] 2026-04-23 12:59:32 step=8970/67071 (13.37%) epoch=1/3 epoch_step=8970/22357 (40.12%) loss=0.188053 lr=0.000996533 elapsed=24:46 eta=02:40:24 val_mrr=0.665169
[TRAIN] 2026-04-23 12:59:34 step=8980/67071 (13.39%) epoch=1/3 epoch_step=8980/22357 (40.17%) loss=0.174231 lr=0.000996503 elapsed=24:47 eta=02:40:20 val_mrr=0.665169
[TRAIN] 2026-04-23 12:59:35 step=8990/67071 (13.40%) epoch=1/3 epoch_step=8990/22357 (40.21%) loss=0.193017 lr=0.000996472 elapsed=24:48 eta=02:40:16 val_mrr=0.665169
[STAGE] 2026-04-23 12:59:37 val prep subsets global=50000 art_art=1986 art_any=50000
[STAGE] 2026-04-23 12:59:37 val prep negatives global=50000 art_art=1986 art_any=50000
[STAGE] 2026-04-23 12:59:37 val prep unique_entities=136145
[STAGE] 2026-04-23 12:59:39 val prep entity_bank_ready unique_entities=136145 emb_dim=512
[STAGE] 2026-04-23 12:59:39 val start step=9000 epoch=0 task=relation_ranking subset=global triples=50000 batches=98 eval_batch_size=512
[STAGE] 2026-04-23 12:59:41 val start step=9000 epoch=0 task=triple_scoring subset=global triples=50000 batches=98 eval_batch_size=512
[STAGE] 2026-04-23 12:59:41 val start step=9000 epoch=0 task=relation_ranking subset=art_art triples=1986 batches=4 eval_batch_size=512
[STAGE] 2026-04-23 12:59:41 val start step=9000 epoch=0 task=triple_scoring subset=art_art triples=1986 batches=4 eval_batch_size=512
[STAGE] 2026-04-23 12:59:41 val start step=9000 epoch=0 task=relation_ranking subset=art_any triples=50000 batches=98 eval_batch_size=512
[STAGE] 2026-04-23 12:59:43 val start step=9000 epoch=0 task=triple_scoring subset=art_any triples=50000 batches=98 eval_batch_size=512
[VAL] 2026-04-23 12:59:43 step=9000 epoch=0 mrr=0.555684 aucpr=0.968326 art_art_mrr=0.329744 art_art_aucpr=0.895853 art_any_mrr=0.555694 art_any_aucpr=0.903249
[TRAIN] 2026-04-23 12:59:45 step=9000/67071 (13.42%) epoch=1/3 epoch_step=9000/22357 (40.26%) loss=0.189251 lr=0.000996441 elapsed=24:58 eta=02:41:05 val_mrr=0.665169
[TRAIN] 2026-04-23 12:59:46 step=9010/67071 (13.43%) epoch=1/3 epoch_step=9010/22357 (40.30%) loss=0.180546 lr=0.00099641 elapsed=24:59 eta=02:41:01 val_mrr=0.665169
[TRAIN] 2026-04-23 12:59:47 step=9020/67071 (13.45%) epoch=1/3 epoch_step=9020/22357 (40.35%) loss=0.165455 lr=0.000996379 elapsed=25:00 eta=02:40:57 val_mrr=0.665169
[TRAIN] 2026-04-23 12:59:49 step=9030/67071 (13.46%) epoch=1/3 epoch_step=9030/22357 (40.39%) loss=0.195320 lr=0.000996348 elapsed=25:02 eta=02:40:55 val_mrr=0.665169
[TRAIN] 2026-04-23 12:59:50 step=9040/67071 (13.48%) epoch=1/3 epoch_step=9040/22357 (40.43%) loss=0.164002 lr=0.000996316 elapsed=25:03 eta=02:40:51 val_mrr=0.665169
[TRAIN] 2026-04-23 12:59:51 step=9050/67071 (13.49%) epoch=1/3 epoch_step=9050/22357 (40.48%) loss=0.180982 lr=0.000996284 elapsed=25:05 eta=02:40:47 val_mrr=0.665169
[TRAIN] 2026-04-23 12:59:53 step=9060/67071 (13.51%) epoch=1/3 epoch_step=9060/22357 (40.52%) loss=0.169529 lr=0.000996253 elapsed=25:06 eta=02:40:43 val_mrr=0.665169
[TRAIN] 2026-04-23 12:59:54 step=9070/67071 (13.52%) epoch=1/3 epoch_step=9070/22357 (40.57%) loss=0.197104 lr=0.000996221 elapsed=25:07 eta=02:40:39 val_mrr=0.665169
[TRAIN] 2026-04-23 12:59:55 step=9080/67071 (13.54%) epoch=1/3 epoch_step=9080/22357 (40.61%) loss=0.203569 lr=0.000996189 elapsed=25:09 eta=02:40:35 val_mrr=0.665169
[TRAIN] 2026-04-23 12:59:57 step=9090/67071 (13.55%) epoch=1/3 epoch_step=9090/22357 (40.66%) loss=0.196573 lr=0.000996157 elapsed=25:10 eta=02:40:31 val_mrr=0.665169
[TRAIN] 2026-04-23 13:00:00 step=9100/67071 (13.57%) epoch=1/3 epoch_step=9100/22357 (40.70%) loss=0.206341 lr=0.000996124 elapsed=25:13 eta=02:40:40 val_mrr=0.665169
[TRAIN] 2026-04-23 13:00:01 step=9110/67071 (13.58%) epoch=1/3 epoch_step=9110/22357 (40.75%) loss=0.188708 lr=0.000996092 elapsed=25:15 eta=02:40:36 val_mrr=0.665169
[TRAIN] 2026-04-23 13:00:03 step=9120/67071 (13.60%) epoch=1/3 epoch_step=9120/22357 (40.79%) loss=0.191385 lr=0.00099606 elapsed=25:16 eta=02:40:34 val_mrr=0.665169
[TRAIN] 2026-04-23 13:00:04 step=9130/67071 (13.61%) epoch=1/3 epoch_step=9130/22357 (40.84%) loss=0.173208 lr=0.000996027 elapsed=25:17 eta=02:40:30 val_mrr=0.665169
[TRAIN] 2026-04-23 13:00:05 step=9140/67071 (13.63%) epoch=1/3 epoch_step=9140/22357 (40.88%) loss=0.191328 lr=0.000995994 elapsed=25:19 eta=02:40:26 val_mrr=0.665169
[TRAIN] 2026-04-23 13:00:07 step=9150/67071 (13.64%) epoch=1/3 epoch_step=9150/22357 (40.93%) loss=0.165684 lr=0.000995961 elapsed=25:20 eta=02:40:22 val_mrr=0.665169
[TRAIN] 2026-04-23 13:00:08 step=9160/67071 (13.66%) epoch=1/3 epoch_step=9160/22357 (40.97%) loss=0.192246 lr=0.000995928 elapsed=25:21 eta=02:40:18 val_mrr=0.665169
[TRAIN] 2026-04-23 13:00:09 step=9170/67071 (13.67%) epoch=1/3 epoch_step=9170/22357 (41.02%) loss=0.141697 lr=0.000995895 elapsed=25:23 eta=02:40:14 val_mrr=0.665169
[TRAIN] 2026-04-23 13:00:11 step=9180/67071 (13.69%) epoch=1/3 epoch_step=9180/22357 (41.06%) loss=0.209873 lr=0.000995861 elapsed=25:24 eta=02:40:10 val_mrr=0.665169
[TRAIN] 2026-04-23 13:00:12 step=9190/67071 (13.70%) epoch=1/3 epoch_step=9190/22357 (41.11%) loss=0.162485 lr=0.000995828 elapsed=25:25 eta=02:40:06 val_mrr=0.665169
[TRAIN] 2026-04-23 13:00:15 step=9200/67071 (13.72%) epoch=1/3 epoch_step=9200/22357 (41.15%) loss=0.195041 lr=0.000995794 elapsed=25:28 eta=02:40:14 val_mrr=0.665169
[TRAIN] 2026-04-23 13:00:17 step=9210/67071 (13.73%) epoch=1/3 epoch_step=9210/22357 (41.20%) loss=0.179719 lr=0.000995761 elapsed=25:30 eta=02:40:12 val_mrr=0.665169
[TRAIN] 2026-04-23 13:00:18 step=9220/67071 (13.75%) epoch=1/3 epoch_step=9220/22357 (41.24%) loss=0.184692 lr=0.000995727 elapsed=25:31 eta=02:40:08 val_mrr=0.665169
[TRAIN] 2026-04-23 13:00:19 step=9230/67071 (13.76%) epoch=1/3 epoch_step=9230/22357 (41.28%) loss=0.190040 lr=0.000995693 elapsed=25:33 eta=02:40:04 val_mrr=0.665169
[TRAIN] 2026-04-23 13:00:21 step=9240/67071 (13.78%) epoch=1/3 epoch_step=9240/22357 (41.33%) loss=0.188406 lr=0.000995659 elapsed=25:34 eta=02:40:00 val_mrr=0.665169
[TRAIN] 2026-04-23 13:00:22 step=9250/67071 (13.79%) epoch=1/3 epoch_step=9250/22357 (41.37%) loss=0.188647 lr=0.000995624 elapsed=25:35 eta=02:39:56 val_mrr=0.665169
[TRAIN] 2026-04-23 13:00:23 step=9260/67071 (13.81%) epoch=1/3 epoch_step=9260/22357 (41.42%) loss=0.187425 lr=0.00099559 elapsed=25:36 eta=02:39:52 val_mrr=0.665169
[TRAIN] 2026-04-23 13:00:24 step=9270/67071 (13.82%) epoch=1/3 epoch_step=9270/22357 (41.46%) loss=0.157519 lr=0.000995555 elapsed=25:38 eta=02:39:48 val_mrr=0.665169
[TRAIN] 2026-04-23 13:00:26 step=9280/67071 (13.84%) epoch=1/3 epoch_step=9280/22357 (41.51%) loss=0.169535 lr=0.000995521 elapsed=25:39 eta=02:39:44 val_mrr=0.665169
[TRAIN] 2026-04-23 13:00:27 step=9290/67071 (13.85%) epoch=1/3 epoch_step=9290/22357 (41.55%) loss=0.214049 lr=0.000995486 elapsed=25:40 eta=02:39:40 val_mrr=0.665169
[TRAIN] 2026-04-23 13:00:31 step=9300/67071 (13.87%) epoch=1/3 epoch_step=9300/22357 (41.60%) loss=0.167900 lr=0.000995451 elapsed=25:44 eta=02:39:50 val_mrr=0.665169
[TRAIN] 2026-04-23 13:00:32 step=9310/67071 (13.88%) epoch=1/3 epoch_step=9310/22357 (41.64%) loss=0.162746 lr=0.000995416 elapsed=25:45 eta=02:39:46 val_mrr=0.665169
[TRAIN] 2026-04-23 13:00:33 step=9320/67071 (13.90%) epoch=1/3 epoch_step=9320/22357 (41.69%) loss=0.165146 lr=0.000995381 elapsed=25:47 eta=02:39:43 val_mrr=0.665169
[TRAIN] 2026-04-23 13:00:35 step=9330/67071 (13.91%) epoch=1/3 epoch_step=9330/22357 (41.73%) loss=0.186654 lr=0.000995345 elapsed=25:48 eta=02:39:39 val_mrr=0.665169
[TRAIN] 2026-04-23 13:00:36 step=9340/67071 (13.93%) epoch=1/3 epoch_step=9340/22357 (41.78%) loss=0.163664 lr=0.00099531 elapsed=25:49 eta=02:39:35 val_mrr=0.665169
[TRAIN] 2026-04-23 13:00:37 step=9350/67071 (13.94%) epoch=1/3 epoch_step=9350/22357 (41.82%) loss=0.162037 lr=0.000995274 elapsed=25:50 eta=02:39:31 val_mrr=0.665169
[TRAIN] 2026-04-23 13:00:38 step=9360/67071 (13.96%) epoch=1/3 epoch_step=9360/22357 (41.87%) loss=0.141275 lr=0.000995238 elapsed=25:52 eta=02:39:27 val_mrr=0.665169
[TRAIN] 2026-04-23 13:00:40 step=9370/67071 (13.97%) epoch=1/3 epoch_step=9370/22357 (41.91%) loss=0.173660 lr=0.000995202 elapsed=25:53 eta=02:39:24 val_mrr=0.665169
[TRAIN] 2026-04-23 13:00:41 step=9380/67071 (13.99%) epoch=1/3 epoch_step=9380/22357 (41.96%) loss=0.189167 lr=0.000995166 elapsed=25:54 eta=02:39:20 val_mrr=0.665169
[TRAIN] 2026-04-23 13:00:43 step=9390/67071 (14.00%) epoch=1/3 epoch_step=9390/22357 (42.00%) loss=0.189705 lr=0.00099513 elapsed=25:56 eta=02:39:18 val_mrr=0.665169
[TRAIN] 2026-04-23 13:00:46 step=9400/67071 (14.01%) epoch=1/3 epoch_step=9400/22357 (42.04%) loss=0.159062 lr=0.000995094 elapsed=25:59 eta=02:39:25 val_mrr=0.665169
[TRAIN] 2026-04-23 13:00:47 step=9410/67071 (14.03%) epoch=1/3 epoch_step=9410/22357 (42.09%) loss=0.150282 lr=0.000995057 elapsed=26:00 eta=02:39:21 val_mrr=0.665169
[TRAIN] 2026-04-23 13:00:48 step=9420/67071 (14.04%) epoch=1/3 epoch_step=9420/22357 (42.13%) loss=0.173129 lr=0.000995021 elapsed=26:02 eta=02:39:17 val_mrr=0.665169
[TRAIN] 2026-04-23 13:00:50 step=9430/67071 (14.06%) epoch=1/3 epoch_step=9430/22357 (42.18%) loss=0.179015 lr=0.000994984 elapsed=26:03 eta=02:39:14 val_mrr=0.665169
[TRAIN] 2026-04-23 13:00:51 step=9440/67071 (14.07%) epoch=1/3 epoch_step=9440/22357 (42.22%) loss=0.167842 lr=0.000994947 elapsed=26:04 eta=02:39:10 val_mrr=0.665169
[TRAIN] 2026-04-23 13:00:52 step=9450/67071 (14.09%) epoch=1/3 epoch_step=9450/22357 (42.27%) loss=0.196803 lr=0.00099491 elapsed=26:06 eta=02:39:06 val_mrr=0.665169
[TRAIN] 2026-04-23 13:00:53 step=9460/67071 (14.10%) epoch=1/3 epoch_step=9460/22357 (42.31%) loss=0.186112 lr=0.000994873 elapsed=26:07 eta=02:39:02 val_mrr=0.665169
[TRAIN] 2026-04-23 13:00:55 step=9470/67071 (14.12%) epoch=1/3 epoch_step=9470/22357 (42.36%) loss=0.154052 lr=0.000994836 elapsed=26:08 eta=02:38:58 val_mrr=0.665169
[TRAIN] 2026-04-23 13:00:56 step=9480/67071 (14.13%) epoch=1/3 epoch_step=9480/22357 (42.40%) loss=0.175885 lr=0.000994799 elapsed=26:10 eta=02:38:56 val_mrr=0.665169
[TRAIN] 2026-04-23 13:00:58 step=9490/67071 (14.15%) epoch=1/3 epoch_step=9490/22357 (42.45%) loss=0.196295 lr=0.000994761 elapsed=26:11 eta=02:38:52 val_mrr=0.665169
[STAGE] 2026-04-23 13:00:59 val prep subsets global=50000 art_art=1986 art_any=50000
[STAGE] 2026-04-23 13:01:00 val prep negatives global=50000 art_art=1986 art_any=50000
[STAGE] 2026-04-23 13:01:00 val prep unique_entities=136086
[STAGE] 2026-04-23 13:01:02 val prep entity_bank_ready unique_entities=136086 emb_dim=512
[STAGE] 2026-04-23 13:01:02 val start step=9500 epoch=0 task=relation_ranking subset=global triples=50000 batches=98 eval_batch_size=512
[STAGE] 2026-04-23 13:01:03 val start step=9500 epoch=0 task=triple_scoring subset=global triples=50000 batches=98 eval_batch_size=512
[STAGE] 2026-04-23 13:01:04 val start step=9500 epoch=0 task=relation_ranking subset=art_art triples=1986 batches=4 eval_batch_size=512
[STAGE] 2026-04-23 13:01:04 val start step=9500 epoch=0 task=triple_scoring subset=art_art triples=1986 batches=4 eval_batch_size=512
[STAGE] 2026-04-23 13:01:04 val start step=9500 epoch=0 task=relation_ranking subset=art_any triples=50000 batches=98 eval_batch_size=512
[STAGE] 2026-04-23 13:01:05 val start step=9500 epoch=0 task=triple_scoring subset=art_any triples=50000 batches=98 eval_batch_size=512
[VAL] 2026-04-23 13:01:05 step=9500 epoch=0 mrr=0.604523 aucpr=0.970520 art_art_mrr=0.370994 art_art_aucpr=0.907956 art_any_mrr=0.604533 art_any_aucpr=0.907274
[TRAIN] 2026-04-23 13:01:07 step=9500/67071 (14.16%) epoch=1/3 epoch_step=9500/22357 (42.49%) loss=0.186318 lr=0.000994724 elapsed=26:20 eta=02:39:38 val_mrr=0.665169
[TRAIN] 2026-04-23 13:01:08 step=9510/67071 (14.18%) epoch=1/3 epoch_step=9510/22357 (42.54%) loss=0.164695 lr=0.000994686 elapsed=26:22 eta=02:39:33 val_mrr=0.665169
[TRAIN] 2026-04-23 13:01:10 step=9520/67071 (14.19%) epoch=1/3 epoch_step=9520/22357 (42.58%) loss=0.150825 lr=0.000994648 elapsed=26:23 eta=02:39:29 val_mrr=0.665169
[TRAIN] 2026-04-23 13:01:11 step=9530/67071 (14.21%) epoch=1/3 epoch_step=9530/22357 (42.63%) loss=0.181520 lr=0.00099461 elapsed=26:24 eta=02:39:25 val_mrr=0.665169
[TRAIN] 2026-04-23 13:01:12 step=9540/67071 (14.22%) epoch=1/3 epoch_step=9540/22357 (42.67%) loss=0.197588 lr=0.000994572 elapsed=26:25 eta=02:39:21 val_mrr=0.665169
[TRAIN] 2026-04-23 13:01:14 step=9550/67071 (14.24%) epoch=1/3 epoch_step=9550/22357 (42.72%) loss=0.211878 lr=0.000994533 elapsed=26:27 eta=02:39:20 val_mrr=0.665169
[TRAIN] 2026-04-23 13:01:15 step=9560/67071 (14.25%) epoch=1/3 epoch_step=9560/22357 (42.76%) loss=0.172731 lr=0.000994495 elapsed=26:28 eta=02:39:16 val_mrr=0.665169
[TRAIN] 2026-04-23 13:01:16 step=9570/67071 (14.27%) epoch=1/3 epoch_step=9570/22357 (42.81%) loss=0.184276 lr=0.000994456 elapsed=26:30 eta=02:39:12 val_mrr=0.665169
[TRAIN] 2026-04-23 13:01:18 step=9580/67071 (14.28%) epoch=1/3 epoch_step=9580/22357 (42.85%) loss=0.184043 lr=0.000994418 elapsed=26:31 eta=02:39:08 val_mrr=0.665169
[TRAIN] 2026-04-23 13:01:19 step=9590/67071 (14.30%) epoch=1/3 epoch_step=9590/22357 (42.89%) loss=0.185010 lr=0.000994379 elapsed=26:32 eta=02:39:05 val_mrr=0.665169
[TRAIN] 2026-04-23 13:01:22 step=9600/67071 (14.31%) epoch=1/3 epoch_step=9600/22357 (42.94%) loss=0.173230 lr=0.00099434 elapsed=26:36 eta=02:39:12 val_mrr=0.665169
[TRAIN] 2026-04-23 13:01:24 step=9610/67071 (14.33%) epoch=1/3 epoch_step=9610/22357 (42.98%) loss=0.187871 lr=0.000994301 elapsed=26:37 eta=02:39:08 val_mrr=0.665169
[TRAIN] 2026-04-23 13:01:25 step=9620/67071 (14.34%) epoch=1/3 epoch_step=9620/22357 (43.03%) loss=0.217542 lr=0.000994261 elapsed=26:38 eta=02:39:04 val_mrr=0.665169
[TRAIN] 2026-04-23 13:01:26 step=9630/67071 (14.36%) epoch=1/3 epoch_step=9630/22357 (43.07%) loss=0.164233 lr=0.000994222 elapsed=26:39 eta=02:39:01 val_mrr=0.665169
[TRAIN] 2026-04-23 13:01:27 step=9640/67071 (14.37%) epoch=1/3 epoch_step=9640/22357 (43.12%) loss=0.206676 lr=0.000994183 elapsed=26:41 eta=02:38:57 val_mrr=0.665169
[TRAIN] 2026-04-23 13:01:29 step=9650/67071 (14.39%) epoch=1/3 epoch_step=9650/22357 (43.16%) loss=0.153362 lr=0.000994143 elapsed=26:42 eta=02:38:55 val_mrr=0.665169
[TRAIN] 2026-04-23 13:01:30 step=9660/67071 (14.40%) epoch=1/3 epoch_step=9660/22357 (43.21%) loss=0.197969 lr=0.000994103 elapsed=26:44 eta=02:38:51 val_mrr=0.665169
[TRAIN] 2026-04-23 13:01:32 step=9670/67071 (14.42%) epoch=1/3 epoch_step=9670/22357 (43.25%) loss=0.189541 lr=0.000994063 elapsed=26:45 eta=02:38:47 val_mrr=0.665169
[TRAIN] 2026-04-23 13:01:33 step=9680/67071 (14.43%) epoch=1/3 epoch_step=9680/22357 (43.30%) loss=0.168078 lr=0.000994023 elapsed=26:46 eta=02:38:44 val_mrr=0.665169
[TRAIN] 2026-04-23 13:01:34 step=9690/67071 (14.45%) epoch=1/3 epoch_step=9690/22357 (43.34%) loss=0.191131 lr=0.000993983 elapsed=26:48 eta=02:38:40 val_mrr=0.665169
[TRAIN] 2026-04-23 13:01:37 step=9700/67071 (14.46%) epoch=1/3 epoch_step=9700/22357 (43.39%) loss=0.211629 lr=0.000993943 elapsed=26:51 eta=02:38:46 val_mrr=0.665169
[TRAIN] 2026-04-23 13:01:39 step=9710/67071 (14.48%) epoch=1/3 epoch_step=9710/22357 (43.43%) loss=0.176803 lr=0.000993902 elapsed=26:52 eta=02:38:43 val_mrr=0.665169
[TRAIN] 2026-04-23 13:01:40 step=9720/67071 (14.49%) epoch=1/3 epoch_step=9720/22357 (43.48%) loss=0.178818 lr=0.000993862 elapsed=26:53 eta=02:38:39 val_mrr=0.665169
[TRAIN] 2026-04-23 13:01:41 step=9730/67071 (14.51%) epoch=1/3 epoch_step=9730/22357 (43.52%) loss=0.196787 lr=0.000993821 elapsed=26:55 eta=02:38:35 val_mrr=0.665169
[TRAIN] 2026-04-23 13:01:43 step=9740/67071 (14.52%) epoch=1/3 epoch_step=9740/22357 (43.57%) loss=0.182118 lr=0.00099378 elapsed=26:56 eta=02:38:34 val_mrr=0.665169
[TRAIN] 2026-04-23 13:01:44 step=9750/67071 (14.54%) epoch=1/3 epoch_step=9750/22357 (43.61%) loss=0.192330 lr=0.000993739 elapsed=26:58 eta=02:38:30 val_mrr=0.665169
[TRAIN] 2026-04-23 13:01:46 step=9760/67071 (14.55%) epoch=1/3 epoch_step=9760/22357 (43.66%) loss=0.182750 lr=0.000993698 elapsed=26:59 eta=02:38:26 val_mrr=0.665169
[TRAIN] 2026-04-23 13:01:47 step=9770/67071 (14.57%) epoch=1/3 epoch_step=9770/22357 (43.70%) loss=0.204294 lr=0.000993657 elapsed=27:00 eta=02:38:22 val_mrr=0.665169
[TRAIN] 2026-04-23 13:01:48 step=9780/67071 (14.58%) epoch=1/3 epoch_step=9780/22357 (43.74%) loss=0.189795 lr=0.000993615 elapsed=27:01 eta=02:38:18 val_mrr=0.665169
[TRAIN] 2026-04-23 13:01:49 step=9790/67071 (14.60%) epoch=1/3 epoch_step=9790/22357 (43.79%) loss=0.199447 lr=0.000993574 elapsed=27:03 eta=02:38:14 val_mrr=0.665169
[TRAIN] 2026-04-23 13:01:53 step=9800/67071 (14.61%) epoch=1/3 epoch_step=9800/22357 (43.83%) loss=0.176000 lr=0.000993532 elapsed=27:06 eta=02:38:22 val_mrr=0.665169
[TRAIN] 2026-04-23 13:01:54 step=9810/67071 (14.63%) epoch=1/3 epoch_step=9810/22357 (43.88%) loss=0.158654 lr=0.00099349 elapsed=27:07 eta=02:38:18 val_mrr=0.665169
[TRAIN] 2026-04-23 13:01:55 step=9820/67071 (14.64%) epoch=1/3 epoch_step=9820/22357 (43.92%) loss=0.181871 lr=0.000993448 elapsed=27:09 eta=02:38:15 val_mrr=0.665169
[TRAIN] 2026-04-23 13:01:57 step=9830/67071 (14.66%) epoch=1/3 epoch_step=9830/22357 (43.97%) loss=0.180963 lr=0.000993406 elapsed=27:10 eta=02:38:11 val_mrr=0.665169
[TRAIN] 2026-04-23 13:01:58 step=9840/67071 (14.67%) epoch=1/3 epoch_step=9840/22357 (44.01%) loss=0.170646 lr=0.000993364 elapsed=27:12 eta=02:38:09 val_mrr=0.665169
[TRAIN] 2026-04-23 13:02:00 step=9850/67071 (14.69%) epoch=1/3 epoch_step=9850/22357 (44.06%) loss=0.187365 lr=0.000993322 elapsed=27:13 eta=02:38:06 val_mrr=0.665169
[TRAIN] 2026-04-23 13:02:01 step=9860/67071 (14.70%) epoch=1/3 epoch_step=9860/22357 (44.10%) loss=0.172487 lr=0.000993279 elapsed=27:14 eta=02:38:02 val_mrr=0.665169
[TRAIN] 2026-04-23 13:02:02 step=9870/67071 (14.72%) epoch=1/3 epoch_step=9870/22357 (44.15%) loss=0.185381 lr=0.000993237 elapsed=27:15 eta=02:37:58 val_mrr=0.665169
[TRAIN] 2026-04-23 13:02:03 step=9880/67071 (14.73%) epoch=1/3 epoch_step=9880/22357 (44.19%) loss=0.188691 lr=0.000993194 elapsed=27:17 eta=02:37:54 val_mrr=0.665169
[TRAIN] 2026-04-23 13:02:05 step=9890/67071 (14.75%) epoch=1/3 epoch_step=9890/22357 (44.24%) loss=0.204283 lr=0.000993151 elapsed=27:18 eta=02:37:51 val_mrr=0.665169
[TRAIN] 2026-04-23 13:02:08 step=9900/67071 (14.76%) epoch=1/3 epoch_step=9900/22357 (44.28%) loss=0.186810 lr=0.000993108 elapsed=27:21 eta=02:37:58 val_mrr=0.665169
[TRAIN] 2026-04-23 13:02:09 step=9910/67071 (14.78%) epoch=1/3 epoch_step=9910/22357 (44.33%) loss=0.181093 lr=0.000993065 elapsed=27:22 eta=02:37:54 val_mrr=0.665169
[TRAIN] 2026-04-23 13:02:10 step=9920/67071 (14.79%) epoch=1/3 epoch_step=9920/22357 (44.37%) loss=0.194011 lr=0.000993022 elapsed=27:24 eta=02:37:50 val_mrr=0.665169
[TRAIN] 2026-04-23 13:02:12 step=9930/67071 (14.81%) epoch=1/3 epoch_step=9930/22357 (44.42%) loss=0.223561 lr=0.000992979 elapsed=27:25 eta=02:37:48 val_mrr=0.665169
[TRAIN] 2026-04-23 13:02:13 step=9940/67071 (14.82%) epoch=1/3 epoch_step=9940/22357 (44.46%) loss=0.161788 lr=0.000992935 elapsed=27:27 eta=02:37:45 val_mrr=0.665169
[TRAIN] 2026-04-23 13:02:15 step=9950/67071 (14.84%) epoch=1/3 epoch_step=9950/22357 (44.51%) loss=0.182720 lr=0.000992891 elapsed=27:28 eta=02:37:41 val_mrr=0.665169
[TRAIN] 2026-04-23 13:02:16 step=9960/67071 (14.85%) epoch=1/3 epoch_step=9960/22357 (44.55%) loss=0.177326 lr=0.000992848 elapsed=27:29 eta=02:37:37 val_mrr=0.665169
[TRAIN] 2026-04-23 13:02:17 step=9970/67071 (14.86%) epoch=1/3 epoch_step=9970/22357 (44.59%) loss=0.150744 lr=0.000992804 elapsed=27:31 eta=02:37:34 val_mrr=0.665169
[TRAIN] 2026-04-23 13:02:19 step=9980/67071 (14.88%) epoch=1/3 epoch_step=9980/22357 (44.64%) loss=0.174323 lr=0.00099276 elapsed=27:32 eta=02:37:30 val_mrr=0.665169
[TRAIN] 2026-04-23 13:02:20 step=9990/67071 (14.89%) epoch=1/3 epoch_step=9990/22357 (44.68%) loss=0.179648 lr=0.000992715 elapsed=27:33 eta=02:37:26 val_mrr=0.665169
[STAGE] 2026-04-23 13:02:22 val prep subsets global=50000 art_art=1986 art_any=50000
[STAGE] 2026-04-23 13:02:22 val prep negatives global=50000 art_art=1986 art_any=50000
[STAGE] 2026-04-23 13:02:22 val prep unique_entities=136056
[STAGE] 2026-04-23 13:02:25 val prep entity_bank_ready unique_entities=136056 emb_dim=512
[STAGE] 2026-04-23 13:02:25 val start step=10000 epoch=0 task=relation_ranking subset=global triples=50000 batches=98 eval_batch_size=512
[STAGE] 2026-04-23 13:02:26 val start step=10000 epoch=0 task=triple_scoring subset=global triples=50000 batches=98 eval_batch_size=512
[STAGE] 2026-04-23 13:02:26 val start step=10000 epoch=0 task=relation_ranking subset=art_art triples=1986 batches=4 eval_batch_size=512
[STAGE] 2026-04-23 13:02:26 val start step=10000 epoch=0 task=triple_scoring subset=art_art triples=1986 batches=4 eval_batch_size=512
[STAGE] 2026-04-23 13:02:26 val start step=10000 epoch=0 task=relation_ranking subset=art_any triples=50000 batches=98 eval_batch_size=512
[STAGE] 2026-04-23 13:02:28 val start step=10000 epoch=0 task=triple_scoring subset=art_any triples=50000 batches=98 eval_batch_size=512
[VAL] 2026-04-23 13:02:28 step=10000 epoch=0 mrr=0.621213 aucpr=0.969439 art_art_mrr=0.430154 art_art_aucpr=0.875797 art_any_mrr=0.621223 art_any_aucpr=0.897391
[STAGE] 2026-04-23 13:02:28 early stopping triggered at step=10000 epoch=0 no_improve_evals=5
[TRAIN] 2026-04-23 13:02:30 step=10000/67071 (14.91%) epoch=1/3 epoch_step=10000/22357 (44.73%) loss=0.178534 lr=0.000992671 elapsed=27:43 eta=02:38:12 val_mrr=0.665169
[STAGE] 2026-04-23 13:02:30 epoch completed epoch=1/3
[STAGE] 2026-04-23 13:02:32 test prep subsets global=1425681 art_art=2083 art_any=357035
[STAGE] 2026-04-23 13:02:38 test prep negatives global=1425681 art_art=2083 art_any=357035
[STAGE] 2026-04-23 13:02:38 test prep unique_entities=1443202
[STAGE] 2026-04-23 13:03:00 test prep entity_bank_ready unique_entities=1443202 emb_dim=512
[STAGE] 2026-04-23 13:03:00 test start step=10000 epoch=1 task=relation_ranking subset=global triples=1425681 batches=2785 eval_batch_size=512
[STAGE] 2026-04-23 13:03:41 test start step=10000 epoch=1 task=triple_scoring subset=global triples=1425681 batches=2785 eval_batch_size=512
[STAGE] 2026-04-23 13:03:50 test start step=10000 epoch=1 task=relation_ranking subset=art_art triples=2083 batches=5 eval_batch_size=512
[STAGE] 2026-04-23 13:03:50 test start step=10000 epoch=1 task=triple_scoring subset=art_art triples=2083 batches=5 eval_batch_size=512
[STAGE] 2026-04-23 13:03:50 test start step=10000 epoch=1 task=relation_ranking subset=art_any triples=357035 batches=698 eval_batch_size=512
[STAGE] 2026-04-23 13:04:00 test start step=10000 epoch=1 task=triple_scoring subset=art_any triples=357035 batches=698 eval_batch_size=512
[TEST] 2026-04-23 13:04:02 step=10000 epoch=1 mrr=0.479612 aucpr=0.970783 art_art_mrr=0.426282 art_art_aucpr=0.872327 art_any_mrr=0.631609 art_any_aucpr=0.901372
[STAGE] 2026-04-23 13:04:02 DONE train (1755.52s)
[RESULT] 2026-04-23 13:04:02 {"best_metric": 0.665169048557134, "early_stopped": true, "stopped_epoch": 1, "stopped_step": 10000, "val_mrr": 0.6212128909905866, "val_hits1": 0.42976, "val_hits3": 0.78156, "val_hits10": 0.96036, "val_top1_acc": 0.42976, "val_auc": 0.9770356188000001, "val_aucpr": 0.9694394019901497, "val_art_art_mrr": 0.4301537064195645, "val_art_art_hits1": 0.3157099697885196, "val_art_art_hits3": 0.4446122860020141, "val_art_art_hits10": 0.6988922457200403, "val_art_art_top1_acc": 0.3157099697885196, "val_art_art_auc": 0.891655232143636, "val_art_art_aucpr": 0.8757968878947853, "val_art_any_mrr": 0.6212227929513708, "val_art_any_hits1": 0.42976, "val_art_any_hits3": 0.78158, "val_art_any_hits10": 0.96038, "val_art_any_top1_acc": 0.42976, "val_art_any_auc": 0.9211099060000001, "val_art_any_aucpr": 0.8973912434594244, "test_mrr": 0.47961202869656877, "test_hits1": 0.3248482654955772, "test_hits3": 0.5645898346123712, "test_hits10": 0.7940317644690502, "test_top1_acc": 0.3248482654955772, "test_auc": 0.9780404930378825, "test_aucpr": 0.9707827330251457, "test_art_art_mrr": 0.4262816547539053, "test_art_art_hits1": 0.31204992798847814, "test_art_art_hits3": 0.4464714354296688, "test_art_art_hits10": 0.6989918386941911, "test_art_art_top1_acc": 0.31204992798847814, "test_art_art_auc": 0.8925722690762543, "test_art_art_aucpr": 0.8723266123017317, "test_art_any_mrr": 0.6316092780885976, "test_art_any_hits1": 0.44083913341829234, "test_art_any_hits3": 0.7936364782164214, "test_art_any_hits10": 0.9628579831108995, "test_art_any_top1_acc": 0.44083913341829234, "test_art_any_auc": 0.9240497956213578, "test_art_any_aucpr": 0.9013718101398493}
