nohup: ignoring input
[STAGE] 2026-04-23 01:12:51 START build experiment
[CONFIG] 2026-04-23 01:12:51 paths graph_dir=/root/autodl-tmp/个人项目2/操作数据库/full_graph_export text_dir=/root/autodl-tmp/个人项目2/操作数据库/full_graph_export/text_chunks image_dir=/root/autodl-tmp/个人项目2/图片/64 local_model_root=/root/autodl-tmp/个人项目2/链路预测实验/local_models
[CONFIG] 2026-04-23 01:12:51 models text_encoder=roberta_frozen text_model=roberta-base text_model_dir=/root/autodl-tmp/个人项目2/链路预测实验/local_models/text/roberta-base image_encoder=resnet50 image_model=resnet50 image_model_dir=/root/autodl-tmp/个人项目2/链路预测实验/local_models/image/resnet50 kge_scorer=complex
[CONFIG] 2026-04-23 01:12:51 cache_root=/root/autodl-tmp/个人项目2/边类型纯KGE/cache/full cache_session=20260423_011251_mm_kge_complex_roberta_resnet50_frozen raw_cache_root=/root/autodl-tmp/个人项目2/边类型纯KGE/cache/full/shared_raw
[DATA] 2026-04-23 01:12:54 catalog entities=1706516 art_entities=431773 chunks=85 triples=14297782 relations=353
[DATA] 2026-04-23 01:12:54 splits train=11446322 val=1425779 test=1425681 sample_chunks=0
[EVAL] 2026-04-23 01:12:54 validation_max_triples=50000 final_test_max_triples=FULL
Some weights of RobertaModel were not initialized from the model checkpoint at /root/autodl-tmp/个人项目2/链路预测实验/local_models/text/roberta-base and are newly initialized: ['roberta.pooler.dense.bias', 'roberta.pooler.dense.weight']
You should probably TRAIN this model on a down-stream task to be able to use it for predictions and inference.
[STAGE] 2026-04-23 01:12:59 image index cache loaded: /root/autodl-tmp/个人项目2/边类型纯KGE/cache/full/image_index/image_index.pkl entries=430969
[STAGE] 2026-04-23 01:12:59 DONE build experiment (8.11s)
[CONFIG] 2026-04-23 01:12:59 training run_dir=/root/autodl-tmp/个人项目2/边类型纯KGE/runs/20260423_011251_mm_kge_complex_roberta_resnet50_frozen cache_session=20260423_011251_mm_kge_complex_roberta_resnet50_frozen
[STAGE] 2026-04-23 01:12:59 START prebuild raw caches
[STAGE] 2026-04-23 01:13:10 text cache prebuild done missing=0
[STAGE] 2026-04-23 01:13:40 prebuild image raw cache: chunk=81/85 missing=10781
[STAGE] 2026-04-23 01:13:40 image raw cache prebuild done missing=416457 loaded=0
[STAGE] 2026-04-23 01:13:40 DONE prebuild raw caches (40.75s)
[STAGE] 2026-04-23 01:13:40 START train
[STAGE] 2026-04-23 01:13:40 epoch start epoch=1/3 steps_per_epoch=22357 global_step=0/67071
[TRAIN] 2026-04-23 01:13:41 step=1/67071 (0.00%) epoch=1/3 epoch_step=1/22357 (0.00%) loss=0.693118 lr=4.00001e-05 elapsed=00:01 eta=26:38:51 val_mrr=NA
[TRAIN] 2026-04-23 01:13:42 step=2/67071 (0.00%) epoch=1/3 epoch_step=2/22357 (0.01%) loss=0.693131 lr=4.00002e-05 elapsed=00:02 eta=14:49:23 val_mrr=NA
[TRAIN] 2026-04-23 01:13:42 step=3/67071 (0.00%) epoch=1/3 epoch_step=3/22357 (0.01%) loss=0.693132 lr=4.00005e-05 elapsed=00:02 eta=10:46:10 val_mrr=NA
[TRAIN] 2026-04-23 01:13:42 step=4/67071 (0.01%) epoch=1/3 epoch_step=4/22357 (0.02%) loss=0.693122 lr=4.00008e-05 elapsed=00:02 eta=08:52:59 val_mrr=NA
[TRAIN] 2026-04-23 01:13:42 step=5/67071 (0.01%) epoch=1/3 epoch_step=5/22357 (0.02%) loss=0.693168 lr=4.00013e-05 elapsed=00:02 eta=07:41:37 val_mrr=NA
[TRAIN] 2026-04-23 01:13:43 step=10/67071 (0.01%) epoch=1/3 epoch_step=10/22357 (0.04%) loss=0.693060 lr=4.00053e-05 elapsed=00:03 eta=05:06:27 val_mrr=NA
[TRAIN] 2026-04-23 01:13:44 step=20/67071 (0.03%) epoch=1/3 epoch_step=20/22357 (0.09%) loss=0.692939 lr=4.00211e-05 elapsed=00:04 eta=03:49:21 val_mrr=NA
[TRAIN] 2026-04-23 01:13:45 step=30/67071 (0.04%) epoch=1/3 epoch_step=30/22357 (0.13%) loss=0.692939 lr=4.00474e-05 elapsed=00:05 eta=03:23:04 val_mrr=NA
[TRAIN] 2026-04-23 01:13:47 step=40/67071 (0.06%) epoch=1/3 epoch_step=40/22357 (0.18%) loss=0.692592 lr=4.00843e-05 elapsed=00:07 eta=03:18:52 val_mrr=NA
[TRAIN] 2026-04-23 01:13:48 step=50/67071 (0.07%) epoch=1/3 epoch_step=50/22357 (0.22%) loss=0.692191 lr=4.01317e-05 elapsed=00:08 eta=03:08:50 val_mrr=NA
[TRAIN] 2026-04-23 01:13:50 step=60/67071 (0.09%) epoch=1/3 epoch_step=60/22357 (0.27%) loss=0.691167 lr=4.01896e-05 elapsed=00:10 eta=03:02:19 val_mrr=NA
[TRAIN] 2026-04-23 01:13:51 step=70/67071 (0.10%) epoch=1/3 epoch_step=70/22357 (0.31%) loss=0.688641 lr=4.02581e-05 elapsed=00:11 eta=02:57:45 val_mrr=NA
[TRAIN] 2026-04-23 01:13:53 step=80/67071 (0.12%) epoch=1/3 epoch_step=80/22357 (0.36%) loss=0.685899 lr=4.03371e-05 elapsed=00:12 eta=02:54:05 val_mrr=NA
[TRAIN] 2026-04-23 01:13:54 step=90/67071 (0.13%) epoch=1/3 epoch_step=90/22357 (0.40%) loss=0.684233 lr=4.04266e-05 elapsed=00:14 eta=02:52:09 val_mrr=NA
[TRAIN] 2026-04-23 01:13:56 step=100/67071 (0.15%) epoch=1/3 epoch_step=100/22357 (0.45%) loss=0.673846 lr=4.05266e-05 elapsed=00:16 eta=02:58:59 val_mrr=NA
[TRAIN] 2026-04-23 01:13:57 step=110/67071 (0.16%) epoch=1/3 epoch_step=110/22357 (0.49%) loss=0.660391 lr=4.06372e-05 elapsed=00:17 eta=02:56:21 val_mrr=NA
[TRAIN] 2026-04-23 01:13:59 step=120/67071 (0.18%) epoch=1/3 epoch_step=120/22357 (0.54%) loss=0.650527 lr=4.07583e-05 elapsed=00:19 eta=02:54:06 val_mrr=NA
[TRAIN] 2026-04-23 01:14:00 step=130/67071 (0.19%) epoch=1/3 epoch_step=130/22357 (0.58%) loss=0.653867 lr=4.08899e-05 elapsed=00:20 eta=02:54:54 val_mrr=NA
[TRAIN] 2026-04-23 01:14:02 step=140/67071 (0.21%) epoch=1/3 epoch_step=140/22357 (0.63%) loss=0.638984 lr=4.1032e-05 elapsed=00:22 eta=02:53:05 val_mrr=NA
[TRAIN] 2026-04-23 01:14:03 step=150/67071 (0.22%) epoch=1/3 epoch_step=150/22357 (0.67%) loss=0.628098 lr=4.11846e-05 elapsed=00:23 eta=02:51:37 val_mrr=NA
[TRAIN] 2026-04-23 01:14:04 step=160/67071 (0.24%) epoch=1/3 epoch_step=160/22357 (0.72%) loss=0.623314 lr=4.13477e-05 elapsed=00:24 eta=02:50:06 val_mrr=NA
[TRAIN] 2026-04-23 01:14:06 step=170/67071 (0.25%) epoch=1/3 epoch_step=170/22357 (0.76%) loss=0.606053 lr=4.15214e-05 elapsed=00:26 eta=02:48:41 val_mrr=NA
[TRAIN] 2026-04-23 01:14:07 step=180/67071 (0.27%) epoch=1/3 epoch_step=180/22357 (0.81%) loss=0.612083 lr=4.17055e-05 elapsed=00:27 eta=02:47:37 val_mrr=NA
[TRAIN] 2026-04-23 01:14:09 step=190/67071 (0.28%) epoch=1/3 epoch_step=190/22357 (0.85%) loss=0.602732 lr=4.19002e-05 elapsed=00:28 eta=02:47:07 val_mrr=NA
[TRAIN] 2026-04-23 01:14:11 step=200/67071 (0.30%) epoch=1/3 epoch_step=200/22357 (0.89%) loss=0.597470 lr=4.21053e-05 elapsed=00:31 eta=02:55:20 val_mrr=NA
[TRAIN] 2026-04-23 01:14:13 step=210/67071 (0.31%) epoch=1/3 epoch_step=210/22357 (0.94%) loss=0.594581 lr=4.23209e-05 elapsed=00:33 eta=02:54:35 val_mrr=NA
[TRAIN] 2026-04-23 01:14:15 step=220/67071 (0.33%) epoch=1/3 epoch_step=220/22357 (0.98%) loss=0.588013 lr=4.2547e-05 elapsed=00:35 eta=02:55:02 val_mrr=NA
[TRAIN] 2026-04-23 01:14:16 step=230/67071 (0.34%) epoch=1/3 epoch_step=230/22357 (1.03%) loss=0.568646 lr=4.27836e-05 elapsed=00:36 eta=02:54:22 val_mrr=NA
[TRAIN] 2026-04-23 01:14:18 step=240/67071 (0.36%) epoch=1/3 epoch_step=240/22357 (1.07%) loss=0.591653 lr=4.30307e-05 elapsed=00:37 eta=02:53:53 val_mrr=NA
[TRAIN] 2026-04-23 01:14:19 step=250/67071 (0.37%) epoch=1/3 epoch_step=250/22357 (1.12%) loss=0.608804 lr=4.32882e-05 elapsed=00:39 eta=02:53:04 val_mrr=NA
[TRAIN] 2026-04-23 01:14:20 step=260/67071 (0.39%) epoch=1/3 epoch_step=260/22357 (1.16%) loss=0.576722 lr=4.35562e-05 elapsed=00:40 eta=02:52:22 val_mrr=NA
[TRAIN] 2026-04-23 01:14:22 step=270/67071 (0.40%) epoch=1/3 epoch_step=270/22357 (1.21%) loss=0.577993 lr=4.38346e-05 elapsed=00:42 eta=02:51:45 val_mrr=NA
[TRAIN] 2026-04-23 01:14:23 step=280/67071 (0.42%) epoch=1/3 epoch_step=280/22357 (1.25%) loss=0.578917 lr=4.41235e-05 elapsed=00:43 eta=02:50:54 val_mrr=NA
[TRAIN] 2026-04-23 01:14:24 step=290/67071 (0.43%) epoch=1/3 epoch_step=290/22357 (1.30%) loss=0.574521 lr=4.44228e-05 elapsed=00:44 eta=02:50:05 val_mrr=NA
[TRAIN] 2026-04-23 01:14:27 step=300/67071 (0.45%) epoch=1/3 epoch_step=300/22357 (1.34%) loss=0.591457 lr=4.47326e-05 elapsed=00:47 eta=02:55:15 val_mrr=NA
[TRAIN] 2026-04-23 01:14:29 step=310/67071 (0.46%) epoch=1/3 epoch_step=310/22357 (1.39%) loss=0.569205 lr=4.50528e-05 elapsed=00:49 eta=02:55:23 val_mrr=NA
[TRAIN] 2026-04-23 01:14:30 step=320/67071 (0.48%) epoch=1/3 epoch_step=320/22357 (1.43%) loss=0.558608 lr=4.53834e-05 elapsed=00:50 eta=02:54:25 val_mrr=NA
[TRAIN] 2026-04-23 01:14:32 step=330/67071 (0.49%) epoch=1/3 epoch_step=330/22357 (1.48%) loss=0.569440 lr=4.57244e-05 elapsed=00:51 eta=02:53:29 val_mrr=NA
[TRAIN] 2026-04-23 01:14:33 step=340/67071 (0.51%) epoch=1/3 epoch_step=340/22357 (1.52%) loss=0.541754 lr=4.60759e-05 elapsed=00:53 eta=02:52:55 val_mrr=NA
[TRAIN] 2026-04-23 01:14:34 step=350/67071 (0.52%) epoch=1/3 epoch_step=350/22357 (1.57%) loss=0.580315 lr=4.64377e-05 elapsed=00:54 eta=02:52:05 val_mrr=NA
[TRAIN] 2026-04-23 01:14:36 step=360/67071 (0.54%) epoch=1/3 epoch_step=360/22357 (1.61%) loss=0.572751 lr=4.681e-05 elapsed=00:55 eta=02:51:20 val_mrr=NA
[TRAIN] 2026-04-23 01:14:37 step=370/67071 (0.55%) epoch=1/3 epoch_step=370/22357 (1.65%) loss=0.557305 lr=4.71926e-05 elapsed=00:57 eta=02:50:45 val_mrr=NA
[TRAIN] 2026-04-23 01:14:38 step=380/67071 (0.57%) epoch=1/3 epoch_step=380/22357 (1.70%) loss=0.562716 lr=4.75856e-05 elapsed=00:58 eta=02:50:01 val_mrr=NA
[TRAIN] 2026-04-23 01:14:39 step=390/67071 (0.58%) epoch=1/3 epoch_step=390/22357 (1.74%) loss=0.556653 lr=4.7989e-05 elapsed=00:59 eta=02:49:25 val_mrr=NA
[TRAIN] 2026-04-23 01:14:43 step=400/67071 (0.60%) epoch=1/3 epoch_step=400/22357 (1.79%) loss=0.567669 lr=4.84027e-05 elapsed=01:03 eta=02:53:41 val_mrr=NA
[TRAIN] 2026-04-23 01:14:44 step=410/67071 (0.61%) epoch=1/3 epoch_step=410/22357 (1.83%) loss=0.539646 lr=4.88268e-05 elapsed=01:04 eta=02:53:07 val_mrr=NA
[TRAIN] 2026-04-23 01:14:45 step=420/67071 (0.63%) epoch=1/3 epoch_step=420/22357 (1.88%) loss=0.552132 lr=4.92612e-05 elapsed=01:05 eta=02:52:27 val_mrr=NA
[TRAIN] 2026-04-23 01:14:47 step=430/67071 (0.64%) epoch=1/3 epoch_step=430/22357 (1.92%) loss=0.548708 lr=4.9706e-05 elapsed=01:07 eta=02:51:53 val_mrr=NA
[TRAIN] 2026-04-23 01:14:48 step=440/67071 (0.66%) epoch=1/3 epoch_step=440/22357 (1.97%) loss=0.539816 lr=5.0161e-05 elapsed=01:08 eta=02:51:14 val_mrr=NA
[TRAIN] 2026-04-23 01:14:49 step=450/67071 (0.67%) epoch=1/3 epoch_step=450/22357 (2.01%) loss=0.530299 lr=5.06264e-05 elapsed=01:09 eta=02:50:37 val_mrr=NA
[TRAIN] 2026-04-23 01:14:50 step=460/67071 (0.69%) epoch=1/3 epoch_step=460/22357 (2.06%) loss=0.541841 lr=5.11021e-05 elapsed=01:10 eta=02:50:03 val_mrr=NA
[TRAIN] 2026-04-23 01:14:52 step=470/67071 (0.70%) epoch=1/3 epoch_step=470/22357 (2.10%) loss=0.533031 lr=5.15881e-05 elapsed=01:12 eta=02:49:42 val_mrr=NA
[TRAIN] 2026-04-23 01:14:53 step=480/67071 (0.72%) epoch=1/3 epoch_step=480/22357 (2.15%) loss=0.548723 lr=5.20843e-05 elapsed=01:13 eta=02:49:07 val_mrr=NA
[TRAIN] 2026-04-23 01:14:55 step=490/67071 (0.73%) epoch=1/3 epoch_step=490/22357 (2.19%) loss=0.538204 lr=5.25909e-05 elapsed=01:15 eta=02:49:12 val_mrr=NA
[STAGE] 2026-04-23 01:14:56 val prep subsets global=50000 art_art=1986 art_any=50000
[STAGE] 2026-04-23 01:14:57 val prep negatives global=50000 art_art=1986 art_any=50000
[STAGE] 2026-04-23 01:14:57 val prep unique_entities=136259
[STAGE] 2026-04-23 01:15:00 val prep entity_bank_ready unique_entities=136259 emb_dim=512
[STAGE] 2026-04-23 01:15:00 val start step=500 epoch=0 task=relation_ranking subset=global triples=50000 batches=98 eval_batch_size=512
[STAGE] 2026-04-23 01:15:02 val start step=500 epoch=0 task=triple_scoring subset=global triples=50000 batches=98 eval_batch_size=512
[STAGE] 2026-04-23 01:15:02 val start step=500 epoch=0 task=relation_ranking subset=art_art triples=1986 batches=4 eval_batch_size=512
[STAGE] 2026-04-23 01:15:02 val start step=500 epoch=0 task=triple_scoring subset=art_art triples=1986 batches=4 eval_batch_size=512
[STAGE] 2026-04-23 01:15:02 val start step=500 epoch=0 task=relation_ranking subset=art_any triples=50000 batches=98 eval_batch_size=512
[STAGE] 2026-04-23 01:15:04 val start step=500 epoch=0 task=triple_scoring subset=art_any triples=50000 batches=98 eval_batch_size=512
[VAL] 2026-04-23 01:15:04 step=500 epoch=0 mrr=0.053760 aucpr=0.867352 art_art_mrr=0.011894 art_art_aucpr=0.541503 art_any_mrr=0.053761 art_any_aucpr=0.675557
[TRAIN] 2026-04-23 01:15:06 step=500/67071 (0.75%) epoch=1/3 epoch_step=500/22357 (2.24%) loss=0.558716 lr=5.31076e-05 elapsed=01:26 eta=03:11:36 val_mrr=0.053760
[TRAIN] 2026-04-23 01:15:08 step=510/67071 (0.76%) epoch=1/3 epoch_step=510/22357 (2.28%) loss=0.532889 lr=5.36347e-05 elapsed=01:28 eta=03:10:40 val_mrr=0.053760
[TRAIN] 2026-04-23 01:15:09 step=520/67071 (0.78%) epoch=1/3 epoch_step=520/22357 (2.33%) loss=0.521935 lr=5.41719e-05 elapsed=01:29 eta=03:09:47 val_mrr=0.053760
[TRAIN] 2026-04-23 01:15:10 step=530/67071 (0.79%) epoch=1/3 epoch_step=530/22357 (2.37%) loss=0.528868 lr=5.47194e-05 elapsed=01:30 eta=03:09:04 val_mrr=0.053760
[TRAIN] 2026-04-23 01:15:12 step=540/67071 (0.81%) epoch=1/3 epoch_step=540/22357 (2.42%) loss=0.515537 lr=5.52771e-05 elapsed=01:32 eta=03:08:14 val_mrr=0.053760
[TRAIN] 2026-04-23 01:15:13 step=550/67071 (0.82%) epoch=1/3 epoch_step=550/22357 (2.46%) loss=0.528659 lr=5.5845e-05 elapsed=01:33 eta=03:07:28 val_mrr=0.053760
[TRAIN] 2026-04-23 01:15:14 step=560/67071 (0.83%) epoch=1/3 epoch_step=560/22357 (2.50%) loss=0.526765 lr=5.64231e-05 elapsed=01:34 eta=03:06:49 val_mrr=0.053760
[TRAIN] 2026-04-23 01:15:16 step=570/67071 (0.85%) epoch=1/3 epoch_step=570/22357 (2.55%) loss=0.538015 lr=5.70113e-05 elapsed=01:36 eta=03:06:54 val_mrr=0.053760
[TRAIN] 2026-04-23 01:15:17 step=580/67071 (0.86%) epoch=1/3 epoch_step=580/22357 (2.59%) loss=0.516452 lr=5.76098e-05 elapsed=01:37 eta=03:06:11 val_mrr=0.053760
[TRAIN] 2026-04-23 01:15:19 step=590/67071 (0.88%) epoch=1/3 epoch_step=590/22357 (2.64%) loss=0.535318 lr=5.82183e-05 elapsed=01:39 eta=03:05:26 val_mrr=0.053760
[TRAIN] 2026-04-23 01:15:22 step=600/67071 (0.89%) epoch=1/3 epoch_step=600/22357 (2.68%) loss=0.538588 lr=5.8837e-05 elapsed=01:42 eta=03:07:44 val_mrr=0.053760
[TRAIN] 2026-04-23 01:15:23 step=610/67071 (0.91%) epoch=1/3 epoch_step=610/22357 (2.73%) loss=0.523957 lr=5.94658e-05 elapsed=01:43 eta=03:07:01 val_mrr=0.053760
[TRAIN] 2026-04-23 01:15:24 step=620/67071 (0.92%) epoch=1/3 epoch_step=620/22357 (2.77%) loss=0.505383 lr=6.01048e-05 elapsed=01:44 eta=03:06:19 val_mrr=0.053760
[TRAIN] 2026-04-23 01:15:26 step=630/67071 (0.94%) epoch=1/3 epoch_step=630/22357 (2.82%) loss=0.518961 lr=6.07538e-05 elapsed=01:46 eta=03:05:46 val_mrr=0.053760
[TRAIN] 2026-04-23 01:15:27 step=640/67071 (0.95%) epoch=1/3 epoch_step=640/22357 (2.86%) loss=0.531143 lr=6.14129e-05 elapsed=01:47 eta=03:05:08 val_mrr=0.053760
[TRAIN] 2026-04-23 01:15:28 step=650/67071 (0.97%) epoch=1/3 epoch_step=650/22357 (2.91%) loss=0.513914 lr=6.2082e-05 elapsed=01:48 eta=03:04:29 val_mrr=0.053760
[TRAIN] 2026-04-23 01:15:30 step=660/67071 (0.98%) epoch=1/3 epoch_step=660/22357 (2.95%) loss=0.546195 lr=6.27613e-05 elapsed=01:50 eta=03:04:24 val_mrr=0.053760
[TRAIN] 2026-04-23 01:15:31 step=670/67071 (1.00%) epoch=1/3 epoch_step=670/22357 (3.00%) loss=0.517099 lr=6.34505e-05 elapsed=01:51 eta=03:03:49 val_mrr=0.053760
[TRAIN] 2026-04-23 01:15:33 step=680/67071 (1.01%) epoch=1/3 epoch_step=680/22357 (3.04%) loss=0.518017 lr=6.41498e-05 elapsed=01:53 eta=03:03:13 val_mrr=0.053760
[TRAIN] 2026-04-23 01:15:34 step=690/67071 (1.03%) epoch=1/3 epoch_step=690/22357 (3.09%) loss=0.533973 lr=6.4859e-05 elapsed=01:54 eta=03:02:38 val_mrr=0.053760
[TRAIN] 2026-04-23 01:15:37 step=700/67071 (1.04%) epoch=1/3 epoch_step=700/22357 (3.13%) loss=0.489248 lr=6.55783e-05 elapsed=01:57 eta=03:04:30 val_mrr=0.053760
[TRAIN] 2026-04-23 01:15:38 step=710/67071 (1.06%) epoch=1/3 epoch_step=710/22357 (3.18%) loss=0.509417 lr=6.63075e-05 elapsed=01:58 eta=03:03:56 val_mrr=0.053760
[TRAIN] 2026-04-23 01:15:39 step=720/67071 (1.07%) epoch=1/3 epoch_step=720/22357 (3.22%) loss=0.509710 lr=6.70467e-05 elapsed=01:59 eta=03:03:17 val_mrr=0.053760
[TRAIN] 2026-04-23 01:15:41 step=730/67071 (1.09%) epoch=1/3 epoch_step=730/22357 (3.27%) loss=0.484761 lr=6.77958e-05 elapsed=02:01 eta=03:02:46 val_mrr=0.053760
[TRAIN] 2026-04-23 01:15:42 step=740/67071 (1.10%) epoch=1/3 epoch_step=740/22357 (3.31%) loss=0.520352 lr=6.85549e-05 elapsed=02:02 eta=03:02:18 val_mrr=0.053760
[TRAIN] 2026-04-23 01:15:43 step=750/67071 (1.12%) epoch=1/3 epoch_step=750/22357 (3.35%) loss=0.510705 lr=6.93239e-05 elapsed=02:03 eta=03:01:48 val_mrr=0.053760
[TRAIN] 2026-04-23 01:15:45 step=760/67071 (1.13%) epoch=1/3 epoch_step=760/22357 (3.40%) loss=0.521254 lr=7.01027e-05 elapsed=02:05 eta=03:01:46 val_mrr=0.053760
[TRAIN] 2026-04-23 01:15:46 step=770/67071 (1.15%) epoch=1/3 epoch_step=770/22357 (3.44%) loss=0.503600 lr=7.08914e-05 elapsed=02:06 eta=03:01:19 val_mrr=0.053760
[TRAIN] 2026-04-23 01:15:48 step=780/67071 (1.16%) epoch=1/3 epoch_step=780/22357 (3.49%) loss=0.480672 lr=7.169e-05 elapsed=02:08 eta=03:00:53 val_mrr=0.053760
[TRAIN] 2026-04-23 01:15:49 step=790/67071 (1.18%) epoch=1/3 epoch_step=790/22357 (3.53%) loss=0.498830 lr=7.24984e-05 elapsed=02:09 eta=03:00:33 val_mrr=0.053760
[TRAIN] 2026-04-23 01:15:52 step=800/67071 (1.19%) epoch=1/3 epoch_step=800/22357 (3.58%) loss=0.487497 lr=7.33167e-05 elapsed=02:12 eta=03:02:18 val_mrr=0.053760
[TRAIN] 2026-04-23 01:15:53 step=810/67071 (1.21%) epoch=1/3 epoch_step=810/22357 (3.62%) loss=0.478960 lr=7.41447e-05 elapsed=02:13 eta=03:01:52 val_mrr=0.053760
[TRAIN] 2026-04-23 01:15:55 step=820/67071 (1.22%) epoch=1/3 epoch_step=820/22357 (3.67%) loss=0.491509 lr=7.49825e-05 elapsed=02:15 eta=03:01:32 val_mrr=0.053760
[TRAIN] 2026-04-23 01:15:56 step=830/67071 (1.24%) epoch=1/3 epoch_step=830/22357 (3.71%) loss=0.492935 lr=7.58301e-05 elapsed=02:16 eta=03:01:10 val_mrr=0.053760
[TRAIN] 2026-04-23 01:15:58 step=840/67071 (1.25%) epoch=1/3 epoch_step=840/22357 (3.76%) loss=0.490287 lr=7.66875e-05 elapsed=02:18 eta=03:00:44 val_mrr=0.053760
[TRAIN] 2026-04-23 01:15:59 step=850/67071 (1.27%) epoch=1/3 epoch_step=850/22357 (3.80%) loss=0.495094 lr=7.75546e-05 elapsed=02:19 eta=03:00:45 val_mrr=0.053760
[TRAIN] 2026-04-23 01:16:01 step=860/67071 (1.28%) epoch=1/3 epoch_step=860/22357 (3.85%) loss=0.506065 lr=7.84313e-05 elapsed=02:21 eta=03:00:26 val_mrr=0.053760
[TRAIN] 2026-04-23 01:16:02 step=870/67071 (1.30%) epoch=1/3 epoch_step=870/22357 (3.89%) loss=0.519219 lr=7.93178e-05 elapsed=02:22 eta=03:00:10 val_mrr=0.053760
[TRAIN] 2026-04-23 01:16:03 step=880/67071 (1.31%) epoch=1/3 epoch_step=880/22357 (3.94%) loss=0.503127 lr=8.0214e-05 elapsed=02:23 eta=02:59:47 val_mrr=0.053760
[TRAIN] 2026-04-23 01:16:05 step=890/67071 (1.33%) epoch=1/3 epoch_step=890/22357 (3.98%) loss=0.497986 lr=8.11198e-05 elapsed=02:25 eta=02:59:25 val_mrr=0.053760
[TRAIN] 2026-04-23 01:16:08 step=900/67071 (1.34%) epoch=1/3 epoch_step=900/22357 (4.03%) loss=0.498644 lr=8.20352e-05 elapsed=02:28 eta=03:00:55 val_mrr=0.053760
[TRAIN] 2026-04-23 01:16:09 step=910/67071 (1.36%) epoch=1/3 epoch_step=910/22357 (4.07%) loss=0.488189 lr=8.29602e-05 elapsed=02:29 eta=03:00:39 val_mrr=0.053760
[TRAIN] 2026-04-23 01:16:11 step=920/67071 (1.37%) epoch=1/3 epoch_step=920/22357 (4.12%) loss=0.513408 lr=8.38948e-05 elapsed=02:30 eta=03:00:21 val_mrr=0.053760
[TRAIN] 2026-04-23 01:16:12 step=930/67071 (1.39%) epoch=1/3 epoch_step=930/22357 (4.16%) loss=0.509699 lr=8.4839e-05 elapsed=02:32 eta=03:00:01 val_mrr=0.053760
[TRAIN] 2026-04-23 01:16:14 step=940/67071 (1.40%) epoch=1/3 epoch_step=940/22357 (4.20%) loss=0.478435 lr=8.57928e-05 elapsed=02:34 eta=03:00:03 val_mrr=0.053760
[TRAIN] 2026-04-23 01:16:15 step=950/67071 (1.42%) epoch=1/3 epoch_step=950/22357 (4.25%) loss=0.485190 lr=8.67561e-05 elapsed=02:35 eta=02:59:40 val_mrr=0.053760
[TRAIN] 2026-04-23 01:16:16 step=960/67071 (1.43%) epoch=1/3 epoch_step=960/22357 (4.29%) loss=0.466697 lr=8.77289e-05 elapsed=02:36 eta=02:59:16 val_mrr=0.053760
[TRAIN] 2026-04-23 01:16:18 step=970/67071 (1.45%) epoch=1/3 epoch_step=970/22357 (4.34%) loss=0.494084 lr=8.87111e-05 elapsed=02:38 eta=02:58:54 val_mrr=0.053760
[TRAIN] 2026-04-23 01:16:19 step=980/67071 (1.46%) epoch=1/3 epoch_step=980/22357 (4.38%) loss=0.457480 lr=8.97029e-05 elapsed=02:39 eta=02:58:34 val_mrr=0.053760
[TRAIN] 2026-04-23 01:16:20 step=990/67071 (1.48%) epoch=1/3 epoch_step=990/22357 (4.43%) loss=0.487280 lr=9.07041e-05 elapsed=02:40 eta=02:58:17 val_mrr=0.053760
[STAGE] 2026-04-23 01:16:22 val prep subsets global=50000 art_art=1986 art_any=50000
[STAGE] 2026-04-23 01:16:22 val prep negatives global=50000 art_art=1986 art_any=50000
[STAGE] 2026-04-23 01:16:22 val prep unique_entities=136196
[STAGE] 2026-04-23 01:16:26 val prep entity_bank_ready unique_entities=136196 emb_dim=512
[STAGE] 2026-04-23 01:16:26 val start step=1000 epoch=0 task=relation_ranking subset=global triples=50000 batches=98 eval_batch_size=512
[STAGE] 2026-04-23 01:16:27 val start step=1000 epoch=0 task=triple_scoring subset=global triples=50000 batches=98 eval_batch_size=512
[STAGE] 2026-04-23 01:16:28 val start step=1000 epoch=0 task=relation_ranking subset=art_art triples=1986 batches=4 eval_batch_size=512
[STAGE] 2026-04-23 01:16:28 val start step=1000 epoch=0 task=triple_scoring subset=art_art triples=1986 batches=4 eval_batch_size=512
[STAGE] 2026-04-23 01:16:28 val start step=1000 epoch=0 task=relation_ranking subset=art_any triples=50000 batches=98 eval_batch_size=512
[STAGE] 2026-04-23 01:16:29 val start step=1000 epoch=0 task=triple_scoring subset=art_any triples=50000 batches=98 eval_batch_size=512
[VAL] 2026-04-23 01:16:30 step=1000 epoch=0 mrr=0.210292 aucpr=0.886220 art_art_mrr=0.067127 art_art_aucpr=0.601190 art_any_mrr=0.210293 art_any_aucpr=0.678583
[TRAIN] 2026-04-23 01:16:33 step=1000/67071 (1.49%) epoch=1/3 epoch_step=1000/22357 (4.47%) loss=0.464593 lr=9.17147e-05 elapsed=02:53 eta=03:10:00 val_mrr=0.210292
[TRAIN] 2026-04-23 01:16:34 step=1010/67071 (1.51%) epoch=1/3 epoch_step=1010/22357 (4.52%) loss=0.481785 lr=9.27347e-05 elapsed=02:54 eta=03:09:34 val_mrr=0.210292
[TRAIN] 2026-04-23 01:16:36 step=1020/67071 (1.52%) epoch=1/3 epoch_step=1020/22357 (4.56%) loss=0.469867 lr=9.37641e-05 elapsed=02:56 eta=03:09:36 val_mrr=0.210292
[TRAIN] 2026-04-23 01:16:37 step=1030/67071 (1.54%) epoch=1/3 epoch_step=1030/22357 (4.61%) loss=0.483016 lr=9.48028e-05 elapsed=02:57 eta=03:09:21 val_mrr=0.210292
[TRAIN] 2026-04-23 01:16:39 step=1040/67071 (1.55%) epoch=1/3 epoch_step=1040/22357 (4.65%) loss=0.483946 lr=9.58509e-05 elapsed=02:59 eta=03:08:57 val_mrr=0.210292
[TRAIN] 2026-04-23 01:16:40 step=1050/67071 (1.57%) epoch=1/3 epoch_step=1050/22357 (4.70%) loss=0.483647 lr=9.69082e-05 elapsed=03:00 eta=03:08:43 val_mrr=0.210292
[TRAIN] 2026-04-23 01:16:41 step=1060/67071 (1.58%) epoch=1/3 epoch_step=1060/22357 (4.74%) loss=0.448598 lr=9.79749e-05 elapsed=03:01 eta=03:08:15 val_mrr=0.210292
[TRAIN] 2026-04-23 01:16:43 step=1070/67071 (1.60%) epoch=1/3 epoch_step=1070/22357 (4.79%) loss=0.477717 lr=9.90508e-05 elapsed=03:03 eta=03:07:52 val_mrr=0.210292
[TRAIN] 2026-04-23 01:16:44 step=1080/67071 (1.61%) epoch=1/3 epoch_step=1080/22357 (4.83%) loss=0.452963 lr=0.000100136 elapsed=03:04 eta=03:07:23 val_mrr=0.210292
[TRAIN] 2026-04-23 01:16:45 step=1090/67071 (1.63%) epoch=1/3 epoch_step=1090/22357 (4.88%) loss=0.450946 lr=0.00010123 elapsed=03:05 eta=03:07:00 val_mrr=0.210292
[TRAIN] 2026-04-23 01:16:48 step=1100/67071 (1.64%) epoch=1/3 epoch_step=1100/22357 (4.92%) loss=0.477775 lr=0.000102334 elapsed=03:08 eta=03:08:05 val_mrr=0.210292
[TRAIN] 2026-04-23 01:16:50 step=1110/67071 (1.65%) epoch=1/3 epoch_step=1110/22357 (4.96%) loss=0.455100 lr=0.000103447 elapsed=03:10 eta=03:08:05 val_mrr=0.210292
[TRAIN] 2026-04-23 01:16:51 step=1120/67071 (1.67%) epoch=1/3 epoch_step=1120/22357 (5.01%) loss=0.466503 lr=0.000104569 elapsed=03:11 eta=03:07:51 val_mrr=0.210292
[TRAIN] 2026-04-23 01:16:53 step=1130/67071 (1.68%) epoch=1/3 epoch_step=1130/22357 (5.05%) loss=0.477624 lr=0.0001057 elapsed=03:13 eta=03:07:38 val_mrr=0.210292
[TRAIN] 2026-04-23 01:16:54 step=1140/67071 (1.70%) epoch=1/3 epoch_step=1140/22357 (5.10%) loss=0.462072 lr=0.00010684 elapsed=03:14 eta=03:07:19 val_mrr=0.210292
[TRAIN] 2026-04-23 01:16:56 step=1150/67071 (1.71%) epoch=1/3 epoch_step=1150/22357 (5.14%) loss=0.437221 lr=0.000107989 elapsed=03:16 eta=03:06:57 val_mrr=0.210292
[TRAIN] 2026-04-23 01:16:57 step=1160/67071 (1.73%) epoch=1/3 epoch_step=1160/22357 (5.19%) loss=0.456663 lr=0.000109147 elapsed=03:17 eta=03:06:37 val_mrr=0.210292
[TRAIN] 2026-04-23 01:16:58 step=1170/67071 (1.74%) epoch=1/3 epoch_step=1170/22357 (5.23%) loss=0.428315 lr=0.000110314 elapsed=03:18 eta=03:06:14 val_mrr=0.210292
[TRAIN] 2026-04-23 01:17:00 step=1180/67071 (1.76%) epoch=1/3 epoch_step=1180/22357 (5.28%) loss=0.424119 lr=0.00011149 elapsed=03:20 eta=03:05:54 val_mrr=0.210292
[TRAIN] 2026-04-23 01:17:01 step=1190/67071 (1.77%) epoch=1/3 epoch_step=1190/22357 (5.32%) loss=0.451176 lr=0.000112676 elapsed=03:21 eta=03:05:34 val_mrr=0.210292
[TRAIN] 2026-04-23 01:17:04 step=1200/67071 (1.79%) epoch=1/3 epoch_step=1200/22357 (5.37%) loss=0.428762 lr=0.00011387 elapsed=03:24 eta=03:06:55 val_mrr=0.210292
[TRAIN] 2026-04-23 01:17:06 step=1210/67071 (1.80%) epoch=1/3 epoch_step=1210/22357 (5.41%) loss=0.449522 lr=0.000115073 elapsed=03:26 eta=03:06:37 val_mrr=0.210292
[TRAIN] 2026-04-23 01:17:07 step=1220/67071 (1.82%) epoch=1/3 epoch_step=1220/22357 (5.46%) loss=0.463747 lr=0.000116285 elapsed=03:27 eta=03:06:21 val_mrr=0.210292
[TRAIN] 2026-04-23 01:17:09 step=1230/67071 (1.83%) epoch=1/3 epoch_step=1230/22357 (5.50%) loss=0.441978 lr=0.000117505 elapsed=03:28 eta=03:06:00 val_mrr=0.210292
[TRAIN] 2026-04-23 01:17:10 step=1240/67071 (1.85%) epoch=1/3 epoch_step=1240/22357 (5.55%) loss=0.444965 lr=0.000118735 elapsed=03:30 eta=03:05:42 val_mrr=0.210292
[TRAIN] 2026-04-23 01:17:11 step=1250/67071 (1.86%) epoch=1/3 epoch_step=1250/22357 (5.59%) loss=0.455881 lr=0.000119973 elapsed=03:31 eta=03:05:21 val_mrr=0.210292
[TRAIN] 2026-04-23 01:17:13 step=1260/67071 (1.88%) epoch=1/3 epoch_step=1260/22357 (5.64%) loss=0.426425 lr=0.00012122 elapsed=03:33 eta=03:05:01 val_mrr=0.210292
[TRAIN] 2026-04-23 01:17:14 step=1270/67071 (1.89%) epoch=1/3 epoch_step=1270/22357 (5.68%) loss=0.441235 lr=0.000122476 elapsed=03:34 eta=03:04:42 val_mrr=0.210292
[TRAIN] 2026-04-23 01:17:16 step=1280/67071 (1.91%) epoch=1/3 epoch_step=1280/22357 (5.73%) loss=0.439140 lr=0.000123741 elapsed=03:36 eta=03:04:41 val_mrr=0.210292
[TRAIN] 2026-04-23 01:17:17 step=1290/67071 (1.92%) epoch=1/3 epoch_step=1290/22357 (5.77%) loss=0.428418 lr=0.000125014 elapsed=03:37 eta=03:04:24 val_mrr=0.210292
[TRAIN] 2026-04-23 01:17:20 step=1300/67071 (1.94%) epoch=1/3 epoch_step=1300/22357 (5.81%) loss=0.414264 lr=0.000126296 elapsed=03:40 eta=03:05:24 val_mrr=0.210292
[TRAIN] 2026-04-23 01:17:21 step=1310/67071 (1.95%) epoch=1/3 epoch_step=1310/22357 (5.86%) loss=0.440581 lr=0.000127587 elapsed=03:41 eta=03:05:07 val_mrr=0.210292
[TRAIN] 2026-04-23 01:17:23 step=1320/67071 (1.97%) epoch=1/3 epoch_step=1320/22357 (5.90%) loss=0.398536 lr=0.000128886 elapsed=03:43 eta=03:04:51 val_mrr=0.210292
[TRAIN] 2026-04-23 01:17:24 step=1330/67071 (1.98%) epoch=1/3 epoch_step=1330/22357 (5.95%) loss=0.433650 lr=0.000130194 elapsed=03:44 eta=03:04:33 val_mrr=0.210292
[TRAIN] 2026-04-23 01:17:25 step=1340/67071 (2.00%) epoch=1/3 epoch_step=1340/22357 (5.99%) loss=0.415057 lr=0.000131511 elapsed=03:45 eta=03:04:16 val_mrr=0.210292
[TRAIN] 2026-04-23 01:17:27 step=1350/67071 (2.01%) epoch=1/3 epoch_step=1350/22357 (6.04%) loss=0.398349 lr=0.000132836 elapsed=03:47 eta=03:04:00 val_mrr=0.210292
[TRAIN] 2026-04-23 01:17:28 step=1360/67071 (2.03%) epoch=1/3 epoch_step=1360/22357 (6.08%) loss=0.431627 lr=0.000134169 elapsed=03:48 eta=03:03:47 val_mrr=0.210292
[TRAIN] 2026-04-23 01:17:30 step=1370/67071 (2.04%) epoch=1/3 epoch_step=1370/22357 (6.13%) loss=0.425207 lr=0.000135511 elapsed=03:50 eta=03:03:29 val_mrr=0.210292
[TRAIN] 2026-04-23 01:17:31 step=1380/67071 (2.06%) epoch=1/3 epoch_step=1380/22357 (6.17%) loss=0.401610 lr=0.000136861 elapsed=03:51 eta=03:03:25 val_mrr=0.210292
[TRAIN] 2026-04-23 01:17:33 step=1390/67071 (2.07%) epoch=1/3 epoch_step=1390/22357 (6.22%) loss=0.388601 lr=0.00013822 elapsed=03:52 eta=03:03:05 val_mrr=0.210292
[TRAIN] 2026-04-23 01:17:35 step=1400/67071 (2.09%) epoch=1/3 epoch_step=1400/22357 (6.26%) loss=0.384722 lr=0.000139587 elapsed=03:55 eta=03:03:33 val_mrr=0.210292
[TRAIN] 2026-04-23 01:17:36 step=1410/67071 (2.10%) epoch=1/3 epoch_step=1410/22357 (6.31%) loss=0.402257 lr=0.000140963 elapsed=03:56 eta=03:03:19 val_mrr=0.210292
[TRAIN] 2026-04-23 01:17:38 step=1420/67071 (2.12%) epoch=1/3 epoch_step=1420/22357 (6.35%) loss=0.390188 lr=0.000142346 elapsed=03:58 eta=03:03:04 val_mrr=0.210292
[TRAIN] 2026-04-23 01:17:39 step=1430/67071 (2.13%) epoch=1/3 epoch_step=1430/22357 (6.40%) loss=0.365498 lr=0.000143739 elapsed=03:59 eta=03:02:51 val_mrr=0.210292
[TRAIN] 2026-04-23 01:17:40 step=1440/67071 (2.15%) epoch=1/3 epoch_step=1440/22357 (6.44%) loss=0.387713 lr=0.000145139 elapsed=04:00 eta=03:02:36 val_mrr=0.210292
[TRAIN] 2026-04-23 01:17:42 step=1450/67071 (2.16%) epoch=1/3 epoch_step=1450/22357 (6.49%) loss=0.433485 lr=0.000146547 elapsed=04:02 eta=03:02:17 val_mrr=0.210292
[TRAIN] 2026-04-23 01:17:43 step=1460/67071 (2.18%) epoch=1/3 epoch_step=1460/22357 (6.53%) loss=0.378255 lr=0.000147964 elapsed=04:03 eta=03:02:01 val_mrr=0.210292
[TRAIN] 2026-04-23 01:17:45 step=1470/67071 (2.19%) epoch=1/3 epoch_step=1470/22357 (6.58%) loss=0.402426 lr=0.000149389 elapsed=04:05 eta=03:02:00 val_mrr=0.210292
[TRAIN] 2026-04-23 01:17:46 step=1480/67071 (2.21%) epoch=1/3 epoch_step=1480/22357 (6.62%) loss=0.365786 lr=0.000150822 elapsed=04:06 eta=03:01:44 val_mrr=0.210292
[TRAIN] 2026-04-23 01:17:47 step=1490/67071 (2.22%) epoch=1/3 epoch_step=1490/22357 (6.66%) loss=0.367805 lr=0.000152263 elapsed=04:07 eta=03:01:29 val_mrr=0.210292
[STAGE] 2026-04-23 01:17:49 val prep subsets global=50000 art_art=1986 art_any=50000
[STAGE] 2026-04-23 01:17:49 val prep negatives global=50000 art_art=1986 art_any=50000
[STAGE] 2026-04-23 01:17:49 val prep unique_entities=136219
[STAGE] 2026-04-23 01:17:53 val prep entity_bank_ready unique_entities=136219 emb_dim=512
[STAGE] 2026-04-23 01:17:53 val start step=1500 epoch=0 task=relation_ranking subset=global triples=50000 batches=98 eval_batch_size=512
[STAGE] 2026-04-23 01:17:55 val start step=1500 epoch=0 task=triple_scoring subset=global triples=50000 batches=98 eval_batch_size=512
[STAGE] 2026-04-23 01:17:55 val start step=1500 epoch=0 task=relation_ranking subset=art_art triples=1986 batches=4 eval_batch_size=512
[STAGE] 2026-04-23 01:17:55 val start step=1500 epoch=0 task=triple_scoring subset=art_art triples=1986 batches=4 eval_batch_size=512
[STAGE] 2026-04-23 01:17:55 val start step=1500 epoch=0 task=relation_ranking subset=art_any triples=50000 batches=98 eval_batch_size=512
[STAGE] 2026-04-23 01:17:57 val start step=1500 epoch=0 task=triple_scoring subset=art_any triples=50000 batches=98 eval_batch_size=512
[VAL] 2026-04-23 01:17:57 step=1500 epoch=0 mrr=0.272085 aucpr=0.898910 art_art_mrr=0.041978 art_art_aucpr=0.597626 art_any_mrr=0.272087 art_any_aucpr=0.704345
[TRAIN] 2026-04-23 01:18:00 step=1500/67071 (2.24%) epoch=1/3 epoch_step=1500/22357 (6.71%) loss=0.393261 lr=0.000153713 elapsed=04:20 eta=03:09:30 val_mrr=0.272085
[TRAIN] 2026-04-23 01:18:02 step=1510/67071 (2.25%) epoch=1/3 epoch_step=1510/22357 (6.75%) loss=0.419393 lr=0.00015517 elapsed=04:22 eta=03:09:16 val_mrr=0.272085
[TRAIN] 2026-04-23 01:18:03 step=1520/67071 (2.27%) epoch=1/3 epoch_step=1520/22357 (6.80%) loss=0.363880 lr=0.000156635 elapsed=04:23 eta=03:09:01 val_mrr=0.272085
[TRAIN] 2026-04-23 01:18:04 step=1530/67071 (2.28%) epoch=1/3 epoch_step=1530/22357 (6.84%) loss=0.378080 lr=0.000158108 elapsed=04:24 eta=03:08:43 val_mrr=0.272085
[TRAIN] 2026-04-23 01:18:06 step=1540/67071 (2.30%) epoch=1/3 epoch_step=1540/22357 (6.89%) loss=0.373847 lr=0.00015959 elapsed=04:26 eta=03:08:41 val_mrr=0.272085
[TRAIN] 2026-04-23 01:18:08 step=1550/67071 (2.31%) epoch=1/3 epoch_step=1550/22357 (6.93%) loss=0.336853 lr=0.000161079 elapsed=04:27 eta=03:08:26 val_mrr=0.272085
[TRAIN] 2026-04-23 01:18:09 step=1560/67071 (2.33%) epoch=1/3 epoch_step=1560/22357 (6.98%) loss=0.395969 lr=0.000162576 elapsed=04:29 eta=03:08:09 val_mrr=0.272085
[TRAIN] 2026-04-23 01:18:10 step=1570/67071 (2.34%) epoch=1/3 epoch_step=1570/22357 (7.02%) loss=0.391386 lr=0.00016408 elapsed=04:30 eta=03:07:58 val_mrr=0.272085
[TRAIN] 2026-04-23 01:18:12 step=1580/67071 (2.36%) epoch=1/3 epoch_step=1580/22357 (7.07%) loss=0.357887 lr=0.000165593 elapsed=04:32 eta=03:07:44 val_mrr=0.272085
[TRAIN] 2026-04-23 01:18:13 step=1590/67071 (2.37%) epoch=1/3 epoch_step=1590/22357 (7.11%) loss=0.338648 lr=0.000167114 elapsed=04:33 eta=03:07:29 val_mrr=0.272085
[TRAIN] 2026-04-23 01:18:16 step=1600/67071 (2.39%) epoch=1/3 epoch_step=1600/22357 (7.16%) loss=0.378276 lr=0.000168642 elapsed=04:36 eta=03:08:22 val_mrr=0.272085
[TRAIN] 2026-04-23 01:18:18 step=1610/67071 (2.40%) epoch=1/3 epoch_step=1610/22357 (7.20%) loss=0.373547 lr=0.000170178 elapsed=04:38 eta=03:08:06 val_mrr=0.272085
[TRAIN] 2026-04-23 01:18:19 step=1620/67071 (2.42%) epoch=1/3 epoch_step=1620/22357 (7.25%) loss=0.343629 lr=0.000171721 elapsed=04:39 eta=03:07:49 val_mrr=0.272085
[TRAIN] 2026-04-23 01:18:20 step=1630/67071 (2.43%) epoch=1/3 epoch_step=1630/22357 (7.29%) loss=0.349369 lr=0.000173272 elapsed=04:40 eta=03:07:33 val_mrr=0.272085
[TRAIN] 2026-04-23 01:18:22 step=1640/67071 (2.45%) epoch=1/3 epoch_step=1640/22357 (7.34%) loss=0.351090 lr=0.000174831 elapsed=04:42 eta=03:07:29 val_mrr=0.272085
[TRAIN] 2026-04-23 01:18:23 step=1650/67071 (2.46%) epoch=1/3 epoch_step=1650/22357 (7.38%) loss=0.355882 lr=0.000176397 elapsed=04:43 eta=03:07:13 val_mrr=0.272085
[TRAIN] 2026-04-23 01:18:25 step=1660/67071 (2.47%) epoch=1/3 epoch_step=1660/22357 (7.42%) loss=0.371598 lr=0.000177971 elapsed=04:45 eta=03:06:55 val_mrr=0.272085
[TRAIN] 2026-04-23 01:18:26 step=1670/67071 (2.49%) epoch=1/3 epoch_step=1670/22357 (7.47%) loss=0.378183 lr=0.000179553 elapsed=04:46 eta=03:06:40 val_mrr=0.272085
[TRAIN] 2026-04-23 01:18:27 step=1680/67071 (2.50%) epoch=1/3 epoch_step=1680/22357 (7.51%) loss=0.363394 lr=0.000181142 elapsed=04:47 eta=03:06:23 val_mrr=0.272085
[TRAIN] 2026-04-23 01:18:29 step=1690/67071 (2.52%) epoch=1/3 epoch_step=1690/22357 (7.56%) loss=0.355432 lr=0.000182738 elapsed=04:49 eta=03:06:10 val_mrr=0.272085
[TRAIN] 2026-04-23 01:18:32 step=1700/67071 (2.53%) epoch=1/3 epoch_step=1700/22357 (7.60%) loss=0.357952 lr=0.000184342 elapsed=04:52 eta=03:06:51 val_mrr=0.272085
[TRAIN] 2026-04-23 01:18:33 step=1710/67071 (2.55%) epoch=1/3 epoch_step=1710/22357 (7.65%) loss=0.348102 lr=0.000185953 elapsed=04:53 eta=03:06:37 val_mrr=0.272085
[TRAIN] 2026-04-23 01:18:34 step=1720/67071 (2.56%) epoch=1/3 epoch_step=1720/22357 (7.69%) loss=0.369053 lr=0.000187571 elapsed=04:54 eta=03:06:21 val_mrr=0.272085
[TRAIN] 2026-04-23 01:18:36 step=1730/67071 (2.58%) epoch=1/3 epoch_step=1730/22357 (7.74%) loss=0.370780 lr=0.000189197 elapsed=04:56 eta=03:06:18 val_mrr=0.272085
[TRAIN] 2026-04-23 01:18:37 step=1740/67071 (2.59%) epoch=1/3 epoch_step=1740/22357 (7.78%) loss=0.363684 lr=0.00019083 elapsed=04:57 eta=03:06:01 val_mrr=0.272085
[TRAIN] 2026-04-23 01:18:39 step=1750/67071 (2.61%) epoch=1/3 epoch_step=1750/22357 (7.83%) loss=0.334451 lr=0.00019247 elapsed=04:59 eta=03:05:44 val_mrr=0.272085
[TRAIN] 2026-04-23 01:18:40 step=1760/67071 (2.62%) epoch=1/3 epoch_step=1760/22357 (7.87%) loss=0.344278 lr=0.000194118 elapsed=05:00 eta=03:05:29 val_mrr=0.272085
[TRAIN] 2026-04-23 01:18:41 step=1770/67071 (2.64%) epoch=1/3 epoch_step=1770/22357 (7.92%) loss=0.356306 lr=0.000195772 elapsed=05:01 eta=03:05:15 val_mrr=0.272085
[TRAIN] 2026-04-23 01:18:43 step=1780/67071 (2.65%) epoch=1/3 epoch_step=1780/22357 (7.96%) loss=0.346079 lr=0.000197434 elapsed=05:03 eta=03:04:58 val_mrr=0.272085
[TRAIN] 2026-04-23 01:18:44 step=1790/67071 (2.67%) epoch=1/3 epoch_step=1790/22357 (8.01%) loss=0.315928 lr=0.000199103 elapsed=05:04 eta=03:04:43 val_mrr=0.272085
[TRAIN] 2026-04-23 01:18:47 step=1800/67071 (2.68%) epoch=1/3 epoch_step=1800/22357 (8.05%) loss=0.333059 lr=0.000200778 elapsed=05:07 eta=03:05:28 val_mrr=0.272085
[TRAIN] 2026-04-23 01:18:48 step=1810/67071 (2.70%) epoch=1/3 epoch_step=1810/22357 (8.10%) loss=0.355335 lr=0.000202461 elapsed=05:08 eta=03:05:15 val_mrr=0.272085
[TRAIN] 2026-04-23 01:18:50 step=1820/67071 (2.71%) epoch=1/3 epoch_step=1820/22357 (8.14%) loss=0.324874 lr=0.000204151 elapsed=05:10 eta=03:05:01 val_mrr=0.272085
[TRAIN] 2026-04-23 01:18:51 step=1830/67071 (2.73%) epoch=1/3 epoch_step=1830/22357 (8.19%) loss=0.337994 lr=0.000205848 elapsed=05:11 eta=03:05:00 val_mrr=0.272085
[TRAIN] 2026-04-23 01:18:53 step=1840/67071 (2.74%) epoch=1/3 epoch_step=1840/22357 (8.23%) loss=0.313402 lr=0.000207551 elapsed=05:13 eta=03:04:45 val_mrr=0.272085
[TRAIN] 2026-04-23 01:18:54 step=1850/67071 (2.76%) epoch=1/3 epoch_step=1850/22357 (8.27%) loss=0.363355 lr=0.000209262 elapsed=05:14 eta=03:04:29 val_mrr=0.272085
[TRAIN] 2026-04-23 01:18:55 step=1860/67071 (2.77%) epoch=1/3 epoch_step=1860/22357 (8.32%) loss=0.323580 lr=0.000210979 elapsed=05:15 eta=03:04:15 val_mrr=0.272085
[TRAIN] 2026-04-23 01:18:57 step=1870/67071 (2.79%) epoch=1/3 epoch_step=1870/22357 (8.36%) loss=0.334075 lr=0.000212703 elapsed=05:17 eta=03:04:01 val_mrr=0.272085
[TRAIN] 2026-04-23 01:18:58 step=1880/67071 (2.80%) epoch=1/3 epoch_step=1880/22357 (8.41%) loss=0.304873 lr=0.000214434 elapsed=05:18 eta=03:03:46 val_mrr=0.272085
[TRAIN] 2026-04-23 01:18:59 step=1890/67071 (2.82%) epoch=1/3 epoch_step=1890/22357 (8.45%) loss=0.344460 lr=0.000216171 elapsed=05:19 eta=03:03:34 val_mrr=0.272085
[TRAIN] 2026-04-23 01:19:02 step=1900/67071 (2.83%) epoch=1/3 epoch_step=1900/22357 (8.50%) loss=0.339839 lr=0.000217915 elapsed=05:22 eta=03:04:12 val_mrr=0.272085
[TRAIN] 2026-04-23 01:19:04 step=1910/67071 (2.85%) epoch=1/3 epoch_step=1910/22357 (8.54%) loss=0.320099 lr=0.000219666 elapsed=05:24 eta=03:03:57 val_mrr=0.272085
[TRAIN] 2026-04-23 01:19:05 step=1920/67071 (2.86%) epoch=1/3 epoch_step=1920/22357 (8.59%) loss=0.324032 lr=0.000221424 elapsed=05:25 eta=03:03:57 val_mrr=0.272085
[TRAIN] 2026-04-23 01:19:07 step=1930/67071 (2.88%) epoch=1/3 epoch_step=1930/22357 (8.63%) loss=0.343841 lr=0.000223188 elapsed=05:27 eta=03:03:43 val_mrr=0.272085
[TRAIN] 2026-04-23 01:19:08 step=1940/67071 (2.89%) epoch=1/3 epoch_step=1940/22357 (8.68%) loss=0.311916 lr=0.000224958 elapsed=05:28 eta=03:03:29 val_mrr=0.272085
[TRAIN] 2026-04-23 01:19:09 step=1950/67071 (2.91%) epoch=1/3 epoch_step=1950/22357 (8.72%) loss=0.318268 lr=0.000226735 elapsed=05:29 eta=03:03:16 val_mrr=0.272085
[TRAIN] 2026-04-23 01:19:11 step=1960/67071 (2.92%) epoch=1/3 epoch_step=1960/22357 (8.77%) loss=0.328784 lr=0.000228518 elapsed=05:31 eta=03:03:04 val_mrr=0.272085
[TRAIN] 2026-04-23 01:19:12 step=1970/67071 (2.94%) epoch=1/3 epoch_step=1970/22357 (8.81%) loss=0.329582 lr=0.000230308 elapsed=05:32 eta=03:02:52 val_mrr=0.272085
[TRAIN] 2026-04-23 01:19:13 step=1980/67071 (2.95%) epoch=1/3 epoch_step=1980/22357 (8.86%) loss=0.335039 lr=0.000232104 elapsed=05:33 eta=03:02:38 val_mrr=0.272085
[TRAIN] 2026-04-23 01:19:15 step=1990/67071 (2.97%) epoch=1/3 epoch_step=1990/22357 (8.90%) loss=0.324292 lr=0.000233907 elapsed=05:35 eta=03:02:23 val_mrr=0.272085
[STAGE] 2026-04-23 01:19:16 val prep subsets global=50000 art_art=1986 art_any=50000
[STAGE] 2026-04-23 01:19:17 val prep negatives global=50000 art_art=1986 art_any=50000
[STAGE] 2026-04-23 01:19:17 val prep unique_entities=136107
[STAGE] 2026-04-23 01:19:20 val prep entity_bank_ready unique_entities=136107 emb_dim=512
[STAGE] 2026-04-23 01:19:20 val start step=2000 epoch=0 task=relation_ranking subset=global triples=50000 batches=98 eval_batch_size=512
[STAGE] 2026-04-23 01:19:22 val start step=2000 epoch=0 task=triple_scoring subset=global triples=50000 batches=98 eval_batch_size=512
[STAGE] 2026-04-23 01:19:22 val start step=2000 epoch=0 task=relation_ranking subset=art_art triples=1986 batches=4 eval_batch_size=512
[STAGE] 2026-04-23 01:19:22 val start step=2000 epoch=0 task=triple_scoring subset=art_art triples=1986 batches=4 eval_batch_size=512
[STAGE] 2026-04-23 01:19:22 val start step=2000 epoch=0 task=relation_ranking subset=art_any triples=50000 batches=98 eval_batch_size=512
[STAGE] 2026-04-23 01:19:24 val start step=2000 epoch=0 task=triple_scoring subset=art_any triples=50000 batches=98 eval_batch_size=512
[VAL] 2026-04-23 01:19:24 step=2000 epoch=0 mrr=0.225747 aucpr=0.904838 art_art_mrr=0.102488 art_art_aucpr=0.658898 art_any_mrr=0.225748 art_any_aucpr=0.715193
[TRAIN] 2026-04-23 01:19:26 step=2000/67071 (2.98%) epoch=1/3 epoch_step=2000/22357 (8.95%) loss=0.320272 lr=0.000235715 elapsed=05:46 eta=03:07:21 val_mrr=0.272085
[TRAIN] 2026-04-23 01:19:27 step=2010/67071 (3.00%) epoch=1/3 epoch_step=2010/22357 (8.99%) loss=0.330293 lr=0.00023753 elapsed=05:47 eta=03:07:06 val_mrr=0.272085
[TRAIN] 2026-04-23 01:19:28 step=2020/67071 (3.01%) epoch=1/3 epoch_step=2020/22357 (9.04%) loss=0.304570 lr=0.000239351 elapsed=05:48 eta=03:06:52 val_mrr=0.272085
[TRAIN] 2026-04-23 01:19:30 step=2030/67071 (3.03%) epoch=1/3 epoch_step=2030/22357 (9.08%) loss=0.308946 lr=0.000241179 elapsed=05:50 eta=03:06:40 val_mrr=0.272085
[TRAIN] 2026-04-23 01:19:31 step=2040/67071 (3.04%) epoch=1/3 epoch_step=2040/22357 (9.12%) loss=0.328134 lr=0.000243012 elapsed=05:51 eta=03:06:26 val_mrr=0.272085
[TRAIN] 2026-04-23 01:19:32 step=2050/67071 (3.06%) epoch=1/3 epoch_step=2050/22357 (9.17%) loss=0.330874 lr=0.000244852 elapsed=05:52 eta=03:06:10 val_mrr=0.272085
[TRAIN] 2026-04-23 01:19:34 step=2060/67071 (3.07%) epoch=1/3 epoch_step=2060/22357 (9.21%) loss=0.302963 lr=0.000246697 elapsed=05:53 eta=03:05:55 val_mrr=0.272085
[TRAIN] 2026-04-23 01:19:35 step=2070/67071 (3.09%) epoch=1/3 epoch_step=2070/22357 (9.26%) loss=0.295227 lr=0.000248549 elapsed=05:55 eta=03:05:40 val_mrr=0.272085
[TRAIN] 2026-04-23 01:19:36 step=2080/67071 (3.10%) epoch=1/3 epoch_step=2080/22357 (9.30%) loss=0.280998 lr=0.000250406 elapsed=05:56 eta=03:05:26 val_mrr=0.272085
[TRAIN] 2026-04-23 01:19:38 step=2090/67071 (3.12%) epoch=1/3 epoch_step=2090/22357 (9.35%) loss=0.331349 lr=0.00025227 elapsed=05:58 eta=03:05:21 val_mrr=0.272085
[TRAIN] 2026-04-23 01:19:41 step=2100/67071 (3.13%) epoch=1/3 epoch_step=2100/22357 (9.39%) loss=0.322495 lr=0.000254139 elapsed=06:01 eta=03:05:58 val_mrr=0.272085
[TRAIN] 2026-04-23 01:19:42 step=2110/67071 (3.15%) epoch=1/3 epoch_step=2110/22357 (9.44%) loss=0.300124 lr=0.000256014 elapsed=06:02 eta=03:05:45 val_mrr=0.272085
[TRAIN] 2026-04-23 01:19:43 step=2120/67071 (3.16%) epoch=1/3 epoch_step=2120/22357 (9.48%) loss=0.307252 lr=0.000257895 elapsed=06:03 eta=03:05:31 val_mrr=0.272085
[TRAIN] 2026-04-23 01:19:45 step=2130/67071 (3.18%) epoch=1/3 epoch_step=2130/22357 (9.53%) loss=0.333725 lr=0.000259782 elapsed=06:05 eta=03:05:18 val_mrr=0.272085
[TRAIN] 2026-04-23 01:19:46 step=2140/67071 (3.19%) epoch=1/3 epoch_step=2140/22357 (9.57%) loss=0.317271 lr=0.000261674 elapsed=06:06 eta=03:05:06 val_mrr=0.272085
[TRAIN] 2026-04-23 01:19:47 step=2150/67071 (3.21%) epoch=1/3 epoch_step=2150/22357 (9.62%) loss=0.313900 lr=0.000263572 elapsed=06:07 eta=03:04:54 val_mrr=0.272085
[TRAIN] 2026-04-23 01:19:49 step=2160/67071 (3.22%) epoch=1/3 epoch_step=2160/22357 (9.66%) loss=0.358046 lr=0.000265476 elapsed=06:09 eta=03:04:43 val_mrr=0.272085
[TRAIN] 2026-04-23 01:19:50 step=2170/67071 (3.24%) epoch=1/3 epoch_step=2170/22357 (9.71%) loss=0.314364 lr=0.000267385 elapsed=06:10 eta=03:04:31 val_mrr=0.272085
[TRAIN] 2026-04-23 01:19:52 step=2180/67071 (3.25%) epoch=1/3 epoch_step=2180/22357 (9.75%) loss=0.319758 lr=0.0002693 elapsed=06:12 eta=03:04:28 val_mrr=0.272085
[TRAIN] 2026-04-23 01:19:53 step=2190/67071 (3.27%) epoch=1/3 epoch_step=2190/22357 (9.80%) loss=0.317910 lr=0.00027122 elapsed=06:13 eta=03:04:16 val_mrr=0.272085
[TRAIN] 2026-04-23 01:19:56 step=2200/67071 (3.28%) epoch=1/3 epoch_step=2200/22357 (9.84%) loss=0.325796 lr=0.000273146 elapsed=06:16 eta=03:04:47 val_mrr=0.272085
[TRAIN] 2026-04-23 01:19:57 step=2210/67071 (3.30%) epoch=1/3 epoch_step=2210/22357 (9.89%) loss=0.302059 lr=0.000275077 elapsed=06:17 eta=03:04:34 val_mrr=0.272085
[TRAIN] 2026-04-23 01:19:59 step=2220/67071 (3.31%) epoch=1/3 epoch_step=2220/22357 (9.93%) loss=0.331436 lr=0.000277014 elapsed=06:19 eta=03:04:21 val_mrr=0.272085
[TRAIN] 2026-04-23 01:20:00 step=2230/67071 (3.32%) epoch=1/3 epoch_step=2230/22357 (9.97%) loss=0.284192 lr=0.000278956 elapsed=06:20 eta=03:04:09 val_mrr=0.272085
[TRAIN] 2026-04-23 01:20:01 step=2240/67071 (3.34%) epoch=1/3 epoch_step=2240/22357 (10.02%) loss=0.295081 lr=0.000280903 elapsed=06:21 eta=03:03:57 val_mrr=0.272085
[TRAIN] 2026-04-23 01:20:03 step=2250/67071 (3.35%) epoch=1/3 epoch_step=2250/22357 (10.06%) loss=0.339423 lr=0.000282855 elapsed=06:23 eta=03:03:45 val_mrr=0.272085
[TRAIN] 2026-04-23 01:20:04 step=2260/67071 (3.37%) epoch=1/3 epoch_step=2260/22357 (10.11%) loss=0.342500 lr=0.000284813 elapsed=06:24 eta=03:03:33 val_mrr=0.272085
[TRAIN] 2026-04-23 01:20:06 step=2270/67071 (3.38%) epoch=1/3 epoch_step=2270/22357 (10.15%) loss=0.305341 lr=0.000286776 elapsed=06:26 eta=03:03:30 val_mrr=0.272085
[TRAIN] 2026-04-23 01:20:07 step=2280/67071 (3.40%) epoch=1/3 epoch_step=2280/22357 (10.20%) loss=0.320310 lr=0.000288744 elapsed=06:27 eta=03:03:20 val_mrr=0.272085
[TRAIN] 2026-04-23 01:20:08 step=2290/67071 (3.41%) epoch=1/3 epoch_step=2290/22357 (10.24%) loss=0.280955 lr=0.000290717 elapsed=06:28 eta=03:03:08 val_mrr=0.272085
[TRAIN] 2026-04-23 01:20:11 step=2300/67071 (3.43%) epoch=1/3 epoch_step=2300/22357 (10.29%) loss=0.281174 lr=0.000292695 elapsed=06:31 eta=03:03:41 val_mrr=0.272085
[TRAIN] 2026-04-23 01:20:13 step=2310/67071 (3.44%) epoch=1/3 epoch_step=2310/22357 (10.33%) loss=0.296360 lr=0.000294678 elapsed=06:33 eta=03:03:32 val_mrr=0.272085
[TRAIN] 2026-04-23 01:20:14 step=2320/67071 (3.46%) epoch=1/3 epoch_step=2320/22357 (10.38%) loss=0.301105 lr=0.000296666 elapsed=06:34 eta=03:03:19 val_mrr=0.272085
[TRAIN] 2026-04-23 01:20:16 step=2330/67071 (3.47%) epoch=1/3 epoch_step=2330/22357 (10.42%) loss=0.310815 lr=0.000298659 elapsed=06:36 eta=03:03:09 val_mrr=0.272085
[TRAIN] 2026-04-23 01:20:17 step=2340/67071 (3.49%) epoch=1/3 epoch_step=2340/22357 (10.47%) loss=0.274845 lr=0.000300656 elapsed=06:37 eta=03:02:59 val_mrr=0.272085
[TRAIN] 2026-04-23 01:20:18 step=2350/67071 (3.50%) epoch=1/3 epoch_step=2350/22357 (10.51%) loss=0.300078 lr=0.000302659 elapsed=06:38 eta=03:02:49 val_mrr=0.272085
[TRAIN] 2026-04-23 01:20:20 step=2360/67071 (3.52%) epoch=1/3 epoch_step=2360/22357 (10.56%) loss=0.294581 lr=0.000304666 elapsed=06:40 eta=03:02:40 val_mrr=0.272085
[TRAIN] 2026-04-23 01:20:21 step=2370/67071 (3.53%) epoch=1/3 epoch_step=2370/22357 (10.60%) loss=0.296106 lr=0.000306678 elapsed=06:41 eta=03:02:38 val_mrr=0.272085
[TRAIN] 2026-04-23 01:20:23 step=2380/67071 (3.55%) epoch=1/3 epoch_step=2380/22357 (10.65%) loss=0.292290 lr=0.000308695 elapsed=06:43 eta=03:02:26 val_mrr=0.272085
[TRAIN] 2026-04-23 01:20:24 step=2390/67071 (3.56%) epoch=1/3 epoch_step=2390/22357 (10.69%) loss=0.284708 lr=0.000310716 elapsed=06:44 eta=03:02:16 val_mrr=0.272085
[TRAIN] 2026-04-23 01:20:27 step=2400/67071 (3.58%) epoch=1/3 epoch_step=2400/22357 (10.73%) loss=0.330331 lr=0.000312742 elapsed=06:47 eta=03:02:48 val_mrr=0.272085
[TRAIN] 2026-04-23 01:20:28 step=2410/67071 (3.59%) epoch=1/3 epoch_step=2410/22357 (10.78%) loss=0.306077 lr=0.000314773 elapsed=06:48 eta=03:02:37 val_mrr=0.272085
[TRAIN] 2026-04-23 01:20:30 step=2420/67071 (3.61%) epoch=1/3 epoch_step=2420/22357 (10.82%) loss=0.327712 lr=0.000316808 elapsed=06:50 eta=03:02:27 val_mrr=0.272085
[TRAIN] 2026-04-23 01:20:31 step=2430/67071 (3.62%) epoch=1/3 epoch_step=2430/22357 (10.87%) loss=0.332709 lr=0.000318847 elapsed=06:51 eta=03:02:16 val_mrr=0.272085
[TRAIN] 2026-04-23 01:20:32 step=2440/67071 (3.64%) epoch=1/3 epoch_step=2440/22357 (10.91%) loss=0.306674 lr=0.000320891 elapsed=06:52 eta=03:02:04 val_mrr=0.272085
[TRAIN] 2026-04-23 01:20:34 step=2450/67071 (3.65%) epoch=1/3 epoch_step=2450/22357 (10.96%) loss=0.290543 lr=0.000322939 elapsed=06:54 eta=03:01:53 val_mrr=0.272085
[TRAIN] 2026-04-23 01:20:35 step=2460/67071 (3.67%) epoch=1/3 epoch_step=2460/22357 (11.00%) loss=0.302555 lr=0.000324992 elapsed=06:55 eta=03:01:51 val_mrr=0.272085
[TRAIN] 2026-04-23 01:20:37 step=2470/67071 (3.68%) epoch=1/3 epoch_step=2470/22357 (11.05%) loss=0.307648 lr=0.000327049 elapsed=06:57 eta=03:01:41 val_mrr=0.272085
[TRAIN] 2026-04-23 01:20:38 step=2480/67071 (3.70%) epoch=1/3 epoch_step=2480/22357 (11.09%) loss=0.287481 lr=0.00032911 elapsed=06:58 eta=03:01:32 val_mrr=0.272085
[TRAIN] 2026-04-23 01:20:40 step=2490/67071 (3.71%) epoch=1/3 epoch_step=2490/22357 (11.14%) loss=0.296737 lr=0.000331175 elapsed=07:00 eta=03:01:21 val_mrr=0.272085
[STAGE] 2026-04-23 01:20:41 val prep subsets global=50000 art_art=1986 art_any=50000
[STAGE] 2026-04-23 01:20:41 val prep negatives global=50000 art_art=1986 art_any=50000
[STAGE] 2026-04-23 01:20:41 val prep unique_entities=136236
[STAGE] 2026-04-23 01:20:45 val prep entity_bank_ready unique_entities=136236 emb_dim=512
[STAGE] 2026-04-23 01:20:45 val start step=2500 epoch=0 task=relation_ranking subset=global triples=50000 batches=98 eval_batch_size=512
[STAGE] 2026-04-23 01:20:47 val start step=2500 epoch=0 task=triple_scoring subset=global triples=50000 batches=98 eval_batch_size=512
[STAGE] 2026-04-23 01:20:47 val start step=2500 epoch=0 task=relation_ranking subset=art_art triples=1986 batches=4 eval_batch_size=512
[STAGE] 2026-04-23 01:20:47 val start step=2500 epoch=0 task=triple_scoring subset=art_art triples=1986 batches=4 eval_batch_size=512
[STAGE] 2026-04-23 01:20:47 val start step=2500 epoch=0 task=relation_ranking subset=art_any triples=50000 batches=98 eval_batch_size=512
[STAGE] 2026-04-23 01:20:49 val start step=2500 epoch=0 task=triple_scoring subset=art_any triples=50000 batches=98 eval_batch_size=512
[VAL] 2026-04-23 01:20:49 step=2500 epoch=0 mrr=0.394106 aucpr=0.921787 art_art_mrr=0.069243 art_art_aucpr=0.702502 art_any_mrr=0.394108 art_any_aucpr=0.756338
[TRAIN] 2026-04-23 01:20:52 step=2500/67071 (3.73%) epoch=1/3 epoch_step=2500/22357 (11.18%) loss=0.309378 lr=0.000333244 elapsed=07:12 eta=03:05:59 val_mrr=0.394106
[TRAIN] 2026-04-23 01:20:53 step=2510/67071 (3.74%) epoch=1/3 epoch_step=2510/22357 (11.23%) loss=0.296464 lr=0.000335318 elapsed=07:13 eta=03:05:48 val_mrr=0.394106
[TRAIN] 2026-04-23 01:20:55 step=2520/67071 (3.76%) epoch=1/3 epoch_step=2520/22357 (11.27%) loss=0.266833 lr=0.000337395 elapsed=07:15 eta=03:05:37 val_mrr=0.394106
[TRAIN] 2026-04-23 01:20:56 step=2530/67071 (3.77%) epoch=1/3 epoch_step=2530/22357 (11.32%) loss=0.269995 lr=0.000339477 elapsed=07:16 eta=03:05:33 val_mrr=0.394106
[TRAIN] 2026-04-23 01:20:58 step=2540/67071 (3.79%) epoch=1/3 epoch_step=2540/22357 (11.36%) loss=0.271425 lr=0.000341562 elapsed=07:18 eta=03:05:22 val_mrr=0.394106
[TRAIN] 2026-04-23 01:20:59 step=2550/67071 (3.80%) epoch=1/3 epoch_step=2550/22357 (11.41%) loss=0.303878 lr=0.000343652 elapsed=07:19 eta=03:05:12 val_mrr=0.394106
[TRAIN] 2026-04-23 01:21:01 step=2560/67071 (3.82%) epoch=1/3 epoch_step=2560/22357 (11.45%) loss=0.278007 lr=0.000345745 elapsed=07:20 eta=03:05:00 val_mrr=0.394106
[TRAIN] 2026-04-23 01:21:02 step=2570/67071 (3.83%) epoch=1/3 epoch_step=2570/22357 (11.50%) loss=0.273353 lr=0.000347842 elapsed=07:22 eta=03:04:50 val_mrr=0.394106
[TRAIN] 2026-04-23 01:21:03 step=2580/67071 (3.85%) epoch=1/3 epoch_step=2580/22357 (11.54%) loss=0.303866 lr=0.000349943 elapsed=07:23 eta=03:04:39 val_mrr=0.394106
[TRAIN] 2026-04-23 01:21:05 step=2590/67071 (3.86%) epoch=1/3 epoch_step=2590/22357 (11.58%) loss=0.302176 lr=0.000352048 elapsed=07:25 eta=03:04:28 val_mrr=0.394106
[TRAIN] 2026-04-23 01:21:07 step=2600/67071 (3.88%) epoch=1/3 epoch_step=2600/22357 (11.63%) loss=0.269288 lr=0.000354156 elapsed=07:27 eta=03:04:55 val_mrr=0.394106
[TRAIN] 2026-04-23 01:21:09 step=2610/67071 (3.89%) epoch=1/3 epoch_step=2610/22357 (11.67%) loss=0.257335 lr=0.000356268 elapsed=07:29 eta=03:04:44 val_mrr=0.394106
[TRAIN] 2026-04-23 01:21:11 step=2620/67071 (3.91%) epoch=1/3 epoch_step=2620/22357 (11.72%) loss=0.268085 lr=0.000358384 elapsed=07:30 eta=03:04:42 val_mrr=0.394106
[TRAIN] 2026-04-23 01:21:12 step=2630/67071 (3.92%) epoch=1/3 epoch_step=2630/22357 (11.76%) loss=0.278169 lr=0.000360503 elapsed=07:32 eta=03:04:33 val_mrr=0.394106
[TRAIN] 2026-04-23 01:21:13 step=2640/67071 (3.94%) epoch=1/3 epoch_step=2640/22357 (11.81%) loss=0.282453 lr=0.000362626 elapsed=07:33 eta=03:04:24 val_mrr=0.394106
[TRAIN] 2026-04-23 01:21:15 step=2650/67071 (3.95%) epoch=1/3 epoch_step=2650/22357 (11.85%) loss=0.305916 lr=0.000364752 elapsed=07:35 eta=03:04:15 val_mrr=0.394106
[TRAIN] 2026-04-23 01:21:16 step=2660/67071 (3.97%) epoch=1/3 epoch_step=2660/22357 (11.90%) loss=0.259986 lr=0.000366881 elapsed=07:36 eta=03:04:05 val_mrr=0.394106
[TRAIN] 2026-04-23 01:21:18 step=2670/67071 (3.98%) epoch=1/3 epoch_step=2670/22357 (11.94%) loss=0.275655 lr=0.000369014 elapsed=07:38 eta=03:03:55 val_mrr=0.394106
[TRAIN] 2026-04-23 01:21:19 step=2680/67071 (4.00%) epoch=1/3 epoch_step=2680/22357 (11.99%) loss=0.309761 lr=0.00037115 elapsed=07:39 eta=03:03:46 val_mrr=0.394106
[TRAIN] 2026-04-23 01:21:20 step=2690/67071 (4.01%) epoch=1/3 epoch_step=2690/22357 (12.03%) loss=0.260571 lr=0.00037329 elapsed=07:40 eta=03:03:36 val_mrr=0.394106
[TRAIN] 2026-04-23 01:21:23 step=2700/67071 (4.03%) epoch=1/3 epoch_step=2700/22357 (12.08%) loss=0.276428 lr=0.000375432 elapsed=07:43 eta=03:04:01 val_mrr=0.394106
[TRAIN] 2026-04-23 01:21:24 step=2710/67071 (4.04%) epoch=1/3 epoch_step=2710/22357 (12.12%) loss=0.256661 lr=0.000377578 elapsed=07:44 eta=03:03:50 val_mrr=0.394106
[TRAIN] 2026-04-23 01:21:26 step=2720/67071 (4.06%) epoch=1/3 epoch_step=2720/22357 (12.17%) loss=0.293402 lr=0.000379727 elapsed=07:46 eta=03:03:49 val_mrr=0.394106
[TRAIN] 2026-04-23 01:21:28 step=2730/67071 (4.07%) epoch=1/3 epoch_step=2730/22357 (12.21%) loss=0.261466 lr=0.000381879 elapsed=07:47 eta=03:03:38 val_mrr=0.394106
[TRAIN] 2026-04-23 01:21:29 step=2740/67071 (4.09%) epoch=1/3 epoch_step=2740/22357 (12.26%) loss=0.281171 lr=0.000384034 elapsed=07:49 eta=03:03:26 val_mrr=0.394106
[TRAIN] 2026-04-23 01:21:30 step=2750/67071 (4.10%) epoch=1/3 epoch_step=2750/22357 (12.30%) loss=0.275656 lr=0.000386192 elapsed=07:50 eta=03:03:16 val_mrr=0.394106
[TRAIN] 2026-04-23 01:21:31 step=2760/67071 (4.12%) epoch=1/3 epoch_step=2760/22357 (12.35%) loss=0.272180 lr=0.000388353 elapsed=07:51 eta=03:03:05 val_mrr=0.394106
[TRAIN] 2026-04-23 01:21:33 step=2770/67071 (4.13%) epoch=1/3 epoch_step=2770/22357 (12.39%) loss=0.263190 lr=0.000390517 elapsed=07:53 eta=03:02:55 val_mrr=0.394106
[TRAIN] 2026-04-23 01:21:34 step=2780/67071 (4.14%) epoch=1/3 epoch_step=2780/22357 (12.43%) loss=0.263387 lr=0.000392684 elapsed=07:54 eta=03:02:45 val_mrr=0.394106
[TRAIN] 2026-04-23 01:21:35 step=2790/67071 (4.16%) epoch=1/3 epoch_step=2790/22357 (12.48%) loss=0.298335 lr=0.000394853 elapsed=07:55 eta=03:02:34 val_mrr=0.394106
[TRAIN] 2026-04-23 01:21:38 step=2800/67071 (4.17%) epoch=1/3 epoch_step=2800/22357 (12.52%) loss=0.296267 lr=0.000397025 elapsed=07:58 eta=03:03:00 val_mrr=0.394106
[TRAIN] 2026-04-23 01:21:40 step=2810/67071 (4.19%) epoch=1/3 epoch_step=2810/22357 (12.57%) loss=0.295249 lr=0.0003992 elapsed=08:00 eta=03:02:56 val_mrr=0.394106
[TRAIN] 2026-04-23 01:21:41 step=2820/67071 (4.20%) epoch=1/3 epoch_step=2820/22357 (12.61%) loss=0.261191 lr=0.000401378 elapsed=08:01 eta=03:02:46 val_mrr=0.394106
[TRAIN] 2026-04-23 01:21:43 step=2830/67071 (4.22%) epoch=1/3 epoch_step=2830/22357 (12.66%) loss=0.250273 lr=0.000403558 elapsed=08:03 eta=03:02:36 val_mrr=0.394106
[TRAIN] 2026-04-23 01:21:44 step=2840/67071 (4.23%) epoch=1/3 epoch_step=2840/22357 (12.70%) loss=0.270250 lr=0.000405741 elapsed=08:04 eta=03:02:25 val_mrr=0.394106
[TRAIN] 2026-04-23 01:21:45 step=2850/67071 (4.25%) epoch=1/3 epoch_step=2850/22357 (12.75%) loss=0.256797 lr=0.000407926 elapsed=08:05 eta=03:02:15 val_mrr=0.394106
[TRAIN] 2026-04-23 01:21:47 step=2860/67071 (4.26%) epoch=1/3 epoch_step=2860/22357 (12.79%) loss=0.247614 lr=0.000410114 elapsed=08:07 eta=03:02:06 val_mrr=0.394106
[TRAIN] 2026-04-23 01:21:48 step=2870/67071 (4.28%) epoch=1/3 epoch_step=2870/22357 (12.84%) loss=0.281879 lr=0.000412304 elapsed=08:08 eta=03:01:57 val_mrr=0.394106
[TRAIN] 2026-04-23 01:21:49 step=2880/67071 (4.29%) epoch=1/3 epoch_step=2880/22357 (12.88%) loss=0.247966 lr=0.000414496 elapsed=08:09 eta=03:01:47 val_mrr=0.394106
[TRAIN] 2026-04-23 01:21:51 step=2890/67071 (4.31%) epoch=1/3 epoch_step=2890/22357 (12.93%) loss=0.262275 lr=0.000416691 elapsed=08:11 eta=03:01:37 val_mrr=0.394106
[TRAIN] 2026-04-23 01:21:54 step=2900/67071 (4.32%) epoch=1/3 epoch_step=2900/22357 (12.97%) loss=0.250593 lr=0.000418888 elapsed=08:14 eta=03:02:07 val_mrr=0.394106
[TRAIN] 2026-04-23 01:21:55 step=2910/67071 (4.34%) epoch=1/3 epoch_step=2910/22357 (13.02%) loss=0.271792 lr=0.000421088 elapsed=08:15 eta=03:01:58 val_mrr=0.394106
[TRAIN] 2026-04-23 01:21:57 step=2920/67071 (4.35%) epoch=1/3 epoch_step=2920/22357 (13.06%) loss=0.266453 lr=0.000423289 elapsed=08:17 eta=03:01:50 val_mrr=0.394106
[TRAIN] 2026-04-23 01:21:58 step=2930/67071 (4.37%) epoch=1/3 epoch_step=2930/22357 (13.11%) loss=0.287208 lr=0.000425493 elapsed=08:18 eta=03:01:41 val_mrr=0.394106
[TRAIN] 2026-04-23 01:21:59 step=2940/67071 (4.38%) epoch=1/3 epoch_step=2940/22357 (13.15%) loss=0.248691 lr=0.000427698 elapsed=08:19 eta=03:01:32 val_mrr=0.394106
[TRAIN] 2026-04-23 01:22:01 step=2950/67071 (4.40%) epoch=1/3 epoch_step=2950/22357 (13.19%) loss=0.267697 lr=0.000429906 elapsed=08:21 eta=03:01:22 val_mrr=0.394106
[TRAIN] 2026-04-23 01:22:02 step=2960/67071 (4.41%) epoch=1/3 epoch_step=2960/22357 (13.24%) loss=0.272582 lr=0.000432116 elapsed=08:22 eta=03:01:12 val_mrr=0.394106
[TRAIN] 2026-04-23 01:22:03 step=2970/67071 (4.43%) epoch=1/3 epoch_step=2970/22357 (13.28%) loss=0.239880 lr=0.000434327 elapsed=08:23 eta=03:01:02 val_mrr=0.394106
[TRAIN] 2026-04-23 01:22:05 step=2980/67071 (4.44%) epoch=1/3 epoch_step=2980/22357 (13.33%) loss=0.313889 lr=0.000436541 elapsed=08:25 eta=03:00:53 val_mrr=0.394106
[TRAIN] 2026-04-23 01:22:06 step=2990/67071 (4.46%) epoch=1/3 epoch_step=2990/22357 (13.37%) loss=0.292013 lr=0.000438756 elapsed=08:26 eta=03:00:45 val_mrr=0.394106
[STAGE] 2026-04-23 01:22:08 val prep subsets global=50000 art_art=1986 art_any=50000
[STAGE] 2026-04-23 01:22:08 val prep negatives global=50000 art_art=1986 art_any=50000
[STAGE] 2026-04-23 01:22:08 val prep unique_entities=136072
[STAGE] 2026-04-23 01:22:12 val prep entity_bank_ready unique_entities=136072 emb_dim=512
[STAGE] 2026-04-23 01:22:12 val start step=3000 epoch=0 task=relation_ranking subset=global triples=50000 batches=98 eval_batch_size=512
[STAGE] 2026-04-23 01:22:13 val start step=3000 epoch=0 task=triple_scoring subset=global triples=50000 batches=98 eval_batch_size=512
[STAGE] 2026-04-23 01:22:14 val start step=3000 epoch=0 task=relation_ranking subset=art_art triples=1986 batches=4 eval_batch_size=512
[STAGE] 2026-04-23 01:22:14 val start step=3000 epoch=0 task=triple_scoring subset=art_art triples=1986 batches=4 eval_batch_size=512
[STAGE] 2026-04-23 01:22:14 val start step=3000 epoch=0 task=relation_ranking subset=art_any triples=50000 batches=98 eval_batch_size=512
[STAGE] 2026-04-23 01:22:15 val start step=3000 epoch=0 task=triple_scoring subset=art_any triples=50000 batches=98 eval_batch_size=512
[VAL] 2026-04-23 01:22:15 step=3000 epoch=0 mrr=0.374052 aucpr=0.936718 art_art_mrr=0.100924 art_art_aucpr=0.677286 art_any_mrr=0.374057 art_any_aucpr=0.805691
[TRAIN] 2026-04-23 01:22:17 step=3000/67071 (4.47%) epoch=1/3 epoch_step=3000/22357 (13.42%) loss=0.287317 lr=0.000440973 elapsed=08:37 eta=03:04:00 val_mrr=0.394106
[TRAIN] 2026-04-23 01:22:18 step=3010/67071 (4.49%) epoch=1/3 epoch_step=3010/22357 (13.46%) loss=0.245387 lr=0.000443192 elapsed=08:38 eta=03:03:51 val_mrr=0.394106
[TRAIN] 2026-04-23 01:22:20 step=3020/67071 (4.50%) epoch=1/3 epoch_step=3020/22357 (13.51%) loss=0.241014 lr=0.000445412 elapsed=08:40 eta=03:03:42 val_mrr=0.394106
[TRAIN] 2026-04-23 01:22:21 step=3030/67071 (4.52%) epoch=1/3 epoch_step=3030/22357 (13.55%) loss=0.255337 lr=0.000447634 elapsed=08:41 eta=03:03:32 val_mrr=0.394106
[TRAIN] 2026-04-23 01:22:22 step=3040/67071 (4.53%) epoch=1/3 epoch_step=3040/22357 (13.60%) loss=0.294635 lr=0.000449858 elapsed=08:42 eta=03:03:23 val_mrr=0.394106
[TRAIN] 2026-04-23 01:22:24 step=3050/67071 (4.55%) epoch=1/3 epoch_step=3050/22357 (13.64%) loss=0.257346 lr=0.000452083 elapsed=08:44 eta=03:03:14 val_mrr=0.394106
[TRAIN] 2026-04-23 01:22:25 step=3060/67071 (4.56%) epoch=1/3 epoch_step=3060/22357 (13.69%) loss=0.247357 lr=0.00045431 elapsed=08:45 eta=03:03:05 val_mrr=0.394106
[TRAIN] 2026-04-23 01:22:27 step=3070/67071 (4.58%) epoch=1/3 epoch_step=3070/22357 (13.73%) loss=0.243489 lr=0.000456538 elapsed=08:47 eta=03:03:02 val_mrr=0.394106
[TRAIN] 2026-04-23 01:22:28 step=3080/67071 (4.59%) epoch=1/3 epoch_step=3080/22357 (13.78%) loss=0.244794 lr=0.000458768 elapsed=08:48 eta=03:02:52 val_mrr=0.394106
[TRAIN] 2026-04-23 01:22:29 step=3090/67071 (4.61%) epoch=1/3 epoch_step=3090/22357 (13.82%) loss=0.233887 lr=0.000460999 elapsed=08:49 eta=03:02:41 val_mrr=0.394106
[TRAIN] 2026-04-23 01:22:32 step=3100/67071 (4.62%) epoch=1/3 epoch_step=3100/22357 (13.87%) loss=0.261660 lr=0.000463231 elapsed=08:52 eta=03:03:03 val_mrr=0.394106
[TRAIN] 2026-04-23 01:22:34 step=3110/67071 (4.64%) epoch=1/3 epoch_step=3110/22357 (13.91%) loss=0.252889 lr=0.000465465 elapsed=08:54 eta=03:02:55 val_mrr=0.394106
[TRAIN] 2026-04-23 01:22:35 step=3120/67071 (4.65%) epoch=1/3 epoch_step=3120/22357 (13.96%) loss=0.286285 lr=0.000467699 elapsed=08:55 eta=03:02:46 val_mrr=0.394106
[TRAIN] 2026-04-23 01:22:36 step=3130/67071 (4.67%) epoch=1/3 epoch_step=3130/22357 (14.00%) loss=0.255451 lr=0.000469935 elapsed=08:56 eta=03:02:37 val_mrr=0.394106
[TRAIN] 2026-04-23 01:22:38 step=3140/67071 (4.68%) epoch=1/3 epoch_step=3140/22357 (14.04%) loss=0.269841 lr=0.000472172 elapsed=08:58 eta=03:02:28 val_mrr=0.394106
[TRAIN] 2026-04-23 01:22:39 step=3150/67071 (4.70%) epoch=1/3 epoch_step=3150/22357 (14.09%) loss=0.252835 lr=0.00047441 elapsed=08:59 eta=03:02:19 val_mrr=0.394106
[TRAIN] 2026-04-23 01:22:41 step=3160/67071 (4.71%) epoch=1/3 epoch_step=3160/22357 (14.13%) loss=0.249119 lr=0.000476649 elapsed=09:01 eta=03:02:16 val_mrr=0.394106
[TRAIN] 2026-04-23 01:22:42 step=3170/67071 (4.73%) epoch=1/3 epoch_step=3170/22357 (14.18%) loss=0.246690 lr=0.000478889 elapsed=09:02 eta=03:02:08 val_mrr=0.394106
[TRAIN] 2026-04-23 01:22:44 step=3180/67071 (4.74%) epoch=1/3 epoch_step=3180/22357 (14.22%) loss=0.230176 lr=0.00048113 elapsed=09:03 eta=03:01:59 val_mrr=0.394106
[TRAIN] 2026-04-23 01:22:45 step=3190/67071 (4.76%) epoch=1/3 epoch_step=3190/22357 (14.27%) loss=0.237689 lr=0.000483371 elapsed=09:05 eta=03:01:50 val_mrr=0.394106
[TRAIN] 2026-04-23 01:22:48 step=3200/67071 (4.77%) epoch=1/3 epoch_step=3200/22357 (14.31%) loss=0.275983 lr=0.000485614 elapsed=09:08 eta=03:02:11 val_mrr=0.394106
[TRAIN] 2026-04-23 01:22:49 step=3210/67071 (4.79%) epoch=1/3 epoch_step=3210/22357 (14.36%) loss=0.244716 lr=0.000487857 elapsed=09:09 eta=03:02:03 val_mrr=0.394106
[TRAIN] 2026-04-23 01:22:50 step=3220/67071 (4.80%) epoch=1/3 epoch_step=3220/22357 (14.40%) loss=0.237983 lr=0.000490101 elapsed=09:10 eta=03:01:55 val_mrr=0.394106
[TRAIN] 2026-04-23 01:22:52 step=3230/67071 (4.82%) epoch=1/3 epoch_step=3230/22357 (14.45%) loss=0.247667 lr=0.000492346 elapsed=09:12 eta=03:01:46 val_mrr=0.394106
[TRAIN] 2026-04-23 01:22:53 step=3240/67071 (4.83%) epoch=1/3 epoch_step=3240/22357 (14.49%) loss=0.267566 lr=0.000494591 elapsed=09:13 eta=03:01:39 val_mrr=0.394106
[TRAIN] 2026-04-23 01:22:55 step=3250/67071 (4.85%) epoch=1/3 epoch_step=3250/22357 (14.54%) loss=0.259235 lr=0.000496837 elapsed=09:15 eta=03:01:36 val_mrr=0.394106
[TRAIN] 2026-04-23 01:22:56 step=3260/67071 (4.86%) epoch=1/3 epoch_step=3260/22357 (14.58%) loss=0.235627 lr=0.000499083 elapsed=09:16 eta=03:01:27 val_mrr=0.394106
[TRAIN] 2026-04-23 01:22:58 step=3270/67071 (4.88%) epoch=1/3 epoch_step=3270/22357 (14.63%) loss=0.272029 lr=0.00050133 elapsed=09:18 eta=03:01:19 val_mrr=0.394106
[TRAIN] 2026-04-23 01:22:59 step=3280/67071 (4.89%) epoch=1/3 epoch_step=3280/22357 (14.67%) loss=0.251940 lr=0.000503577 elapsed=09:19 eta=03:01:10 val_mrr=0.394106
[TRAIN] 2026-04-23 01:23:00 step=3290/67071 (4.91%) epoch=1/3 epoch_step=3290/22357 (14.72%) loss=0.244656 lr=0.000505824 elapsed=09:20 eta=03:01:02 val_mrr=0.394106
[TRAIN] 2026-04-23 01:23:03 step=3300/67071 (4.92%) epoch=1/3 epoch_step=3300/22357 (14.76%) loss=0.285656 lr=0.000508072 elapsed=09:23 eta=03:01:23 val_mrr=0.394106
[TRAIN] 2026-04-23 01:23:05 step=3310/67071 (4.94%) epoch=1/3 epoch_step=3310/22357 (14.81%) loss=0.263145 lr=0.00051032 elapsed=09:25 eta=03:01:15 val_mrr=0.394106
[TRAIN] 2026-04-23 01:23:06 step=3320/67071 (4.95%) epoch=1/3 epoch_step=3320/22357 (14.85%) loss=0.246682 lr=0.000512569 elapsed=09:26 eta=03:01:07 val_mrr=0.394106
[TRAIN] 2026-04-23 01:23:07 step=3330/67071 (4.96%) epoch=1/3 epoch_step=3330/22357 (14.89%) loss=0.258067 lr=0.000514817 elapsed=09:27 eta=03:00:57 val_mrr=0.394106
[TRAIN] 2026-04-23 01:23:09 step=3340/67071 (4.98%) epoch=1/3 epoch_step=3340/22357 (14.94%) loss=0.274254 lr=0.000517066 elapsed=09:29 eta=03:00:54 val_mrr=0.394106
[TRAIN] 2026-04-23 01:23:10 step=3350/67071 (4.99%) epoch=1/3 epoch_step=3350/22357 (14.98%) loss=0.233369 lr=0.000519314 elapsed=09:30 eta=03:00:45 val_mrr=0.394106
[TRAIN] 2026-04-23 01:23:11 step=3360/67071 (5.01%) epoch=1/3 epoch_step=3360/22357 (15.03%) loss=0.251179 lr=0.000521563 elapsed=09:31 eta=03:00:36 val_mrr=0.394106
[TRAIN] 2026-04-23 01:23:13 step=3370/67071 (5.02%) epoch=1/3 epoch_step=3370/22357 (15.07%) loss=0.224997 lr=0.000523811 elapsed=09:33 eta=03:00:26 val_mrr=0.394106
[TRAIN] 2026-04-23 01:23:14 step=3380/67071 (5.04%) epoch=1/3 epoch_step=3380/22357 (15.12%) loss=0.238424 lr=0.00052606 elapsed=09:34 eta=03:00:18 val_mrr=0.394106
[TRAIN] 2026-04-23 01:23:15 step=3390/67071 (5.05%) epoch=1/3 epoch_step=3390/22357 (15.16%) loss=0.247224 lr=0.000528308 elapsed=09:35 eta=03:00:10 val_mrr=0.394106
[TRAIN] 2026-04-23 01:23:18 step=3400/67071 (5.07%) epoch=1/3 epoch_step=3400/22357 (15.21%) loss=0.294397 lr=0.000530557 elapsed=09:38 eta=03:00:30 val_mrr=0.394106
[TRAIN] 2026-04-23 01:23:20 step=3410/67071 (5.08%) epoch=1/3 epoch_step=3410/22357 (15.25%) loss=0.216401 lr=0.000532805 elapsed=09:40 eta=03:00:21 val_mrr=0.394106
[TRAIN] 2026-04-23 01:23:21 step=3420/67071 (5.10%) epoch=1/3 epoch_step=3420/22357 (15.30%) loss=0.264145 lr=0.000535052 elapsed=09:41 eta=03:00:13 val_mrr=0.394106
[TRAIN] 2026-04-23 01:23:22 step=3430/67071 (5.11%) epoch=1/3 epoch_step=3430/22357 (15.34%) loss=0.241713 lr=0.0005373 elapsed=09:42 eta=03:00:06 val_mrr=0.394106
[TRAIN] 2026-04-23 01:23:24 step=3440/67071 (5.13%) epoch=1/3 epoch_step=3440/22357 (15.39%) loss=0.234402 lr=0.000539547 elapsed=09:44 eta=03:00:03 val_mrr=0.394106
[TRAIN] 2026-04-23 01:23:25 step=3450/67071 (5.14%) epoch=1/3 epoch_step=3450/22357 (15.43%) loss=0.265251 lr=0.000541793 elapsed=09:45 eta=02:59:55 val_mrr=0.394106
[TRAIN] 2026-04-23 01:23:27 step=3460/67071 (5.16%) epoch=1/3 epoch_step=3460/22357 (15.48%) loss=0.263643 lr=0.000544039 elapsed=09:47 eta=02:59:46 val_mrr=0.394106
[TRAIN] 2026-04-23 01:23:28 step=3470/67071 (5.17%) epoch=1/3 epoch_step=3470/22357 (15.52%) loss=0.234551 lr=0.000546285 elapsed=09:48 eta=02:59:38 val_mrr=0.394106
[TRAIN] 2026-04-23 01:23:29 step=3480/67071 (5.19%) epoch=1/3 epoch_step=3480/22357 (15.57%) loss=0.235685 lr=0.00054853 elapsed=09:49 eta=02:59:30 val_mrr=0.394106
[TRAIN] 2026-04-23 01:23:31 step=3490/67071 (5.20%) epoch=1/3 epoch_step=3490/22357 (15.61%) loss=0.261174 lr=0.000550774 elapsed=09:51 eta=02:59:22 val_mrr=0.394106
[STAGE] 2026-04-23 01:23:32 val prep subsets global=50000 art_art=1986 art_any=50000
[STAGE] 2026-04-23 01:23:33 val prep negatives global=50000 art_art=1986 art_any=50000
[STAGE] 2026-04-23 01:23:33 val prep unique_entities=136083
[STAGE] 2026-04-23 01:23:36 val prep entity_bank_ready unique_entities=136083 emb_dim=512
[STAGE] 2026-04-23 01:23:36 val start step=3500 epoch=0 task=relation_ranking subset=global triples=50000 batches=98 eval_batch_size=512
[STAGE] 2026-04-23 01:23:38 val start step=3500 epoch=0 task=triple_scoring subset=global triples=50000 batches=98 eval_batch_size=512
[STAGE] 2026-04-23 01:23:38 val start step=3500 epoch=0 task=relation_ranking subset=art_art triples=1986 batches=4 eval_batch_size=512
[STAGE] 2026-04-23 01:23:38 val start step=3500 epoch=0 task=triple_scoring subset=art_art triples=1986 batches=4 eval_batch_size=512
[STAGE] 2026-04-23 01:23:38 val start step=3500 epoch=0 task=relation_ranking subset=art_any triples=50000 batches=98 eval_batch_size=512
[STAGE] 2026-04-23 01:23:40 val start step=3500 epoch=0 task=triple_scoring subset=art_any triples=50000 batches=98 eval_batch_size=512
[VAL] 2026-04-23 01:23:40 step=3500 epoch=0 mrr=0.490848 aucpr=0.944544 art_art_mrr=0.261913 art_art_aucpr=0.804203 art_any_mrr=0.490858 art_any_aucpr=0.830296
[TRAIN] 2026-04-23 01:23:43 step=3500/67071 (5.22%) epoch=1/3 epoch_step=3500/22357 (15.66%) loss=0.243502 lr=0.000553018 elapsed=10:03 eta=03:02:29 val_mrr=0.490848
[TRAIN] 2026-04-23 01:23:45 step=3510/67071 (5.23%) epoch=1/3 epoch_step=3510/22357 (15.70%) loss=0.219321 lr=0.000555261 elapsed=10:05 eta=03:02:27 val_mrr=0.490848
[TRAIN] 2026-04-23 01:23:46 step=3520/67071 (5.25%) epoch=1/3 epoch_step=3520/22357 (15.74%) loss=0.242441 lr=0.000557503 elapsed=10:06 eta=03:02:18 val_mrr=0.490848
[TRAIN] 2026-04-23 01:23:47 step=3530/67071 (5.26%) epoch=1/3 epoch_step=3530/22357 (15.79%) loss=0.248304 lr=0.000559744 elapsed=10:07 eta=03:02:10 val_mrr=0.490848
[TRAIN] 2026-04-23 01:23:49 step=3540/67071 (5.28%) epoch=1/3 epoch_step=3540/22357 (15.83%) loss=0.229547 lr=0.000561985 elapsed=10:09 eta=03:02:01 val_mrr=0.490848
[TRAIN] 2026-04-23 01:23:50 step=3550/67071 (5.29%) epoch=1/3 epoch_step=3550/22357 (15.88%) loss=0.220119 lr=0.000564224 elapsed=10:10 eta=03:01:53 val_mrr=0.490848
[TRAIN] 2026-04-23 01:23:51 step=3560/67071 (5.31%) epoch=1/3 epoch_step=3560/22357 (15.92%) loss=0.232162 lr=0.000566463 elapsed=10:11 eta=03:01:45 val_mrr=0.490848
[TRAIN] 2026-04-23 01:23:53 step=3570/67071 (5.32%) epoch=1/3 epoch_step=3570/22357 (15.97%) loss=0.223233 lr=0.0005687 elapsed=10:13 eta=03:01:36 val_mrr=0.490848
[TRAIN] 2026-04-23 01:23:54 step=3580/67071 (5.34%) epoch=1/3 epoch_step=3580/22357 (16.01%) loss=0.253046 lr=0.000570937 elapsed=10:14 eta=03:01:30 val_mrr=0.490848
[TRAIN] 2026-04-23 01:23:55 step=3590/67071 (5.35%) epoch=1/3 epoch_step=3590/22357 (16.06%) loss=0.223938 lr=0.000573172 elapsed=10:15 eta=03:01:22 val_mrr=0.490848
[TRAIN] 2026-04-23 01:23:58 step=3600/67071 (5.37%) epoch=1/3 epoch_step=3600/22357 (16.10%) loss=0.238364 lr=0.000575407 elapsed=10:18 eta=03:01:41 val_mrr=0.490848
[TRAIN] 2026-04-23 01:24:00 step=3610/67071 (5.38%) epoch=1/3 epoch_step=3610/22357 (16.15%) loss=0.256552 lr=0.00057764 elapsed=10:20 eta=03:01:38 val_mrr=0.490848
[TRAIN] 2026-04-23 01:24:01 step=3620/67071 (5.40%) epoch=1/3 epoch_step=3620/22357 (16.19%) loss=0.233302 lr=0.000579871 elapsed=10:21 eta=03:01:30 val_mrr=0.490848
[TRAIN] 2026-04-23 01:24:03 step=3630/67071 (5.41%) epoch=1/3 epoch_step=3630/22357 (16.24%) loss=0.222414 lr=0.000582102 elapsed=10:23 eta=03:01:22 val_mrr=0.490848
[TRAIN] 2026-04-23 01:24:04 step=3640/67071 (5.43%) epoch=1/3 epoch_step=3640/22357 (16.28%) loss=0.235682 lr=0.000584331 elapsed=10:24 eta=03:01:15 val_mrr=0.490848
[TRAIN] 2026-04-23 01:24:05 step=3650/67071 (5.44%) epoch=1/3 epoch_step=3650/22357 (16.33%) loss=0.226730 lr=0.000586558 elapsed=10:25 eta=03:01:06 val_mrr=0.490848
[TRAIN] 2026-04-23 01:24:07 step=3660/67071 (5.46%) epoch=1/3 epoch_step=3660/22357 (16.37%) loss=0.264062 lr=0.000588785 elapsed=10:27 eta=03:00:57 val_mrr=0.490848
[TRAIN] 2026-04-23 01:24:08 step=3670/67071 (5.47%) epoch=1/3 epoch_step=3670/22357 (16.42%) loss=0.234335 lr=0.000591009 elapsed=10:28 eta=03:00:47 val_mrr=0.490848
[TRAIN] 2026-04-23 01:24:09 step=3680/67071 (5.49%) epoch=1/3 epoch_step=3680/22357 (16.46%) loss=0.229820 lr=0.000593232 elapsed=10:29 eta=03:00:39 val_mrr=0.490848
[TRAIN] 2026-04-23 01:24:11 step=3690/67071 (5.50%) epoch=1/3 epoch_step=3690/22357 (16.50%) loss=0.224499 lr=0.000595454 elapsed=10:31 eta=03:00:30 val_mrr=0.490848
[TRAIN] 2026-04-23 01:24:14 step=3700/67071 (5.52%) epoch=1/3 epoch_step=3700/22357 (16.55%) loss=0.221801 lr=0.000597674 elapsed=10:34 eta=03:00:52 val_mrr=0.490848
[TRAIN] 2026-04-23 01:24:15 step=3710/67071 (5.53%) epoch=1/3 epoch_step=3710/22357 (16.59%) loss=0.234100 lr=0.000599892 elapsed=10:35 eta=03:00:45 val_mrr=0.490848
[TRAIN] 2026-04-23 01:24:16 step=3720/67071 (5.55%) epoch=1/3 epoch_step=3720/22357 (16.64%) loss=0.260947 lr=0.000602108 elapsed=10:36 eta=03:00:37 val_mrr=0.490848
[TRAIN] 2026-04-23 01:24:18 step=3730/67071 (5.56%) epoch=1/3 epoch_step=3730/22357 (16.68%) loss=0.208101 lr=0.000604323 elapsed=10:38 eta=03:00:29 val_mrr=0.490848
[TRAIN] 2026-04-23 01:24:19 step=3740/67071 (5.58%) epoch=1/3 epoch_step=3740/22357 (16.73%) loss=0.236325 lr=0.000606536 elapsed=10:39 eta=03:00:21 val_mrr=0.490848
[TRAIN] 2026-04-23 01:24:20 step=3750/67071 (5.59%) epoch=1/3 epoch_step=3750/22357 (16.77%) loss=0.241403 lr=0.000608746 elapsed=10:40 eta=03:00:13 val_mrr=0.490848
[TRAIN] 2026-04-23 01:24:22 step=3760/67071 (5.61%) epoch=1/3 epoch_step=3760/22357 (16.82%) loss=0.218708 lr=0.000610955 elapsed=10:42 eta=03:00:07 val_mrr=0.490848
[TRAIN] 2026-04-23 01:24:23 step=3770/67071 (5.62%) epoch=1/3 epoch_step=3770/22357 (16.86%) loss=0.225070 lr=0.000613162 elapsed=10:43 eta=02:59:59 val_mrr=0.490848
[TRAIN] 2026-04-23 01:24:25 step=3780/67071 (5.64%) epoch=1/3 epoch_step=3780/22357 (16.91%) loss=0.224631 lr=0.000615367 elapsed=10:45 eta=02:59:56 val_mrr=0.490848
[TRAIN] 2026-04-23 01:24:26 step=3790/67071 (5.65%) epoch=1/3 epoch_step=3790/22357 (16.95%) loss=0.219033 lr=0.00061757 elapsed=10:46 eta=02:59:48 val_mrr=0.490848
[TRAIN] 2026-04-23 01:24:29 step=3800/67071 (5.67%) epoch=1/3 epoch_step=3800/22357 (17.00%) loss=0.223070 lr=0.00061977 elapsed=10:49 eta=03:00:05 val_mrr=0.490848
[TRAIN] 2026-04-23 01:24:30 step=3810/67071 (5.68%) epoch=1/3 epoch_step=3810/22357 (17.04%) loss=0.224377 lr=0.000621969 elapsed=10:50 eta=02:59:57 val_mrr=0.490848
[TRAIN] 2026-04-23 01:24:32 step=3820/67071 (5.70%) epoch=1/3 epoch_step=3820/22357 (17.09%) loss=0.259622 lr=0.000624165 elapsed=10:52 eta=02:59:50 val_mrr=0.490848
[TRAIN] 2026-04-23 01:24:33 step=3830/67071 (5.71%) epoch=1/3 epoch_step=3830/22357 (17.13%) loss=0.217027 lr=0.000626359 elapsed=10:53 eta=02:59:42 val_mrr=0.490848
[TRAIN] 2026-04-23 01:24:34 step=3840/67071 (5.73%) epoch=1/3 epoch_step=3840/22357 (17.18%) loss=0.240457 lr=0.000628551 elapsed=10:54 eta=02:59:36 val_mrr=0.490848
[TRAIN] 2026-04-23 01:24:36 step=3850/67071 (5.74%) epoch=1/3 epoch_step=3850/22357 (17.22%) loss=0.232534 lr=0.00063074 elapsed=10:56 eta=02:59:27 val_mrr=0.490848
[TRAIN] 2026-04-23 01:24:37 step=3860/67071 (5.76%) epoch=1/3 epoch_step=3860/22357 (17.27%) loss=0.228561 lr=0.000632927 elapsed=10:57 eta=02:59:19 val_mrr=0.490848
[TRAIN] 2026-04-23 01:24:39 step=3870/67071 (5.77%) epoch=1/3 epoch_step=3870/22357 (17.31%) loss=0.271758 lr=0.000635111 elapsed=10:59 eta=02:59:17 val_mrr=0.490848
[TRAIN] 2026-04-23 01:24:40 step=3880/67071 (5.78%) epoch=1/3 epoch_step=3880/22357 (17.35%) loss=0.214316 lr=0.000637293 elapsed=11:00 eta=02:59:09 val_mrr=0.490848
[TRAIN] 2026-04-23 01:24:41 step=3890/67071 (5.80%) epoch=1/3 epoch_step=3890/22357 (17.40%) loss=0.216251 lr=0.000639472 elapsed=11:01 eta=02:59:02 val_mrr=0.490848
[TRAIN] 2026-04-23 01:24:44 step=3900/67071 (5.81%) epoch=1/3 epoch_step=3900/22357 (17.44%) loss=0.215706 lr=0.000641648 elapsed=11:04 eta=02:59:20 val_mrr=0.490848
[TRAIN] 2026-04-23 01:24:46 step=3910/67071 (5.83%) epoch=1/3 epoch_step=3910/22357 (17.49%) loss=0.224002 lr=0.000643822 elapsed=11:06 eta=02:59:13 val_mrr=0.490848
[TRAIN] 2026-04-23 01:24:47 step=3920/67071 (5.84%) epoch=1/3 epoch_step=3920/22357 (17.53%) loss=0.215036 lr=0.000645993 elapsed=11:07 eta=02:59:06 val_mrr=0.490848
[TRAIN] 2026-04-23 01:24:48 step=3930/67071 (5.86%) epoch=1/3 epoch_step=3930/22357 (17.58%) loss=0.240546 lr=0.000648162 elapsed=11:08 eta=02:58:59 val_mrr=0.490848
[TRAIN] 2026-04-23 01:24:50 step=3940/67071 (5.87%) epoch=1/3 epoch_step=3940/22357 (17.62%) loss=0.249612 lr=0.000650327 elapsed=11:10 eta=02:58:53 val_mrr=0.490848
[TRAIN] 2026-04-23 01:24:51 step=3950/67071 (5.89%) epoch=1/3 epoch_step=3950/22357 (17.67%) loss=0.257755 lr=0.00065249 elapsed=11:11 eta=02:58:47 val_mrr=0.490848
[TRAIN] 2026-04-23 01:24:53 step=3960/67071 (5.90%) epoch=1/3 epoch_step=3960/22357 (17.71%) loss=0.238214 lr=0.00065465 elapsed=11:13 eta=02:58:41 val_mrr=0.490848
[TRAIN] 2026-04-23 01:24:54 step=3970/67071 (5.92%) epoch=1/3 epoch_step=3970/22357 (17.76%) loss=0.255762 lr=0.000656807 elapsed=11:14 eta=02:58:39 val_mrr=0.490848
[TRAIN] 2026-04-23 01:24:56 step=3980/67071 (5.93%) epoch=1/3 epoch_step=3980/22357 (17.80%) loss=0.244426 lr=0.000658961 elapsed=11:16 eta=02:58:32 val_mrr=0.490848
[TRAIN] 2026-04-23 01:24:57 step=3990/67071 (5.95%) epoch=1/3 epoch_step=3990/22357 (17.85%) loss=0.235128 lr=0.000661112 elapsed=11:17 eta=02:58:25 val_mrr=0.490848
[STAGE] 2026-04-23 01:24:59 val prep subsets global=50000 art_art=1986 art_any=50000
[STAGE] 2026-04-23 01:24:59 val prep negatives global=50000 art_art=1986 art_any=50000
[STAGE] 2026-04-23 01:24:59 val prep unique_entities=136030
[STAGE] 2026-04-23 01:25:03 val prep entity_bank_ready unique_entities=136030 emb_dim=512
[STAGE] 2026-04-23 01:25:03 val start step=4000 epoch=0 task=relation_ranking subset=global triples=50000 batches=98 eval_batch_size=512
[STAGE] 2026-04-23 01:25:04 val start step=4000 epoch=0 task=triple_scoring subset=global triples=50000 batches=98 eval_batch_size=512
[STAGE] 2026-04-23 01:25:05 val start step=4000 epoch=0 task=relation_ranking subset=art_art triples=1986 batches=4 eval_batch_size=512
[STAGE] 2026-04-23 01:25:05 val start step=4000 epoch=0 task=triple_scoring subset=art_art triples=1986 batches=4 eval_batch_size=512
[STAGE] 2026-04-23 01:25:05 val start step=4000 epoch=0 task=relation_ranking subset=art_any triples=50000 batches=98 eval_batch_size=512
[STAGE] 2026-04-23 01:25:06 val start step=4000 epoch=0 task=triple_scoring subset=art_any triples=50000 batches=98 eval_batch_size=512
[VAL] 2026-04-23 01:25:06 step=4000 epoch=0 mrr=0.461536 aucpr=0.952383 art_art_mrr=0.184263 art_art_aucpr=0.720938 art_any_mrr=0.461537 art_any_aucpr=0.846725
[TRAIN] 2026-04-23 01:25:08 step=4000/67071 (5.96%) epoch=1/3 epoch_step=4000/22357 (17.89%) loss=0.213718 lr=0.000663259 elapsed=11:28 eta=03:00:45 val_mrr=0.490848
[TRAIN] 2026-04-23 01:25:09 step=4010/67071 (5.98%) epoch=1/3 epoch_step=4010/22357 (17.94%) loss=0.240638 lr=0.000665404 elapsed=11:29 eta=03:00:39 val_mrr=0.490848
[TRAIN] 2026-04-23 01:25:11 step=4020/67071 (5.99%) epoch=1/3 epoch_step=4020/22357 (17.98%) loss=0.240398 lr=0.000667545 elapsed=11:31 eta=03:00:32 val_mrr=0.490848
[TRAIN] 2026-04-23 01:25:12 step=4030/67071 (6.01%) epoch=1/3 epoch_step=4030/22357 (18.03%) loss=0.214737 lr=0.000669683 elapsed=11:32 eta=03:00:25 val_mrr=0.490848
[TRAIN] 2026-04-23 01:25:14 step=4040/67071 (6.02%) epoch=1/3 epoch_step=4040/22357 (18.07%) loss=0.236538 lr=0.000671818 elapsed=11:34 eta=03:00:24 val_mrr=0.490848
[TRAIN] 2026-04-23 01:25:15 step=4050/67071 (6.04%) epoch=1/3 epoch_step=4050/22357 (18.12%) loss=0.199199 lr=0.00067395 elapsed=11:35 eta=03:00:17 val_mrr=0.490848
[TRAIN] 2026-04-23 01:25:16 step=4060/67071 (6.05%) epoch=1/3 epoch_step=4060/22357 (18.16%) loss=0.203561 lr=0.000676078 elapsed=11:36 eta=03:00:09 val_mrr=0.490848
[TRAIN] 2026-04-23 01:25:18 step=4070/67071 (6.07%) epoch=1/3 epoch_step=4070/22357 (18.20%) loss=0.206775 lr=0.000678203 elapsed=11:38 eta=03:00:01 val_mrr=0.490848
[TRAIN] 2026-04-23 01:25:19 step=4080/67071 (6.08%) epoch=1/3 epoch_step=4080/22357 (18.25%) loss=0.218828 lr=0.000680324 elapsed=11:39 eta=02:59:53 val_mrr=0.490848
[TRAIN] 2026-04-23 01:25:20 step=4090/67071 (6.10%) epoch=1/3 epoch_step=4090/22357 (18.29%) loss=0.226110 lr=0.000682442 elapsed=11:40 eta=02:59:45 val_mrr=0.490848
[TRAIN] 2026-04-23 01:25:23 step=4100/67071 (6.11%) epoch=1/3 epoch_step=4100/22357 (18.34%) loss=0.238515 lr=0.000684556 elapsed=11:43 eta=03:00:01 val_mrr=0.490848
[TRAIN] 2026-04-23 01:25:25 step=4110/67071 (6.13%) epoch=1/3 epoch_step=4110/22357 (18.38%) loss=0.183168 lr=0.000686666 elapsed=11:45 eta=02:59:54 val_mrr=0.490848
[TRAIN] 2026-04-23 01:25:26 step=4120/67071 (6.14%) epoch=1/3 epoch_step=4120/22357 (18.43%) loss=0.244438 lr=0.000688773 elapsed=11:46 eta=02:59:47 val_mrr=0.490848
[TRAIN] 2026-04-23 01:25:28 step=4130/67071 (6.16%) epoch=1/3 epoch_step=4130/22357 (18.47%) loss=0.193016 lr=0.000690876 elapsed=11:48 eta=02:59:44 val_mrr=0.490848
[TRAIN] 2026-04-23 01:25:29 step=4140/67071 (6.17%) epoch=1/3 epoch_step=4140/22357 (18.52%) loss=0.216427 lr=0.000692976 elapsed=11:49 eta=02:59:37 val_mrr=0.490848
[TRAIN] 2026-04-23 01:25:30 step=4150/67071 (6.19%) epoch=1/3 epoch_step=4150/22357 (18.56%) loss=0.199788 lr=0.000695072 elapsed=11:50 eta=02:59:31 val_mrr=0.490848
[TRAIN] 2026-04-23 01:25:32 step=4160/67071 (6.20%) epoch=1/3 epoch_step=4160/22357 (18.61%) loss=0.200168 lr=0.000697163 elapsed=11:52 eta=02:59:23 val_mrr=0.490848
[TRAIN] 2026-04-23 01:25:33 step=4170/67071 (6.22%) epoch=1/3 epoch_step=4170/22357 (18.65%) loss=0.215377 lr=0.000699251 elapsed=11:53 eta=02:59:16 val_mrr=0.490848
[TRAIN] 2026-04-23 01:25:34 step=4180/67071 (6.23%) epoch=1/3 epoch_step=4180/22357 (18.70%) loss=0.213164 lr=0.000701335 elapsed=11:54 eta=02:59:09 val_mrr=0.490848
[TRAIN] 2026-04-23 01:25:36 step=4190/67071 (6.25%) epoch=1/3 epoch_step=4190/22357 (18.74%) loss=0.176546 lr=0.000703415 elapsed=11:56 eta=02:59:02 val_mrr=0.490848
[TRAIN] 2026-04-23 01:25:38 step=4200/67071 (6.26%) epoch=1/3 epoch_step=4200/22357 (18.79%) loss=0.203265 lr=0.000705491 elapsed=11:58 eta=02:59:08 val_mrr=0.490848
[TRAIN] 2026-04-23 01:25:39 step=4210/67071 (6.28%) epoch=1/3 epoch_step=4210/22357 (18.83%) loss=0.253410 lr=0.000707563 elapsed=11:59 eta=02:59:01 val_mrr=0.490848
[TRAIN] 2026-04-23 01:25:41 step=4220/67071 (6.29%) epoch=1/3 epoch_step=4220/22357 (18.88%) loss=0.219373 lr=0.000709631 elapsed=12:01 eta=02:58:58 val_mrr=0.490848
[TRAIN] 2026-04-23 01:25:42 step=4230/67071 (6.31%) epoch=1/3 epoch_step=4230/22357 (18.92%) loss=0.228551 lr=0.000711695 elapsed=12:02 eta=02:58:52 val_mrr=0.490848
[TRAIN] 2026-04-23 01:25:44 step=4240/67071 (6.32%) epoch=1/3 epoch_step=4240/22357 (18.96%) loss=0.195460 lr=0.000713754 elapsed=12:04 eta=02:58:45 val_mrr=0.490848
[TRAIN] 2026-04-23 01:25:45 step=4250/67071 (6.34%) epoch=1/3 epoch_step=4250/22357 (19.01%) loss=0.212754 lr=0.000715809 elapsed=12:05 eta=02:58:37 val_mrr=0.490848
[TRAIN] 2026-04-23 01:25:46 step=4260/67071 (6.35%) epoch=1/3 epoch_step=4260/22357 (19.05%) loss=0.216403 lr=0.00071786 elapsed=12:06 eta=02:58:30 val_mrr=0.490848
[TRAIN] 2026-04-23 01:25:48 step=4270/67071 (6.37%) epoch=1/3 epoch_step=4270/22357 (19.10%) loss=0.225900 lr=0.000719907 elapsed=12:08 eta=02:58:22 val_mrr=0.490848
[TRAIN] 2026-04-23 01:25:49 step=4280/67071 (6.38%) epoch=1/3 epoch_step=4280/22357 (19.14%) loss=0.226676 lr=0.000721949 elapsed=12:09 eta=02:58:15 val_mrr=0.490848
[TRAIN] 2026-04-23 01:25:50 step=4290/67071 (6.40%) epoch=1/3 epoch_step=4290/22357 (19.19%) loss=0.210250 lr=0.000723987 elapsed=12:10 eta=02:58:07 val_mrr=0.490848
[TRAIN] 2026-04-23 01:25:53 step=4300/67071 (6.41%) epoch=1/3 epoch_step=4300/22357 (19.23%) loss=0.237222 lr=0.00072602 elapsed=12:13 eta=02:58:24 val_mrr=0.490848
[TRAIN] 2026-04-23 01:25:55 step=4310/67071 (6.43%) epoch=1/3 epoch_step=4310/22357 (19.28%) loss=0.202888 lr=0.000728049 elapsed=12:15 eta=02:58:21 val_mrr=0.490848
[TRAIN] 2026-04-23 01:25:56 step=4320/67071 (6.44%) epoch=1/3 epoch_step=4320/22357 (19.32%) loss=0.208639 lr=0.000730073 elapsed=12:16 eta=02:58:16 val_mrr=0.490848
[TRAIN] 2026-04-23 01:25:58 step=4330/67071 (6.46%) epoch=1/3 epoch_step=4330/22357 (19.37%) loss=0.210621 lr=0.000732092 elapsed=12:18 eta=02:58:09 val_mrr=0.490848
[TRAIN] 2026-04-23 01:25:59 step=4340/67071 (6.47%) epoch=1/3 epoch_step=4340/22357 (19.41%) loss=0.223793 lr=0.000734107 elapsed=12:19 eta=02:58:03 val_mrr=0.490848
[TRAIN] 2026-04-23 01:26:00 step=4350/67071 (6.49%) epoch=1/3 epoch_step=4350/22357 (19.46%) loss=0.224210 lr=0.000736117 elapsed=12:20 eta=02:57:56 val_mrr=0.490848
[TRAIN] 2026-04-23 01:26:02 step=4360/67071 (6.50%) epoch=1/3 epoch_step=4360/22357 (19.50%) loss=0.236534 lr=0.000738123 elapsed=12:22 eta=02:57:49 val_mrr=0.490848
[TRAIN] 2026-04-23 01:26:03 step=4370/67071 (6.52%) epoch=1/3 epoch_step=4370/22357 (19.55%) loss=0.208584 lr=0.000740123 elapsed=12:23 eta=02:57:42 val_mrr=0.490848
[TRAIN] 2026-04-23 01:26:04 step=4380/67071 (6.53%) epoch=1/3 epoch_step=4380/22357 (19.59%) loss=0.229566 lr=0.000742119 elapsed=12:24 eta=02:57:35 val_mrr=0.490848
[TRAIN] 2026-04-23 01:26:06 step=4390/67071 (6.55%) epoch=1/3 epoch_step=4390/22357 (19.64%) loss=0.201821 lr=0.00074411 elapsed=12:26 eta=02:57:29 val_mrr=0.490848
[TRAIN] 2026-04-23 01:26:09 step=4400/67071 (6.56%) epoch=1/3 epoch_step=4400/22357 (19.68%) loss=0.207439 lr=0.000746096 elapsed=12:29 eta=02:57:47 val_mrr=0.490848
[TRAIN] 2026-04-23 01:26:10 step=4410/67071 (6.58%) epoch=1/3 epoch_step=4410/22357 (19.73%) loss=0.231221 lr=0.000748077 elapsed=12:30 eta=02:57:39 val_mrr=0.490848
[TRAIN] 2026-04-23 01:26:12 step=4420/67071 (6.59%) epoch=1/3 epoch_step=4420/22357 (19.77%) loss=0.227595 lr=0.000750053 elapsed=12:32 eta=02:57:33 val_mrr=0.490848
[TRAIN] 2026-04-23 01:26:13 step=4430/67071 (6.60%) epoch=1/3 epoch_step=4430/22357 (19.81%) loss=0.218700 lr=0.000752024 elapsed=12:33 eta=02:57:26 val_mrr=0.490848
[TRAIN] 2026-04-23 01:26:14 step=4440/67071 (6.62%) epoch=1/3 epoch_step=4440/22357 (19.86%) loss=0.248276 lr=0.00075399 elapsed=12:34 eta=02:57:19 val_mrr=0.490848
[TRAIN] 2026-04-23 01:26:16 step=4450/67071 (6.63%) epoch=1/3 epoch_step=4450/22357 (19.90%) loss=0.233317 lr=0.000755951 elapsed=12:36 eta=02:57:13 val_mrr=0.490848
[TRAIN] 2026-04-23 01:26:17 step=4460/67071 (6.65%) epoch=1/3 epoch_step=4460/22357 (19.95%) loss=0.200965 lr=0.000757907 elapsed=12:37 eta=02:57:05 val_mrr=0.490848
[TRAIN] 2026-04-23 01:26:18 step=4470/67071 (6.66%) epoch=1/3 epoch_step=4470/22357 (19.99%) loss=0.228549 lr=0.000759857 elapsed=12:38 eta=02:56:58 val_mrr=0.490848
[TRAIN] 2026-04-23 01:26:20 step=4480/67071 (6.68%) epoch=1/3 epoch_step=4480/22357 (20.04%) loss=0.196764 lr=0.000761802 elapsed=12:40 eta=02:56:52 val_mrr=0.490848
[TRAIN] 2026-04-23 01:26:21 step=4490/67071 (6.69%) epoch=1/3 epoch_step=4490/22357 (20.08%) loss=0.195373 lr=0.000763742 elapsed=12:41 eta=02:56:49 val_mrr=0.490848
[STAGE] 2026-04-23 01:26:23 val prep subsets global=50000 art_art=1986 art_any=50000
[STAGE] 2026-04-23 01:26:23 val prep negatives global=50000 art_art=1986 art_any=50000
[STAGE] 2026-04-23 01:26:23 val prep unique_entities=136331
[STAGE] 2026-04-23 01:26:27 val prep entity_bank_ready unique_entities=136331 emb_dim=512
[STAGE] 2026-04-23 01:26:27 val start step=4500 epoch=0 task=relation_ranking subset=global triples=50000 batches=98 eval_batch_size=512
[STAGE] 2026-04-23 01:26:28 val start step=4500 epoch=0 task=triple_scoring subset=global triples=50000 batches=98 eval_batch_size=512
[STAGE] 2026-04-23 01:26:28 val start step=4500 epoch=0 task=relation_ranking subset=art_art triples=1986 batches=4 eval_batch_size=512
[STAGE] 2026-04-23 01:26:29 val start step=4500 epoch=0 task=triple_scoring subset=art_art triples=1986 batches=4 eval_batch_size=512
[STAGE] 2026-04-23 01:26:29 val start step=4500 epoch=0 task=relation_ranking subset=art_any triples=50000 batches=98 eval_batch_size=512
[STAGE] 2026-04-23 01:26:30 val start step=4500 epoch=0 task=triple_scoring subset=art_any triples=50000 batches=98 eval_batch_size=512
[VAL] 2026-04-23 01:26:30 step=4500 epoch=0 mrr=0.559855 aucpr=0.958809 art_art_mrr=0.284781 art_art_aucpr=0.833641 art_any_mrr=0.559856 art_any_aucpr=0.870093
[TRAIN] 2026-04-23 01:26:33 step=4500/67071 (6.71%) epoch=1/3 epoch_step=4500/22357 (20.13%) loss=0.192306 lr=0.000765677 elapsed=12:53 eta=02:59:14 val_mrr=0.559855
[TRAIN] 2026-04-23 01:26:35 step=4510/67071 (6.72%) epoch=1/3 epoch_step=4510/22357 (20.17%) loss=0.201810 lr=0.000767606 elapsed=12:55 eta=02:59:06 val_mrr=0.559855
[TRAIN] 2026-04-23 01:26:36 step=4520/67071 (6.74%) epoch=1/3 epoch_step=4520/22357 (20.22%) loss=0.187766 lr=0.000769529 elapsed=12:56 eta=02:59:00 val_mrr=0.559855
[TRAIN] 2026-04-23 01:26:37 step=4530/67071 (6.75%) epoch=1/3 epoch_step=4530/22357 (20.26%) loss=0.229331 lr=0.000771448 elapsed=12:57 eta=02:58:54 val_mrr=0.559855
[TRAIN] 2026-04-23 01:26:39 step=4540/67071 (6.77%) epoch=1/3 epoch_step=4540/22357 (20.31%) loss=0.211300 lr=0.00077336 elapsed=12:59 eta=02:58:47 val_mrr=0.559855
[TRAIN] 2026-04-23 01:26:40 step=4550/67071 (6.78%) epoch=1/3 epoch_step=4550/22357 (20.35%) loss=0.173862 lr=0.000775267 elapsed=13:00 eta=02:58:41 val_mrr=0.559855
[TRAIN] 2026-04-23 01:26:42 step=4560/67071 (6.80%) epoch=1/3 epoch_step=4560/22357 (20.40%) loss=0.215412 lr=0.000777169 elapsed=13:02 eta=02:58:34 val_mrr=0.559855
[TRAIN] 2026-04-23 01:26:43 step=4570/67071 (6.81%) epoch=1/3 epoch_step=4570/22357 (20.44%) loss=0.212364 lr=0.000779065 elapsed=13:03 eta=02:58:32 val_mrr=0.559855
[TRAIN] 2026-04-23 01:26:45 step=4580/67071 (6.83%) epoch=1/3 epoch_step=4580/22357 (20.49%) loss=0.195943 lr=0.000780955 elapsed=13:05 eta=02:58:25 val_mrr=0.559855
[TRAIN] 2026-04-23 01:26:46 step=4590/67071 (6.84%) epoch=1/3 epoch_step=4590/22357 (20.53%) loss=0.202927 lr=0.000782839 elapsed=13:06 eta=02:58:20 val_mrr=0.559855
[TRAIN] 2026-04-23 01:26:49 step=4600/67071 (6.86%) epoch=1/3 epoch_step=4600/22357 (20.58%) loss=0.206485 lr=0.000784718 elapsed=13:09 eta=02:58:35 val_mrr=0.559855
[TRAIN] 2026-04-23 01:26:50 step=4610/67071 (6.87%) epoch=1/3 epoch_step=4610/22357 (20.62%) loss=0.197009 lr=0.000786591 elapsed=13:10 eta=02:58:28 val_mrr=0.559855
[TRAIN] 2026-04-23 01:26:52 step=4620/67071 (6.89%) epoch=1/3 epoch_step=4620/22357 (20.66%) loss=0.201198 lr=0.000788458 elapsed=13:12 eta=02:58:21 val_mrr=0.559855
[TRAIN] 2026-04-23 01:26:53 step=4630/67071 (6.90%) epoch=1/3 epoch_step=4630/22357 (20.71%) loss=0.210266 lr=0.000790319 elapsed=13:13 eta=02:58:14 val_mrr=0.559855
[TRAIN] 2026-04-23 01:26:54 step=4640/67071 (6.92%) epoch=1/3 epoch_step=4640/22357 (20.75%) loss=0.212232 lr=0.000792174 elapsed=13:14 eta=02:58:07 val_mrr=0.559855
[TRAIN] 2026-04-23 01:26:56 step=4650/67071 (6.93%) epoch=1/3 epoch_step=4650/22357 (20.80%) loss=0.205292 lr=0.000794023 elapsed=13:16 eta=02:58:00 val_mrr=0.559855
[TRAIN] 2026-04-23 01:26:57 step=4660/67071 (6.95%) epoch=1/3 epoch_step=4660/22357 (20.84%) loss=0.227310 lr=0.000795866 elapsed=13:17 eta=02:57:58 val_mrr=0.559855
[TRAIN] 2026-04-23 01:26:59 step=4670/67071 (6.96%) epoch=1/3 epoch_step=4670/22357 (20.89%) loss=0.224237 lr=0.000797704 elapsed=13:19 eta=02:57:52 val_mrr=0.559855
[TRAIN] 2026-04-23 01:27:00 step=4680/67071 (6.98%) epoch=1/3 epoch_step=4680/22357 (20.93%) loss=0.206676 lr=0.000799535 elapsed=13:20 eta=02:57:46 val_mrr=0.559855
[TRAIN] 2026-04-23 01:27:01 step=4690/67071 (6.99%) epoch=1/3 epoch_step=4690/22357 (20.98%) loss=0.199637 lr=0.00080136 elapsed=13:21 eta=02:57:40 val_mrr=0.559855
[TRAIN] 2026-04-23 01:27:04 step=4700/67071 (7.01%) epoch=1/3 epoch_step=4700/22357 (21.02%) loss=0.193872 lr=0.000803178 elapsed=13:24 eta=02:57:55 val_mrr=0.559855
[TRAIN] 2026-04-23 01:27:06 step=4710/67071 (7.02%) epoch=1/3 epoch_step=4710/22357 (21.07%) loss=0.238032 lr=0.000804991 elapsed=13:26 eta=02:57:48 val_mrr=0.559855
[TRAIN] 2026-04-23 01:27:07 step=4720/67071 (7.04%) epoch=1/3 epoch_step=4720/22357 (21.11%) loss=0.197313 lr=0.000806797 elapsed=13:27 eta=02:57:42 val_mrr=0.559855
[TRAIN] 2026-04-23 01:27:09 step=4730/67071 (7.05%) epoch=1/3 epoch_step=4730/22357 (21.16%) loss=0.212183 lr=0.000808597 elapsed=13:28 eta=02:57:36 val_mrr=0.559855
[TRAIN] 2026-04-23 01:27:10 step=4740/67071 (7.07%) epoch=1/3 epoch_step=4740/22357 (21.20%) loss=0.215255 lr=0.000810391 elapsed=13:30 eta=02:57:29 val_mrr=0.559855
[TRAIN] 2026-04-23 01:27:11 step=4750/67071 (7.08%) epoch=1/3 epoch_step=4750/22357 (21.25%) loss=0.205600 lr=0.000812178 elapsed=13:31 eta=02:57:22 val_mrr=0.559855
[TRAIN] 2026-04-23 01:27:13 step=4760/67071 (7.10%) epoch=1/3 epoch_step=4760/22357 (21.29%) loss=0.194936 lr=0.000813959 elapsed=13:33 eta=02:57:19 val_mrr=0.559855
[TRAIN] 2026-04-23 01:27:14 step=4770/67071 (7.11%) epoch=1/3 epoch_step=4770/22357 (21.34%) loss=0.199235 lr=0.000815733 elapsed=13:34 eta=02:57:13 val_mrr=0.559855
[TRAIN] 2026-04-23 01:27:15 step=4780/67071 (7.13%) epoch=1/3 epoch_step=4780/22357 (21.38%) loss=0.186248 lr=0.000817501 elapsed=13:35 eta=02:57:07 val_mrr=0.559855
[TRAIN] 2026-04-23 01:27:17 step=4790/67071 (7.14%) epoch=1/3 epoch_step=4790/22357 (21.43%) loss=0.180505 lr=0.000819263 elapsed=13:37 eta=02:57:00 val_mrr=0.559855
[TRAIN] 2026-04-23 01:27:20 step=4800/67071 (7.16%) epoch=1/3 epoch_step=4800/22357 (21.47%) loss=0.212334 lr=0.000821017 elapsed=13:40 eta=02:57:13 val_mrr=0.559855
[TRAIN] 2026-04-23 01:27:21 step=4810/67071 (7.17%) epoch=1/3 epoch_step=4810/22357 (21.51%) loss=0.171449 lr=0.000822766 elapsed=13:41 eta=02:57:06 val_mrr=0.559855
[TRAIN] 2026-04-23 01:27:22 step=4820/67071 (7.19%) epoch=1/3 epoch_step=4820/22357 (21.56%) loss=0.205933 lr=0.000824507 elapsed=13:42 eta=02:56:59 val_mrr=0.559855
[TRAIN] 2026-04-23 01:27:24 step=4830/67071 (7.20%) epoch=1/3 epoch_step=4830/22357 (21.60%) loss=0.228123 lr=0.000826242 elapsed=13:44 eta=02:56:53 val_mrr=0.559855
[TRAIN] 2026-04-23 01:27:25 step=4840/67071 (7.22%) epoch=1/3 epoch_step=4840/22357 (21.65%) loss=0.196380 lr=0.00082797 elapsed=13:45 eta=02:56:47 val_mrr=0.559855
[TRAIN] 2026-04-23 01:27:27 step=4850/67071 (7.23%) epoch=1/3 epoch_step=4850/22357 (21.69%) loss=0.208918 lr=0.000829692 elapsed=13:47 eta=02:56:44 val_mrr=0.559855
[TRAIN] 2026-04-23 01:27:28 step=4860/67071 (7.25%) epoch=1/3 epoch_step=4860/22357 (21.74%) loss=0.220727 lr=0.000831406 elapsed=13:48 eta=02:56:38 val_mrr=0.559855
[TRAIN] 2026-04-23 01:27:29 step=4870/67071 (7.26%) epoch=1/3 epoch_step=4870/22357 (21.78%) loss=0.174201 lr=0.000833114 elapsed=13:49 eta=02:56:31 val_mrr=0.559855
[TRAIN] 2026-04-23 01:27:31 step=4880/67071 (7.28%) epoch=1/3 epoch_step=4880/22357 (21.83%) loss=0.216433 lr=0.000834815 elapsed=13:51 eta=02:56:25 val_mrr=0.559855
[TRAIN] 2026-04-23 01:27:32 step=4890/67071 (7.29%) epoch=1/3 epoch_step=4890/22357 (21.87%) loss=0.189581 lr=0.000836509 elapsed=13:52 eta=02:56:19 val_mrr=0.559855
[TRAIN] 2026-04-23 01:27:35 step=4900/67071 (7.31%) epoch=1/3 epoch_step=4900/22357 (21.92%) loss=0.190561 lr=0.000838196 elapsed=13:55 eta=02:56:32 val_mrr=0.559855
[TRAIN] 2026-04-23 01:27:36 step=4910/67071 (7.32%) epoch=1/3 epoch_step=4910/22357 (21.96%) loss=0.204907 lr=0.000839876 elapsed=13:56 eta=02:56:26 val_mrr=0.559855
[TRAIN] 2026-04-23 01:27:38 step=4920/67071 (7.34%) epoch=1/3 epoch_step=4920/22357 (22.01%) loss=0.217551 lr=0.000841549 elapsed=13:57 eta=02:56:19 val_mrr=0.559855
[TRAIN] 2026-04-23 01:27:39 step=4930/67071 (7.35%) epoch=1/3 epoch_step=4930/22357 (22.05%) loss=0.190296 lr=0.000843215 elapsed=13:59 eta=02:56:13 val_mrr=0.559855
[TRAIN] 2026-04-23 01:27:40 step=4940/67071 (7.37%) epoch=1/3 epoch_step=4940/22357 (22.10%) loss=0.176872 lr=0.000844874 elapsed=14:00 eta=02:56:10 val_mrr=0.559855
[TRAIN] 2026-04-23 01:27:42 step=4950/67071 (7.38%) epoch=1/3 epoch_step=4950/22357 (22.14%) loss=0.221960 lr=0.000846526 elapsed=14:02 eta=02:56:03 val_mrr=0.559855
[TRAIN] 2026-04-23 01:27:43 step=4960/67071 (7.40%) epoch=1/3 epoch_step=4960/22357 (22.19%) loss=0.211951 lr=0.00084817 elapsed=14:03 eta=02:55:56 val_mrr=0.559855
[TRAIN] 2026-04-23 01:27:44 step=4970/67071 (7.41%) epoch=1/3 epoch_step=4970/22357 (22.23%) loss=0.184346 lr=0.000849808 elapsed=14:04 eta=02:55:50 val_mrr=0.559855
[TRAIN] 2026-04-23 01:27:46 step=4980/67071 (7.42%) epoch=1/3 epoch_step=4980/22357 (22.27%) loss=0.204124 lr=0.000851438 elapsed=14:06 eta=02:55:43 val_mrr=0.559855
[TRAIN] 2026-04-23 01:27:47 step=4990/67071 (7.44%) epoch=1/3 epoch_step=4990/22357 (22.32%) loss=0.210481 lr=0.000853061 elapsed=14:07 eta=02:55:37 val_mrr=0.559855
[STAGE] 2026-04-23 01:27:49 val prep subsets global=50000 art_art=1986 art_any=50000
[STAGE] 2026-04-23 01:27:49 val prep negatives global=50000 art_art=1986 art_any=50000
[STAGE] 2026-04-23 01:27:49 val prep unique_entities=136014
[STAGE] 2026-04-23 01:27:53 val prep entity_bank_ready unique_entities=136014 emb_dim=512
[STAGE] 2026-04-23 01:27:53 val start step=5000 epoch=0 task=relation_ranking subset=global triples=50000 batches=98 eval_batch_size=512
[STAGE] 2026-04-23 01:27:54 val start step=5000 epoch=0 task=triple_scoring subset=global triples=50000 batches=98 eval_batch_size=512
[STAGE] 2026-04-23 01:27:54 val start step=5000 epoch=0 task=relation_ranking subset=art_art triples=1986 batches=4 eval_batch_size=512
[STAGE] 2026-04-23 01:27:55 val start step=5000 epoch=0 task=triple_scoring subset=art_art triples=1986 batches=4 eval_batch_size=512
[STAGE] 2026-04-23 01:27:55 val start step=5000 epoch=0 task=relation_ranking subset=art_any triples=50000 batches=98 eval_batch_size=512
[STAGE] 2026-04-23 01:27:56 val start step=5000 epoch=0 task=triple_scoring subset=art_any triples=50000 batches=98 eval_batch_size=512
[VAL] 2026-04-23 01:27:56 step=5000 epoch=0 mrr=0.518749 aucpr=0.964249 art_art_mrr=0.258075 art_art_aucpr=0.846534 art_any_mrr=0.518753 art_any_aucpr=0.892947
[TRAIN] 2026-04-23 01:27:58 step=5000/67071 (7.45%) epoch=1/3 epoch_step=5000/22357 (22.36%) loss=0.173969 lr=0.000854676 elapsed=14:18 eta=02:57:29 val_mrr=0.559855
[TRAIN] 2026-04-23 01:28:00 step=5010/67071 (7.47%) epoch=1/3 epoch_step=5010/22357 (22.41%) loss=0.168231 lr=0.000856285 elapsed=14:19 eta=02:57:27 val_mrr=0.559855
[TRAIN] 2026-04-23 01:28:01 step=5020/67071 (7.48%) epoch=1/3 epoch_step=5020/22357 (22.45%) loss=0.210028 lr=0.000857885 elapsed=14:21 eta=02:57:21 val_mrr=0.559855
[TRAIN] 2026-04-23 01:28:02 step=5030/67071 (7.50%) epoch=1/3 epoch_step=5030/22357 (22.50%) loss=0.211711 lr=0.000859479 elapsed=14:22 eta=02:57:14 val_mrr=0.559855
[TRAIN] 2026-04-23 01:28:04 step=5040/67071 (7.51%) epoch=1/3 epoch_step=5040/22357 (22.54%) loss=0.172213 lr=0.000861065 elapsed=14:24 eta=02:57:08 val_mrr=0.559855
[TRAIN] 2026-04-23 01:28:05 step=5050/67071 (7.53%) epoch=1/3 epoch_step=5050/22357 (22.59%) loss=0.202204 lr=0.000862643 elapsed=14:25 eta=02:57:01 val_mrr=0.559855
[TRAIN] 2026-04-23 01:28:06 step=5060/67071 (7.54%) epoch=1/3 epoch_step=5060/22357 (22.63%) loss=0.200999 lr=0.000864214 elapsed=14:26 eta=02:56:55 val_mrr=0.559855
[TRAIN] 2026-04-23 01:28:08 step=5070/67071 (7.56%) epoch=1/3 epoch_step=5070/22357 (22.68%) loss=0.224389 lr=0.000865778 elapsed=14:28 eta=02:56:49 val_mrr=0.559855
[TRAIN] 2026-04-23 01:28:09 step=5080/67071 (7.57%) epoch=1/3 epoch_step=5080/22357 (22.72%) loss=0.153812 lr=0.000867334 elapsed=14:29 eta=02:56:43 val_mrr=0.559855
[TRAIN] 2026-04-23 01:28:10 step=5090/67071 (7.59%) epoch=1/3 epoch_step=5090/22357 (22.77%) loss=0.204212 lr=0.000868882 elapsed=14:30 eta=02:56:38 val_mrr=0.559855
[TRAIN] 2026-04-23 01:28:13 step=5100/67071 (7.60%) epoch=1/3 epoch_step=5100/22357 (22.81%) loss=0.185142 lr=0.000870422 elapsed=14:33 eta=02:56:53 val_mrr=0.559855
[TRAIN] 2026-04-23 01:28:15 step=5110/67071 (7.62%) epoch=1/3 epoch_step=5110/22357 (22.86%) loss=0.179208 lr=0.000871955 elapsed=14:35 eta=02:56:47 val_mrr=0.559855
[TRAIN] 2026-04-23 01:28:16 step=5120/67071 (7.63%) epoch=1/3 epoch_step=5120/22357 (22.90%) loss=0.187215 lr=0.00087348 elapsed=14:36 eta=02:56:41 val_mrr=0.559855
[TRAIN] 2026-04-23 01:28:18 step=5130/67071 (7.65%) epoch=1/3 epoch_step=5130/22357 (22.95%) loss=0.227197 lr=0.000874998 elapsed=14:37 eta=02:56:35 val_mrr=0.559855
[TRAIN] 2026-04-23 01:28:19 step=5140/67071 (7.66%) epoch=1/3 epoch_step=5140/22357 (22.99%) loss=0.175818 lr=0.000876507 elapsed=14:39 eta=02:56:29 val_mrr=0.559855
[TRAIN] 2026-04-23 01:28:20 step=5150/67071 (7.68%) epoch=1/3 epoch_step=5150/22357 (23.04%) loss=0.175173 lr=0.000878009 elapsed=14:40 eta=02:56:23 val_mrr=0.559855
[TRAIN] 2026-04-23 01:28:22 step=5160/67071 (7.69%) epoch=1/3 epoch_step=5160/22357 (23.08%) loss=0.210257 lr=0.000879503 elapsed=14:42 eta=02:56:17 val_mrr=0.559855
[TRAIN] 2026-04-23 01:28:23 step=5170/67071 (7.71%) epoch=1/3 epoch_step=5170/22357 (23.12%) loss=0.186864 lr=0.000880989 elapsed=14:43 eta=02:56:10 val_mrr=0.559855
[TRAIN] 2026-04-23 01:28:24 step=5180/67071 (7.72%) epoch=1/3 epoch_step=5180/22357 (23.17%) loss=0.218578 lr=0.000882467 elapsed=14:44 eta=02:56:05 val_mrr=0.559855
[TRAIN] 2026-04-23 01:28:26 step=5190/67071 (7.74%) epoch=1/3 epoch_step=5190/22357 (23.21%) loss=0.192342 lr=0.000883937 elapsed=14:46 eta=02:56:03 val_mrr=0.559855
[TRAIN] 2026-04-23 01:28:29 step=5200/67071 (7.75%) epoch=1/3 epoch_step=5200/22357 (23.26%) loss=0.200867 lr=0.000885399 elapsed=14:49 eta=02:56:14 val_mrr=0.559855
[TRAIN] 2026-04-23 01:28:30 step=5210/67071 (7.77%) epoch=1/3 epoch_step=5210/22357 (23.30%) loss=0.197631 lr=0.000886854 elapsed=14:50 eta=02:56:08 val_mrr=0.559855
[TRAIN] 2026-04-23 01:28:31 step=5220/67071 (7.78%) epoch=1/3 epoch_step=5220/22357 (23.35%) loss=0.207918 lr=0.0008883 elapsed=14:51 eta=02:56:02 val_mrr=0.559855
[TRAIN] 2026-04-23 01:28:33 step=5230/67071 (7.80%) epoch=1/3 epoch_step=5230/22357 (23.39%) loss=0.168332 lr=0.000889738 elapsed=14:53 eta=02:55:55 val_mrr=0.559855
[TRAIN] 2026-04-23 01:28:34 step=5240/67071 (7.81%) epoch=1/3 epoch_step=5240/22357 (23.44%) loss=0.178717 lr=0.000891168 elapsed=14:54 eta=02:55:50 val_mrr=0.559855
[TRAIN] 2026-04-23 01:28:35 step=5250/67071 (7.83%) epoch=1/3 epoch_step=5250/22357 (23.48%) loss=0.217208 lr=0.000892589 elapsed=14:55 eta=02:55:44 val_mrr=0.559855
[TRAIN] 2026-04-23 01:28:37 step=5260/67071 (7.84%) epoch=1/3 epoch_step=5260/22357 (23.53%) loss=0.197671 lr=0.000894003 elapsed=14:57 eta=02:55:38 val_mrr=0.559855
[TRAIN] 2026-04-23 01:28:38 step=5270/67071 (7.86%) epoch=1/3 epoch_step=5270/22357 (23.57%) loss=0.188411 lr=0.000895408 elapsed=14:58 eta=02:55:33 val_mrr=0.559855
[TRAIN] 2026-04-23 01:28:40 step=5280/67071 (7.87%) epoch=1/3 epoch_step=5280/22357 (23.62%) loss=0.172460 lr=0.000896805 elapsed=15:00 eta=02:55:29 val_mrr=0.559855
[TRAIN] 2026-04-23 01:28:41 step=5290/67071 (7.89%) epoch=1/3 epoch_step=5290/22357 (23.66%) loss=0.186695 lr=0.000898194 elapsed=15:01 eta=02:55:23 val_mrr=0.559855
[TRAIN] 2026-04-23 01:28:44 step=5300/67071 (7.90%) epoch=1/3 epoch_step=5300/22357 (23.71%) loss=0.199525 lr=0.000899575 elapsed=15:04 eta=02:55:35 val_mrr=0.559855
[TRAIN] 2026-04-23 01:28:45 step=5310/67071 (7.92%) epoch=1/3 epoch_step=5310/22357 (23.75%) loss=0.181484 lr=0.000900947 elapsed=15:05 eta=02:55:28 val_mrr=0.559855
[TRAIN] 2026-04-23 01:28:47 step=5320/67071 (7.93%) epoch=1/3 epoch_step=5320/22357 (23.80%) loss=0.189761 lr=0.000902311 elapsed=15:07 eta=02:55:23 val_mrr=0.559855
[TRAIN] 2026-04-23 01:28:48 step=5330/67071 (7.95%) epoch=1/3 epoch_step=5330/22357 (23.84%) loss=0.197793 lr=0.000903666 elapsed=15:08 eta=02:55:18 val_mrr=0.559855
[TRAIN] 2026-04-23 01:28:49 step=5340/67071 (7.96%) epoch=1/3 epoch_step=5340/22357 (23.89%) loss=0.182957 lr=0.000905013 elapsed=15:09 eta=02:55:12 val_mrr=0.559855
[TRAIN] 2026-04-23 01:28:51 step=5350/67071 (7.98%) epoch=1/3 epoch_step=5350/22357 (23.93%) loss=0.147756 lr=0.000906352 elapsed=15:11 eta=02:55:06 val_mrr=0.559855
[TRAIN] 2026-04-23 01:28:52 step=5360/67071 (7.99%) epoch=1/3 epoch_step=5360/22357 (23.97%) loss=0.225944 lr=0.000907682 elapsed=15:12 eta=02:55:00 val_mrr=0.559855
[TRAIN] 2026-04-23 01:28:54 step=5370/67071 (8.01%) epoch=1/3 epoch_step=5370/22357 (24.02%) loss=0.184590 lr=0.000909004 elapsed=15:14 eta=02:54:57 val_mrr=0.559855
[TRAIN] 2026-04-23 01:28:55 step=5380/67071 (8.02%) epoch=1/3 epoch_step=5380/22357 (24.06%) loss=0.183695 lr=0.000910317 elapsed=15:15 eta=02:54:51 val_mrr=0.559855
[TRAIN] 2026-04-23 01:28:56 step=5390/67071 (8.04%) epoch=1/3 epoch_step=5390/22357 (24.11%) loss=0.177474 lr=0.000911621 elapsed=15:16 eta=02:54:45 val_mrr=0.559855
[TRAIN] 2026-04-23 01:28:59 step=5400/67071 (8.05%) epoch=1/3 epoch_step=5400/22357 (24.15%) loss=0.193493 lr=0.000912917 elapsed=15:19 eta=02:54:56 val_mrr=0.559855
[TRAIN] 2026-04-23 01:29:00 step=5410/67071 (8.07%) epoch=1/3 epoch_step=5410/22357 (24.20%) loss=0.184792 lr=0.000914205 elapsed=15:20 eta=02:54:51 val_mrr=0.559855
[TRAIN] 2026-04-23 01:29:02 step=5420/67071 (8.08%) epoch=1/3 epoch_step=5420/22357 (24.24%) loss=0.141975 lr=0.000915483 elapsed=15:22 eta=02:54:44 val_mrr=0.559855
[TRAIN] 2026-04-23 01:29:03 step=5430/67071 (8.10%) epoch=1/3 epoch_step=5430/22357 (24.29%) loss=0.200100 lr=0.000916753 elapsed=15:23 eta=02:54:38 val_mrr=0.559855
[TRAIN] 2026-04-23 01:29:04 step=5440/67071 (8.11%) epoch=1/3 epoch_step=5440/22357 (24.33%) loss=0.194031 lr=0.000918014 elapsed=15:24 eta=02:54:33 val_mrr=0.559855
[TRAIN] 2026-04-23 01:29:06 step=5450/67071 (8.13%) epoch=1/3 epoch_step=5450/22357 (24.38%) loss=0.198108 lr=0.000919267 elapsed=15:26 eta=02:54:27 val_mrr=0.559855
[TRAIN] 2026-04-23 01:29:07 step=5460/67071 (8.14%) epoch=1/3 epoch_step=5460/22357 (24.42%) loss=0.187610 lr=0.000920511 elapsed=15:27 eta=02:54:25 val_mrr=0.559855
[TRAIN] 2026-04-23 01:29:09 step=5470/67071 (8.16%) epoch=1/3 epoch_step=5470/22357 (24.47%) loss=0.150482 lr=0.000921746 elapsed=15:29 eta=02:54:19 val_mrr=0.559855
[TRAIN] 2026-04-23 01:29:10 step=5480/67071 (8.17%) epoch=1/3 epoch_step=5480/22357 (24.51%) loss=0.143451 lr=0.000922972 elapsed=15:30 eta=02:54:13 val_mrr=0.559855
[TRAIN] 2026-04-23 01:29:11 step=5490/67071 (8.19%) epoch=1/3 epoch_step=5490/22357 (24.56%) loss=0.180026 lr=0.000924189 elapsed=15:31 eta=02:54:08 val_mrr=0.559855
[STAGE] 2026-04-23 01:29:13 val prep subsets global=50000 art_art=1986 art_any=50000
[STAGE] 2026-04-23 01:29:13 val prep negatives global=50000 art_art=1986 art_any=50000
[STAGE] 2026-04-23 01:29:13 val prep unique_entities=136242
[STAGE] 2026-04-23 01:29:17 val prep entity_bank_ready unique_entities=136242 emb_dim=512
[STAGE] 2026-04-23 01:29:17 val start step=5500 epoch=0 task=relation_ranking subset=global triples=50000 batches=98 eval_batch_size=512
[STAGE] 2026-04-23 01:29:18 val start step=5500 epoch=0 task=triple_scoring subset=global triples=50000 batches=98 eval_batch_size=512
[STAGE] 2026-04-23 01:29:19 val start step=5500 epoch=0 task=relation_ranking subset=art_art triples=1986 batches=4 eval_batch_size=512
[STAGE] 2026-04-23 01:29:19 val start step=5500 epoch=0 task=triple_scoring subset=art_art triples=1986 batches=4 eval_batch_size=512
[STAGE] 2026-04-23 01:29:19 val start step=5500 epoch=0 task=relation_ranking subset=art_any triples=50000 batches=98 eval_batch_size=512
[STAGE] 2026-04-23 01:29:20 val start step=5500 epoch=0 task=triple_scoring subset=art_any triples=50000 batches=98 eval_batch_size=512
[VAL] 2026-04-23 01:29:21 step=5500 epoch=0 mrr=0.580412 aucpr=0.966922 art_art_mrr=0.320560 art_art_aucpr=0.852073 art_any_mrr=0.580419 art_any_aucpr=0.893935
[TRAIN] 2026-04-23 01:29:24 step=5500/67071 (8.20%) epoch=1/3 epoch_step=5500/22357 (24.60%) loss=0.167086 lr=0.000925398 elapsed=15:44 eta=02:56:03 val_mrr=0.580412
[TRAIN] 2026-04-23 01:29:25 step=5510/67071 (8.22%) epoch=1/3 epoch_step=5510/22357 (24.65%) loss=0.154418 lr=0.000926597 elapsed=15:45 eta=02:55:57 val_mrr=0.580412
[TRAIN] 2026-04-23 01:29:26 step=5520/67071 (8.23%) epoch=1/3 epoch_step=5520/22357 (24.69%) loss=0.214522 lr=0.000927788 elapsed=15:46 eta=02:55:51 val_mrr=0.580412
[TRAIN] 2026-04-23 01:29:28 step=5530/67071 (8.24%) epoch=1/3 epoch_step=5530/22357 (24.73%) loss=0.195545 lr=0.000928969 elapsed=15:48 eta=02:55:45 val_mrr=0.580412
[TRAIN] 2026-04-23 01:29:29 step=5540/67071 (8.26%) epoch=1/3 epoch_step=5540/22357 (24.78%) loss=0.180551 lr=0.000930142 elapsed=15:49 eta=02:55:42 val_mrr=0.580412
[TRAIN] 2026-04-23 01:29:31 step=5550/67071 (8.27%) epoch=1/3 epoch_step=5550/22357 (24.82%) loss=0.178088 lr=0.000931306 elapsed=15:50 eta=02:55:36 val_mrr=0.580412
[TRAIN] 2026-04-23 01:29:32 step=5560/67071 (8.29%) epoch=1/3 epoch_step=5560/22357 (24.87%) loss=0.204361 lr=0.000932461 elapsed=15:52 eta=02:55:30 val_mrr=0.580412
[TRAIN] 2026-04-23 01:29:33 step=5570/67071 (8.30%) epoch=1/3 epoch_step=5570/22357 (24.91%) loss=0.158681 lr=0.000933606 elapsed=15:53 eta=02:55:23 val_mrr=0.580412
[TRAIN] 2026-04-23 01:29:34 step=5580/67071 (8.32%) epoch=1/3 epoch_step=5580/22357 (24.96%) loss=0.184901 lr=0.000934743 elapsed=15:54 eta=02:55:16 val_mrr=0.580412
[TRAIN] 2026-04-23 01:29:36 step=5590/67071 (8.33%) epoch=1/3 epoch_step=5590/22357 (25.00%) loss=0.159295 lr=0.00093587 elapsed=15:56 eta=02:55:10 val_mrr=0.580412
[TRAIN] 2026-04-23 01:29:38 step=5600/67071 (8.35%) epoch=1/3 epoch_step=5600/22357 (25.05%) loss=0.223596 lr=0.000936988 elapsed=15:58 eta=02:55:19 val_mrr=0.580412
[TRAIN] 2026-04-23 01:29:40 step=5610/67071 (8.36%) epoch=1/3 epoch_step=5610/22357 (25.09%) loss=0.190694 lr=0.000938098 elapsed=16:00 eta=02:55:13 val_mrr=0.580412
[TRAIN] 2026-04-23 01:29:41 step=5620/67071 (8.38%) epoch=1/3 epoch_step=5620/22357 (25.14%) loss=0.217969 lr=0.000939198 elapsed=16:01 eta=02:55:07 val_mrr=0.580412
[TRAIN] 2026-04-23 01:29:42 step=5630/67071 (8.39%) epoch=1/3 epoch_step=5630/22357 (25.18%) loss=0.174927 lr=0.000940288 elapsed=16:02 eta=02:55:04 val_mrr=0.580412
[TRAIN] 2026-04-23 01:29:44 step=5640/67071 (8.41%) epoch=1/3 epoch_step=5640/22357 (25.23%) loss=0.175505 lr=0.00094137 elapsed=16:04 eta=02:54:57 val_mrr=0.580412
[TRAIN] 2026-04-23 01:29:45 step=5650/67071 (8.42%) epoch=1/3 epoch_step=5650/22357 (25.27%) loss=0.153237 lr=0.000942442 elapsed=16:05 eta=02:54:51 val_mrr=0.580412
[TRAIN] 2026-04-23 01:29:46 step=5660/67071 (8.44%) epoch=1/3 epoch_step=5660/22357 (25.32%) loss=0.211619 lr=0.000943505 elapsed=16:06 eta=02:54:45 val_mrr=0.580412
[TRAIN] 2026-04-23 01:29:48 step=5670/67071 (8.45%) epoch=1/3 epoch_step=5670/22357 (25.36%) loss=0.178300 lr=0.000944559 elapsed=16:08 eta=02:54:39 val_mrr=0.580412
[TRAIN] 2026-04-23 01:29:49 step=5680/67071 (8.47%) epoch=1/3 epoch_step=5680/22357 (25.41%) loss=0.176834 lr=0.000945603 elapsed=16:09 eta=02:54:34 val_mrr=0.580412
[TRAIN] 2026-04-23 01:29:50 step=5690/67071 (8.48%) epoch=1/3 epoch_step=5690/22357 (25.45%) loss=0.166015 lr=0.000946639 elapsed=16:10 eta=02:54:28 val_mrr=0.580412
[TRAIN] 2026-04-23 01:29:53 step=5700/67071 (8.50%) epoch=1/3 epoch_step=5700/22357 (25.50%) loss=0.151895 lr=0.000947664 elapsed=16:13 eta=02:54:39 val_mrr=0.580412
[TRAIN] 2026-04-23 01:29:55 step=5710/67071 (8.51%) epoch=1/3 epoch_step=5710/22357 (25.54%) loss=0.176278 lr=0.000948681 elapsed=16:15 eta=02:54:33 val_mrr=0.580412
[TRAIN] 2026-04-23 01:29:56 step=5720/67071 (8.53%) epoch=1/3 epoch_step=5720/22357 (25.58%) loss=0.199343 lr=0.000949688 elapsed=16:16 eta=02:54:30 val_mrr=0.580412
[TRAIN] 2026-04-23 01:29:58 step=5730/67071 (8.54%) epoch=1/3 epoch_step=5730/22357 (25.63%) loss=0.170998 lr=0.000950685 elapsed=16:17 eta=02:54:24 val_mrr=0.580412
[TRAIN] 2026-04-23 01:29:59 step=5740/67071 (8.56%) epoch=1/3 epoch_step=5740/22357 (25.67%) loss=0.190227 lr=0.000951673 elapsed=16:19 eta=02:54:19 val_mrr=0.580412
[TRAIN] 2026-04-23 01:30:00 step=5750/67071 (8.57%) epoch=1/3 epoch_step=5750/22357 (25.72%) loss=0.170431 lr=0.000952652 elapsed=16:20 eta=02:54:13 val_mrr=0.580412
[TRAIN] 2026-04-23 01:30:01 step=5760/67071 (8.59%) epoch=1/3 epoch_step=5760/22357 (25.76%) loss=0.182810 lr=0.000953621 elapsed=16:21 eta=02:54:07 val_mrr=0.580412
[TRAIN] 2026-04-23 01:30:03 step=5770/67071 (8.60%) epoch=1/3 epoch_step=5770/22357 (25.81%) loss=0.181491 lr=0.00095458 elapsed=16:23 eta=02:54:01 val_mrr=0.580412
[TRAIN] 2026-04-23 01:30:04 step=5780/67071 (8.62%) epoch=1/3 epoch_step=5780/22357 (25.85%) loss=0.190246 lr=0.00095553 elapsed=16:24 eta=02:53:55 val_mrr=0.580412
[TRAIN] 2026-04-23 01:30:05 step=5790/67071 (8.63%) epoch=1/3 epoch_step=5790/22357 (25.90%) loss=0.180320 lr=0.000956471 elapsed=16:25 eta=02:53:49 val_mrr=0.580412
[TRAIN] 2026-04-23 01:30:08 step=5800/67071 (8.65%) epoch=1/3 epoch_step=5800/22357 (25.94%) loss=0.190940 lr=0.000957402 elapsed=16:28 eta=02:53:59 val_mrr=0.580412
[TRAIN] 2026-04-23 01:30:10 step=5810/67071 (8.66%) epoch=1/3 epoch_step=5810/22357 (25.99%) loss=0.195695 lr=0.000958323 elapsed=16:30 eta=02:53:57 val_mrr=0.580412
[TRAIN] 2026-04-23 01:30:11 step=5820/67071 (8.68%) epoch=1/3 epoch_step=5820/22357 (26.03%) loss=0.160453 lr=0.000959235 elapsed=16:31 eta=02:53:52 val_mrr=0.580412
[TRAIN] 2026-04-23 01:30:13 step=5830/67071 (8.69%) epoch=1/3 epoch_step=5830/22357 (26.08%) loss=0.200037 lr=0.000960137 elapsed=16:33 eta=02:53:46 val_mrr=0.580412
[TRAIN] 2026-04-23 01:30:14 step=5840/67071 (8.71%) epoch=1/3 epoch_step=5840/22357 (26.12%) loss=0.157187 lr=0.000961029 elapsed=16:34 eta=02:53:41 val_mrr=0.580412
[TRAIN] 2026-04-23 01:30:15 step=5850/67071 (8.72%) epoch=1/3 epoch_step=5850/22357 (26.17%) loss=0.178030 lr=0.000961912 elapsed=16:35 eta=02:53:35 val_mrr=0.580412
[TRAIN] 2026-04-23 01:30:17 step=5860/67071 (8.74%) epoch=1/3 epoch_step=5860/22357 (26.21%) loss=0.177776 lr=0.000962785 elapsed=16:37 eta=02:53:29 val_mrr=0.580412
[TRAIN] 2026-04-23 01:30:18 step=5870/67071 (8.75%) epoch=1/3 epoch_step=5870/22357 (26.26%) loss=0.166172 lr=0.000963648 elapsed=16:38 eta=02:53:23 val_mrr=0.580412
[TRAIN] 2026-04-23 01:30:19 step=5880/67071 (8.77%) epoch=1/3 epoch_step=5880/22357 (26.30%) loss=0.187845 lr=0.000964502 elapsed=16:39 eta=02:53:17 val_mrr=0.580412
[TRAIN] 2026-04-23 01:30:20 step=5890/67071 (8.78%) epoch=1/3 epoch_step=5890/22357 (26.35%) loss=0.191504 lr=0.000965345 elapsed=16:40 eta=02:53:11 val_mrr=0.580412
[TRAIN] 2026-04-23 01:30:23 step=5900/67071 (8.80%) epoch=1/3 epoch_step=5900/22357 (26.39%) loss=0.141622 lr=0.000966179 elapsed=16:43 eta=02:53:23 val_mrr=0.580412
[TRAIN] 2026-04-23 01:30:25 step=5910/67071 (8.81%) epoch=1/3 epoch_step=5910/22357 (26.43%) loss=0.177003 lr=0.000967004 elapsed=16:45 eta=02:53:17 val_mrr=0.580412
[TRAIN] 2026-04-23 01:30:26 step=5920/67071 (8.83%) epoch=1/3 epoch_step=5920/22357 (26.48%) loss=0.173457 lr=0.000967818 elapsed=16:46 eta=02:53:11 val_mrr=0.580412
[TRAIN] 2026-04-23 01:30:27 step=5930/67071 (8.84%) epoch=1/3 epoch_step=5930/22357 (26.52%) loss=0.172012 lr=0.000968623 elapsed=16:47 eta=02:53:06 val_mrr=0.580412
[TRAIN] 2026-04-23 01:30:29 step=5940/67071 (8.86%) epoch=1/3 epoch_step=5940/22357 (26.57%) loss=0.150735 lr=0.000969417 elapsed=16:49 eta=02:53:00 val_mrr=0.580412
[TRAIN] 2026-04-23 01:30:30 step=5950/67071 (8.87%) epoch=1/3 epoch_step=5950/22357 (26.61%) loss=0.181888 lr=0.000970202 elapsed=16:50 eta=02:52:55 val_mrr=0.580412
[TRAIN] 2026-04-23 01:30:31 step=5960/67071 (8.89%) epoch=1/3 epoch_step=5960/22357 (26.66%) loss=0.140498 lr=0.000970977 elapsed=16:51 eta=02:52:49 val_mrr=0.580412
[TRAIN] 2026-04-23 01:30:33 step=5970/67071 (8.90%) epoch=1/3 epoch_step=5970/22357 (26.70%) loss=0.182093 lr=0.000971742 elapsed=16:52 eta=02:52:42 val_mrr=0.580412
[TRAIN] 2026-04-23 01:30:34 step=5980/67071 (8.92%) epoch=1/3 epoch_step=5980/22357 (26.75%) loss=0.145370 lr=0.000972497 elapsed=16:54 eta=02:52:37 val_mrr=0.580412
[TRAIN] 2026-04-23 01:30:35 step=5990/67071 (8.93%) epoch=1/3 epoch_step=5990/22357 (26.79%) loss=0.204441 lr=0.000973243 elapsed=16:55 eta=02:52:34 val_mrr=0.580412
[STAGE] 2026-04-23 01:30:37 val prep subsets global=50000 art_art=1986 art_any=50000
[STAGE] 2026-04-23 01:30:37 val prep negatives global=50000 art_art=1986 art_any=50000
[STAGE] 2026-04-23 01:30:37 val prep unique_entities=136385
[STAGE] 2026-04-23 01:30:41 val prep entity_bank_ready unique_entities=136385 emb_dim=512
[STAGE] 2026-04-23 01:30:41 val start step=6000 epoch=0 task=relation_ranking subset=global triples=50000 batches=98 eval_batch_size=512
[STAGE] 2026-04-23 01:30:42 val start step=6000 epoch=0 task=triple_scoring subset=global triples=50000 batches=98 eval_batch_size=512
[STAGE] 2026-04-23 01:30:43 val start step=6000 epoch=0 task=relation_ranking subset=art_art triples=1986 batches=4 eval_batch_size=512
[STAGE] 2026-04-23 01:30:43 val start step=6000 epoch=0 task=triple_scoring subset=art_art triples=1986 batches=4 eval_batch_size=512
[STAGE] 2026-04-23 01:30:43 val start step=6000 epoch=0 task=relation_ranking subset=art_any triples=50000 batches=98 eval_batch_size=512
[STAGE] 2026-04-23 01:30:44 val start step=6000 epoch=0 task=triple_scoring subset=art_any triples=50000 batches=98 eval_batch_size=512
[VAL] 2026-04-23 01:30:44 step=6000 epoch=0 mrr=0.562904 aucpr=0.968997 art_art_mrr=0.265859 art_art_aucpr=0.865347 art_any_mrr=0.562908 art_any_aucpr=0.900741
[TRAIN] 2026-04-23 01:30:46 step=6000/67071 (8.95%) epoch=1/3 epoch_step=6000/22357 (26.84%) loss=0.174123 lr=0.000973978 elapsed=17:06 eta=02:54:01 val_mrr=0.580412
[TRAIN] 2026-04-23 01:30:47 step=6010/67071 (8.96%) epoch=1/3 epoch_step=6010/22357 (26.88%) loss=0.168257 lr=0.000974703 elapsed=17:07 eta=02:53:55 val_mrr=0.580412
[TRAIN] 2026-04-23 01:30:48 step=6020/67071 (8.98%) epoch=1/3 epoch_step=6020/22357 (26.93%) loss=0.168495 lr=0.000975419 elapsed=17:08 eta=02:53:49 val_mrr=0.580412
[TRAIN] 2026-04-23 01:30:50 step=6030/67071 (8.99%) epoch=1/3 epoch_step=6030/22357 (26.97%) loss=0.169259 lr=0.000976124 elapsed=17:10 eta=02:53:44 val_mrr=0.580412
[TRAIN] 2026-04-23 01:30:51 step=6040/67071 (9.01%) epoch=1/3 epoch_step=6040/22357 (27.02%) loss=0.178135 lr=0.000976819 elapsed=17:11 eta=02:53:38 val_mrr=0.580412
[TRAIN] 2026-04-23 01:30:52 step=6050/67071 (9.02%) epoch=1/3 epoch_step=6050/22357 (27.06%) loss=0.143420 lr=0.000977505 elapsed=17:12 eta=02:53:32 val_mrr=0.580412
[TRAIN] 2026-04-23 01:30:54 step=6060/67071 (9.04%) epoch=1/3 epoch_step=6060/22357 (27.11%) loss=0.211431 lr=0.00097818 elapsed=17:14 eta=02:53:26 val_mrr=0.580412
[TRAIN] 2026-04-23 01:30:55 step=6070/67071 (9.05%) epoch=1/3 epoch_step=6070/22357 (27.15%) loss=0.163510 lr=0.000978845 elapsed=17:15 eta=02:53:24 val_mrr=0.580412
[TRAIN] 2026-04-23 01:30:57 step=6080/67071 (9.07%) epoch=1/3 epoch_step=6080/22357 (27.20%) loss=0.153784 lr=0.000979501 elapsed=17:17 eta=02:53:18 val_mrr=0.580412
[TRAIN] 2026-04-23 01:30:58 step=6090/67071 (9.08%) epoch=1/3 epoch_step=6090/22357 (27.24%) loss=0.186137 lr=0.000980146 elapsed=17:18 eta=02:53:13 val_mrr=0.580412
[TRAIN] 2026-04-23 01:31:01 step=6100/67071 (9.09%) epoch=1/3 epoch_step=6100/22357 (27.28%) loss=0.201916 lr=0.000980781 elapsed=17:21 eta=02:53:22 val_mrr=0.580412
[TRAIN] 2026-04-23 01:31:02 step=6110/67071 (9.11%) epoch=1/3 epoch_step=6110/22357 (27.33%) loss=0.187447 lr=0.000981405 elapsed=17:22 eta=02:53:17 val_mrr=0.580412
[TRAIN] 2026-04-23 01:31:03 step=6120/67071 (9.12%) epoch=1/3 epoch_step=6120/22357 (27.37%) loss=0.171242 lr=0.00098202 elapsed=17:23 eta=02:53:12 val_mrr=0.580412
[TRAIN] 2026-04-23 01:31:05 step=6130/67071 (9.14%) epoch=1/3 epoch_step=6130/22357 (27.42%) loss=0.181306 lr=0.000982625 elapsed=17:25 eta=02:53:07 val_mrr=0.580412
[TRAIN] 2026-04-23 01:31:06 step=6140/67071 (9.15%) epoch=1/3 epoch_step=6140/22357 (27.46%) loss=0.166878 lr=0.000983219 elapsed=17:26 eta=02:53:01 val_mrr=0.580412
[TRAIN] 2026-04-23 01:31:07 step=6150/67071 (9.17%) epoch=1/3 epoch_step=6150/22357 (27.51%) loss=0.177541 lr=0.000983804 elapsed=17:27 eta=02:52:56 val_mrr=0.580412
[TRAIN] 2026-04-23 01:31:09 step=6160/67071 (9.18%) epoch=1/3 epoch_step=6160/22357 (27.55%) loss=0.162570 lr=0.000984378 elapsed=17:29 eta=02:52:54 val_mrr=0.580412
[TRAIN] 2026-04-23 01:31:11 step=6170/67071 (9.20%) epoch=1/3 epoch_step=6170/22357 (27.60%) loss=0.163976 lr=0.000984942 elapsed=17:31 eta=02:52:49 val_mrr=0.580412
[TRAIN] 2026-04-23 01:31:12 step=6180/67071 (9.21%) epoch=1/3 epoch_step=6180/22357 (27.64%) loss=0.171322 lr=0.000985495 elapsed=17:32 eta=02:52:44 val_mrr=0.580412
[TRAIN] 2026-04-23 01:31:13 step=6190/67071 (9.23%) epoch=1/3 epoch_step=6190/22357 (27.69%) loss=0.166149 lr=0.000986039 elapsed=17:33 eta=02:52:38 val_mrr=0.580412
[TRAIN] 2026-04-23 01:31:16 step=6200/67071 (9.24%) epoch=1/3 epoch_step=6200/22357 (27.73%) loss=0.171261 lr=0.000986572 elapsed=17:36 eta=02:52:48 val_mrr=0.580412
[TRAIN] 2026-04-23 01:31:17 step=6210/67071 (9.26%) epoch=1/3 epoch_step=6210/22357 (27.78%) loss=0.153109 lr=0.000987095 elapsed=17:37 eta=02:52:42 val_mrr=0.580412
[TRAIN] 2026-04-23 01:31:19 step=6220/67071 (9.27%) epoch=1/3 epoch_step=6220/22357 (27.82%) loss=0.142823 lr=0.000987608 elapsed=17:39 eta=02:52:37 val_mrr=0.580412
[TRAIN] 2026-04-23 01:31:20 step=6230/67071 (9.29%) epoch=1/3 epoch_step=6230/22357 (27.87%) loss=0.171350 lr=0.00098811 elapsed=17:40 eta=02:52:32 val_mrr=0.580412
[TRAIN] 2026-04-23 01:31:21 step=6240/67071 (9.30%) epoch=1/3 epoch_step=6240/22357 (27.91%) loss=0.196006 lr=0.000988603 elapsed=17:41 eta=02:52:27 val_mrr=0.580412
[TRAIN] 2026-04-23 01:31:23 step=6250/67071 (9.32%) epoch=1/3 epoch_step=6250/22357 (27.96%) loss=0.191372 lr=0.000989085 elapsed=17:43 eta=02:52:25 val_mrr=0.580412
[TRAIN] 2026-04-23 01:31:24 step=6260/67071 (9.33%) epoch=1/3 epoch_step=6260/22357 (28.00%) loss=0.181882 lr=0.000989556 elapsed=17:44 eta=02:52:19 val_mrr=0.580412
[TRAIN] 2026-04-23 01:31:26 step=6270/67071 (9.35%) epoch=1/3 epoch_step=6270/22357 (28.04%) loss=0.178009 lr=0.000990018 elapsed=17:46 eta=02:52:15 val_mrr=0.580412
[TRAIN] 2026-04-23 01:31:27 step=6280/67071 (9.36%) epoch=1/3 epoch_step=6280/22357 (28.09%) loss=0.154537 lr=0.000990469 elapsed=17:47 eta=02:52:10 val_mrr=0.580412
[TRAIN] 2026-04-23 01:31:29 step=6290/67071 (9.38%) epoch=1/3 epoch_step=6290/22357 (28.13%) loss=0.177617 lr=0.000990909 elapsed=17:48 eta=02:52:05 val_mrr=0.580412
[TRAIN] 2026-04-23 01:31:31 step=6300/67071 (9.39%) epoch=1/3 epoch_step=6300/22357 (28.18%) loss=0.157360 lr=0.00099134 elapsed=17:51 eta=02:52:15 val_mrr=0.580412
[TRAIN] 2026-04-23 01:31:33 step=6310/67071 (9.41%) epoch=1/3 epoch_step=6310/22357 (28.22%) loss=0.189098 lr=0.00099176 elapsed=17:53 eta=02:52:10 val_mrr=0.580412
[TRAIN] 2026-04-23 01:31:34 step=6320/67071 (9.42%) epoch=1/3 epoch_step=6320/22357 (28.27%) loss=0.177387 lr=0.00099217 elapsed=17:54 eta=02:52:04 val_mrr=0.580412
[TRAIN] 2026-04-23 01:31:35 step=6330/67071 (9.44%) epoch=1/3 epoch_step=6330/22357 (28.31%) loss=0.173535 lr=0.000992569 elapsed=17:55 eta=02:51:59 val_mrr=0.580412
[TRAIN] 2026-04-23 01:31:37 step=6340/67071 (9.45%) epoch=1/3 epoch_step=6340/22357 (28.36%) loss=0.178882 lr=0.000992958 elapsed=17:57 eta=02:51:58 val_mrr=0.580412
[TRAIN] 2026-04-23 01:31:38 step=6350/67071 (9.47%) epoch=1/3 epoch_step=6350/22357 (28.40%) loss=0.172353 lr=0.000993336 elapsed=17:58 eta=02:51:52 val_mrr=0.580412
[TRAIN] 2026-04-23 01:31:40 step=6360/67071 (9.48%) epoch=1/3 epoch_step=6360/22357 (28.45%) loss=0.149972 lr=0.000993705 elapsed=18:00 eta=02:51:47 val_mrr=0.580412
[TRAIN] 2026-04-23 01:31:41 step=6370/67071 (9.50%) epoch=1/3 epoch_step=6370/22357 (28.49%) loss=0.157722 lr=0.000994062 elapsed=18:01 eta=02:51:41 val_mrr=0.580412
[TRAIN] 2026-04-23 01:31:42 step=6380/67071 (9.51%) epoch=1/3 epoch_step=6380/22357 (28.54%) loss=0.177943 lr=0.00099441 elapsed=18:02 eta=02:51:36 val_mrr=0.580412
[TRAIN] 2026-04-23 01:31:44 step=6390/67071 (9.53%) epoch=1/3 epoch_step=6390/22357 (28.58%) loss=0.163200 lr=0.000994747 elapsed=18:04 eta=02:51:30 val_mrr=0.580412
[TRAIN] 2026-04-23 01:31:46 step=6400/67071 (9.54%) epoch=1/3 epoch_step=6400/22357 (28.63%) loss=0.170674 lr=0.000995073 elapsed=18:06 eta=02:51:39 val_mrr=0.580412
[TRAIN] 2026-04-23 01:31:48 step=6410/67071 (9.56%) epoch=1/3 epoch_step=6410/22357 (28.67%) loss=0.151331 lr=0.000995389 elapsed=18:08 eta=02:51:33 val_mrr=0.580412
[TRAIN] 2026-04-23 01:31:49 step=6420/67071 (9.57%) epoch=1/3 epoch_step=6420/22357 (28.72%) loss=0.161087 lr=0.000995695 elapsed=18:09 eta=02:51:27 val_mrr=0.580412
[TRAIN] 2026-04-23 01:31:51 step=6430/67071 (9.59%) epoch=1/3 epoch_step=6430/22357 (28.76%) loss=0.171141 lr=0.00099599 elapsed=18:11 eta=02:51:25 val_mrr=0.580412
[TRAIN] 2026-04-23 01:31:52 step=6440/67071 (9.60%) epoch=1/3 epoch_step=6440/22357 (28.81%) loss=0.174071 lr=0.000996275 elapsed=18:12 eta=02:51:20 val_mrr=0.580412
[TRAIN] 2026-04-23 01:31:53 step=6450/67071 (9.62%) epoch=1/3 epoch_step=6450/22357 (28.85%) loss=0.155745 lr=0.00099655 elapsed=18:13 eta=02:51:14 val_mrr=0.580412
[TRAIN] 2026-04-23 01:31:54 step=6460/67071 (9.63%) epoch=1/3 epoch_step=6460/22357 (28.89%) loss=0.173645 lr=0.000996814 elapsed=18:14 eta=02:51:09 val_mrr=0.580412
[TRAIN] 2026-04-23 01:31:56 step=6470/67071 (9.65%) epoch=1/3 epoch_step=6470/22357 (28.94%) loss=0.190991 lr=0.000997067 elapsed=18:16 eta=02:51:04 val_mrr=0.580412
[TRAIN] 2026-04-23 01:31:57 step=6480/67071 (9.66%) epoch=1/3 epoch_step=6480/22357 (28.98%) loss=0.160114 lr=0.00099731 elapsed=18:17 eta=02:50:59 val_mrr=0.580412
[TRAIN] 2026-04-23 01:31:59 step=6490/67071 (9.68%) epoch=1/3 epoch_step=6490/22357 (29.03%) loss=0.166355 lr=0.000997542 elapsed=18:18 eta=02:50:54 val_mrr=0.580412
[STAGE] 2026-04-23 01:32:00 val prep subsets global=50000 art_art=1986 art_any=50000
[STAGE] 2026-04-23 01:32:00 val prep negatives global=50000 art_art=1986 art_any=50000
[STAGE] 2026-04-23 01:32:00 val prep unique_entities=136246
[STAGE] 2026-04-23 01:32:05 val prep entity_bank_ready unique_entities=136246 emb_dim=512
[STAGE] 2026-04-23 01:32:05 val start step=6500 epoch=0 task=relation_ranking subset=global triples=50000 batches=98 eval_batch_size=512
[STAGE] 2026-04-23 01:32:06 val start step=6500 epoch=0 task=triple_scoring subset=global triples=50000 batches=98 eval_batch_size=512
[STAGE] 2026-04-23 01:32:06 val start step=6500 epoch=0 task=relation_ranking subset=art_art triples=1986 batches=4 eval_batch_size=512
[STAGE] 2026-04-23 01:32:06 val start step=6500 epoch=0 task=triple_scoring subset=art_art triples=1986 batches=4 eval_batch_size=512
[STAGE] 2026-04-23 01:32:06 val start step=6500 epoch=0 task=relation_ranking subset=art_any triples=50000 batches=98 eval_batch_size=512
[STAGE] 2026-04-23 01:32:08 val start step=6500 epoch=0 task=triple_scoring subset=art_any triples=50000 batches=98 eval_batch_size=512
[VAL] 2026-04-23 01:32:08 step=6500 epoch=0 mrr=0.609777 aucpr=0.972237 art_art_mrr=0.370056 art_art_aucpr=0.870458 art_any_mrr=0.609796 art_any_aucpr=0.909526
[TRAIN] 2026-04-23 01:32:11 step=6500/67071 (9.69%) epoch=1/3 epoch_step=6500/22357 (29.07%) loss=0.157529 lr=0.000997764 elapsed=18:31 eta=02:52:35 val_mrr=0.609777
[TRAIN] 2026-04-23 01:32:13 step=6510/67071 (9.71%) epoch=1/3 epoch_step=6510/22357 (29.12%) loss=0.180414 lr=0.000997976 elapsed=18:33 eta=02:52:33 val_mrr=0.609777
[TRAIN] 2026-04-23 01:32:14 step=6520/67071 (9.72%) epoch=1/3 epoch_step=6520/22357 (29.16%) loss=0.143052 lr=0.000998177 elapsed=18:34 eta=02:52:28 val_mrr=0.609777
[TRAIN] 2026-04-23 01:32:16 step=6530/67071 (9.74%) epoch=1/3 epoch_step=6530/22357 (29.21%) loss=0.161367 lr=0.000998368 elapsed=18:36 eta=02:52:22 val_mrr=0.609777
[TRAIN] 2026-04-23 01:32:17 step=6540/67071 (9.75%) epoch=1/3 epoch_step=6540/22357 (29.25%) loss=0.192341 lr=0.000998548 elapsed=18:37 eta=02:52:18 val_mrr=0.609777
[TRAIN] 2026-04-23 01:32:19 step=6550/67071 (9.77%) epoch=1/3 epoch_step=6550/22357 (29.30%) loss=0.155778 lr=0.000998717 elapsed=18:39 eta=02:52:16 val_mrr=0.609777
[TRAIN] 2026-04-23 01:32:20 step=6560/67071 (9.78%) epoch=1/3 epoch_step=6560/22357 (29.34%) loss=0.172613 lr=0.000998876 elapsed=18:40 eta=02:52:12 val_mrr=0.609777
[TRAIN] 2026-04-23 01:32:21 step=6570/67071 (9.80%) epoch=1/3 epoch_step=6570/22357 (29.39%) loss=0.158069 lr=0.000999025 elapsed=18:41 eta=02:52:07 val_mrr=0.609777
[TRAIN] 2026-04-23 01:32:23 step=6580/67071 (9.81%) epoch=1/3 epoch_step=6580/22357 (29.43%) loss=0.167533 lr=0.000999163 elapsed=18:43 eta=02:52:02 val_mrr=0.609777
[TRAIN] 2026-04-23 01:32:24 step=6590/67071 (9.83%) epoch=1/3 epoch_step=6590/22357 (29.48%) loss=0.174753 lr=0.00099929 elapsed=18:44 eta=02:51:57 val_mrr=0.609777
[TRAIN] 2026-04-23 01:32:27 step=6600/67071 (9.84%) epoch=1/3 epoch_step=6600/22357 (29.52%) loss=0.151554 lr=0.000999407 elapsed=18:47 eta=02:52:08 val_mrr=0.609777
[TRAIN] 2026-04-23 01:32:29 step=6610/67071 (9.86%) epoch=1/3 epoch_step=6610/22357 (29.57%) loss=0.144964 lr=0.000999514 elapsed=18:49 eta=02:52:03 val_mrr=0.609777
[TRAIN] 2026-04-23 01:32:30 step=6620/67071 (9.87%) epoch=1/3 epoch_step=6620/22357 (29.61%) loss=0.191920 lr=0.00099961 elapsed=18:50 eta=02:51:58 val_mrr=0.609777
[TRAIN] 2026-04-23 01:32:31 step=6630/67071 (9.89%) epoch=1/3 epoch_step=6630/22357 (29.66%) loss=0.157944 lr=0.000999695 elapsed=18:51 eta=02:51:53 val_mrr=0.609777
[TRAIN] 2026-04-23 01:32:33 step=6640/67071 (9.90%) epoch=1/3 epoch_step=6640/22357 (29.70%) loss=0.174046 lr=0.00099977 elapsed=18:53 eta=02:51:48 val_mrr=0.609777
[TRAIN] 2026-04-23 01:32:34 step=6650/67071 (9.91%) epoch=1/3 epoch_step=6650/22357 (29.74%) loss=0.165303 lr=0.000999834 elapsed=18:54 eta=02:51:43 val_mrr=0.609777
[TRAIN] 2026-04-23 01:32:35 step=6660/67071 (9.93%) epoch=1/3 epoch_step=6660/22357 (29.79%) loss=0.128084 lr=0.000999888 elapsed=18:55 eta=02:51:38 val_mrr=0.609777
[TRAIN] 2026-04-23 01:32:37 step=6670/67071 (9.94%) epoch=1/3 epoch_step=6670/22357 (29.83%) loss=0.200894 lr=0.000999931 elapsed=18:57 eta=02:51:33 val_mrr=0.609777
[TRAIN] 2026-04-23 01:32:38 step=6680/67071 (9.96%) epoch=1/3 epoch_step=6680/22357 (29.88%) loss=0.179672 lr=0.000999964 elapsed=18:58 eta=02:51:28 val_mrr=0.609777
[TRAIN] 2026-04-23 01:32:40 step=6690/67071 (9.97%) epoch=1/3 epoch_step=6690/22357 (29.92%) loss=0.173704 lr=0.000999986 elapsed=19:00 eta=02:51:25 val_mrr=0.609777
[TRAIN] 2026-04-23 01:32:42 step=6700/67071 (9.99%) epoch=1/3 epoch_step=6700/22357 (29.97%) loss=0.130692 lr=0.000999998 elapsed=19:02 eta=02:51:34 val_mrr=0.609777
[TRAIN] 2026-04-23 01:32:44 step=6710/67071 (10.00%) epoch=1/3 epoch_step=6710/22357 (30.01%) loss=0.122568 lr=0.001 elapsed=19:04 eta=02:51:29 val_mrr=0.609777
[TRAIN] 2026-04-23 01:32:45 step=6720/67071 (10.02%) epoch=1/3 epoch_step=6720/22357 (30.06%) loss=0.148868 lr=0.001 elapsed=19:05 eta=02:51:24 val_mrr=0.609777
[TRAIN] 2026-04-23 01:32:46 step=6730/67071 (10.03%) epoch=1/3 epoch_step=6730/22357 (30.10%) loss=0.161088 lr=0.001 elapsed=19:06 eta=02:51:19 val_mrr=0.609777
[TRAIN] 2026-04-23 01:32:48 step=6740/67071 (10.05%) epoch=1/3 epoch_step=6740/22357 (30.15%) loss=0.156579 lr=0.000999999 elapsed=19:08 eta=02:51:14 val_mrr=0.609777
[TRAIN] 2026-04-23 01:32:49 step=6750/67071 (10.06%) epoch=1/3 epoch_step=6750/22357 (30.19%) loss=0.154849 lr=0.000999999 elapsed=19:09 eta=02:51:09 val_mrr=0.609777
[TRAIN] 2026-04-23 01:32:50 step=6760/67071 (10.08%) epoch=1/3 epoch_step=6760/22357 (30.24%) loss=0.168621 lr=0.000999998 elapsed=19:10 eta=02:51:04 val_mrr=0.609777
[TRAIN] 2026-04-23 01:32:52 step=6770/67071 (10.09%) epoch=1/3 epoch_step=6770/22357 (30.28%) loss=0.182724 lr=0.000999997 elapsed=19:12 eta=02:50:59 val_mrr=0.609777
[TRAIN] 2026-04-23 01:32:54 step=6780/67071 (10.11%) epoch=1/3 epoch_step=6780/22357 (30.33%) loss=0.161342 lr=0.000999996 elapsed=19:14 eta=02:50:58 val_mrr=0.609777
[TRAIN] 2026-04-23 01:32:55 step=6790/67071 (10.12%) epoch=1/3 epoch_step=6790/22357 (30.37%) loss=0.152027 lr=0.000999995 elapsed=19:15 eta=02:50:53 val_mrr=0.609777
[TRAIN] 2026-04-23 01:32:58 step=6800/67071 (10.14%) epoch=1/3 epoch_step=6800/22357 (30.42%) loss=0.170032 lr=0.000999994 elapsed=19:18 eta=02:51:02 val_mrr=0.609777
[TRAIN] 2026-04-23 01:32:59 step=6810/67071 (10.15%) epoch=1/3 epoch_step=6810/22357 (30.46%) loss=0.162149 lr=0.000999993 elapsed=19:19 eta=02:50:57 val_mrr=0.609777
[TRAIN] 2026-04-23 01:33:00 step=6820/67071 (10.17%) epoch=1/3 epoch_step=6820/22357 (30.50%) loss=0.160269 lr=0.000999991 elapsed=19:20 eta=02:50:52 val_mrr=0.609777
[TRAIN] 2026-04-23 01:33:02 step=6830/67071 (10.18%) epoch=1/3 epoch_step=6830/22357 (30.55%) loss=0.143822 lr=0.00099999 elapsed=19:22 eta=02:50:48 val_mrr=0.609777
[TRAIN] 2026-04-23 01:33:03 step=6840/67071 (10.20%) epoch=1/3 epoch_step=6840/22357 (30.59%) loss=0.161037 lr=0.000999988 elapsed=19:23 eta=02:50:43 val_mrr=0.609777
[TRAIN] 2026-04-23 01:33:05 step=6850/67071 (10.21%) epoch=1/3 epoch_step=6850/22357 (30.64%) loss=0.126934 lr=0.000999986 elapsed=19:25 eta=02:50:38 val_mrr=0.609777
[TRAIN] 2026-04-23 01:33:06 step=6860/67071 (10.23%) epoch=1/3 epoch_step=6860/22357 (30.68%) loss=0.157356 lr=0.000999984 elapsed=19:26 eta=02:50:33 val_mrr=0.609777
[TRAIN] 2026-04-23 01:33:07 step=6870/67071 (10.24%) epoch=1/3 epoch_step=6870/22357 (30.73%) loss=0.168582 lr=0.000999982 elapsed=19:27 eta=02:50:30 val_mrr=0.609777
[TRAIN] 2026-04-23 01:33:09 step=6880/67071 (10.26%) epoch=1/3 epoch_step=6880/22357 (30.77%) loss=0.125764 lr=0.00099998 elapsed=19:29 eta=02:50:25 val_mrr=0.609777
[TRAIN] 2026-04-23 01:33:10 step=6890/67071 (10.27%) epoch=1/3 epoch_step=6890/22357 (30.82%) loss=0.165950 lr=0.000999977 elapsed=19:30 eta=02:50:20 val_mrr=0.609777
[TRAIN] 2026-04-23 01:33:13 step=6900/67071 (10.29%) epoch=1/3 epoch_step=6900/22357 (30.86%) loss=0.135066 lr=0.000999975 elapsed=19:33 eta=02:50:29 val_mrr=0.609777
[TRAIN] 2026-04-23 01:33:14 step=6910/67071 (10.30%) epoch=1/3 epoch_step=6910/22357 (30.91%) loss=0.157567 lr=0.000999972 elapsed=19:34 eta=02:50:24 val_mrr=0.609777
[TRAIN] 2026-04-23 01:33:16 step=6920/67071 (10.32%) epoch=1/3 epoch_step=6920/22357 (30.95%) loss=0.148203 lr=0.000999969 elapsed=19:36 eta=02:50:19 val_mrr=0.609777
[TRAIN] 2026-04-23 01:33:17 step=6930/67071 (10.33%) epoch=1/3 epoch_step=6930/22357 (31.00%) loss=0.122494 lr=0.000999966 elapsed=19:37 eta=02:50:14 val_mrr=0.609777
[TRAIN] 2026-04-23 01:33:18 step=6940/67071 (10.35%) epoch=1/3 epoch_step=6940/22357 (31.04%) loss=0.167173 lr=0.000999963 elapsed=19:38 eta=02:50:09 val_mrr=0.609777
[TRAIN] 2026-04-23 01:33:20 step=6950/67071 (10.36%) epoch=1/3 epoch_step=6950/22357 (31.09%) loss=0.160805 lr=0.00099996 elapsed=19:40 eta=02:50:04 val_mrr=0.609777
[TRAIN] 2026-04-23 01:33:21 step=6960/67071 (10.38%) epoch=1/3 epoch_step=6960/22357 (31.13%) loss=0.168985 lr=0.000999956 elapsed=19:41 eta=02:49:59 val_mrr=0.609777
[TRAIN] 2026-04-23 01:33:23 step=6970/67071 (10.39%) epoch=1/3 epoch_step=6970/22357 (31.18%) loss=0.147463 lr=0.000999953 elapsed=19:43 eta=02:49:57 val_mrr=0.609777
[TRAIN] 2026-04-23 01:33:24 step=6980/67071 (10.41%) epoch=1/3 epoch_step=6980/22357 (31.22%) loss=0.144146 lr=0.000999949 elapsed=19:44 eta=02:49:53 val_mrr=0.609777
[TRAIN] 2026-04-23 01:33:25 step=6990/67071 (10.42%) epoch=1/3 epoch_step=6990/22357 (31.27%) loss=0.181549 lr=0.000999945 elapsed=19:45 eta=02:49:48 val_mrr=0.609777
[STAGE] 2026-04-23 01:33:27 val prep subsets global=50000 art_art=1986 art_any=50000
[STAGE] 2026-04-23 01:33:27 val prep negatives global=50000 art_art=1986 art_any=50000
[STAGE] 2026-04-23 01:33:27 val prep unique_entities=136169
[STAGE] 2026-04-23 01:33:31 val prep entity_bank_ready unique_entities=136169 emb_dim=512
[STAGE] 2026-04-23 01:33:31 val start step=7000 epoch=0 task=relation_ranking subset=global triples=50000 batches=98 eval_batch_size=512
[STAGE] 2026-04-23 01:33:32 val start step=7000 epoch=0 task=triple_scoring subset=global triples=50000 batches=98 eval_batch_size=512
[STAGE] 2026-04-23 01:33:33 val start step=7000 epoch=0 task=relation_ranking subset=art_art triples=1986 batches=4 eval_batch_size=512
[STAGE] 2026-04-23 01:33:33 val start step=7000 epoch=0 task=triple_scoring subset=art_art triples=1986 batches=4 eval_batch_size=512
[STAGE] 2026-04-23 01:33:33 val start step=7000 epoch=0 task=relation_ranking subset=art_any triples=50000 batches=98 eval_batch_size=512
[STAGE] 2026-04-23 01:33:34 val start step=7000 epoch=0 task=triple_scoring subset=art_any triples=50000 batches=98 eval_batch_size=512
[VAL] 2026-04-23 01:33:35 step=7000 epoch=0 mrr=0.592615 aucpr=0.973270 art_art_mrr=0.175503 art_art_aucpr=0.759394 art_any_mrr=0.592616 art_any_aucpr=0.910347
[TRAIN] 2026-04-23 01:33:36 step=7000/67071 (10.44%) epoch=1/3 epoch_step=7000/22357 (31.31%) loss=0.174331 lr=0.000999942 elapsed=19:56 eta=02:51:04 val_mrr=0.609777
[TRAIN] 2026-04-23 01:33:37 step=7010/67071 (10.45%) epoch=1/3 epoch_step=7010/22357 (31.35%) loss=0.158237 lr=0.000999937 elapsed=19:57 eta=02:50:59 val_mrr=0.609777
[TRAIN] 2026-04-23 01:33:39 step=7020/67071 (10.47%) epoch=1/3 epoch_step=7020/22357 (31.40%) loss=0.157445 lr=0.000999933 elapsed=19:59 eta=02:50:54 val_mrr=0.609777
[TRAIN] 2026-04-23 01:33:40 step=7030/67071 (10.48%) epoch=1/3 epoch_step=7030/22357 (31.44%) loss=0.152467 lr=0.000999929 elapsed=20:00 eta=02:50:49 val_mrr=0.609777
[TRAIN] 2026-04-23 01:33:42 step=7040/67071 (10.50%) epoch=1/3 epoch_step=7040/22357 (31.49%) loss=0.129758 lr=0.000999925 elapsed=20:02 eta=02:50:47 val_mrr=0.609777
[TRAIN] 2026-04-23 01:33:43 step=7050/67071 (10.51%) epoch=1/3 epoch_step=7050/22357 (31.53%) loss=0.155172 lr=0.00099992 elapsed=20:03 eta=02:50:42 val_mrr=0.609777
[TRAIN] 2026-04-23 01:33:44 step=7060/67071 (10.53%) epoch=1/3 epoch_step=7060/22357 (31.58%) loss=0.163422 lr=0.000999915 elapsed=20:04 eta=02:50:37 val_mrr=0.609777
[TRAIN] 2026-04-23 01:33:46 step=7070/67071 (10.54%) epoch=1/3 epoch_step=7070/22357 (31.62%) loss=0.173206 lr=0.00099991 elapsed=20:06 eta=02:50:32 val_mrr=0.609777
[TRAIN] 2026-04-23 01:33:47 step=7080/67071 (10.56%) epoch=1/3 epoch_step=7080/22357 (31.67%) loss=0.164257 lr=0.000999905 elapsed=20:07 eta=02:50:27 val_mrr=0.609777
[TRAIN] 2026-04-23 01:33:48 step=7090/67071 (10.57%) epoch=1/3 epoch_step=7090/22357 (31.71%) loss=0.145140 lr=0.0009999 elapsed=20:08 eta=02:50:21 val_mrr=0.609777
[TRAIN] 2026-04-23 01:33:51 step=7100/67071 (10.59%) epoch=1/3 epoch_step=7100/22357 (31.76%) loss=0.120832 lr=0.000999895 elapsed=20:11 eta=02:50:29 val_mrr=0.609777
[TRAIN] 2026-04-23 01:33:52 step=7110/67071 (10.60%) epoch=1/3 epoch_step=7110/22357 (31.80%) loss=0.143738 lr=0.00099989 elapsed=20:12 eta=02:50:23 val_mrr=0.609777
[TRAIN] 2026-04-23 01:33:54 step=7120/67071 (10.62%) epoch=1/3 epoch_step=7120/22357 (31.85%) loss=0.158102 lr=0.000999884 elapsed=20:14 eta=02:50:18 val_mrr=0.609777
[TRAIN] 2026-04-23 01:33:55 step=7130/67071 (10.63%) epoch=1/3 epoch_step=7130/22357 (31.89%) loss=0.132432 lr=0.000999878 elapsed=20:15 eta=02:50:13 val_mrr=0.609777
[TRAIN] 2026-04-23 01:33:56 step=7140/67071 (10.65%) epoch=1/3 epoch_step=7140/22357 (31.94%) loss=0.182431 lr=0.000999873 elapsed=20:16 eta=02:50:10 val_mrr=0.609777
[TRAIN] 2026-04-23 01:33:58 step=7150/67071 (10.66%) epoch=1/3 epoch_step=7150/22357 (31.98%) loss=0.162714 lr=0.000999867 elapsed=20:18 eta=02:50:06 val_mrr=0.609777
[TRAIN] 2026-04-23 01:33:59 step=7160/67071 (10.68%) epoch=1/3 epoch_step=7160/22357 (32.03%) loss=0.173081 lr=0.00099986 elapsed=20:19 eta=02:50:01 val_mrr=0.609777
[TRAIN] 2026-04-23 01:34:00 step=7170/67071 (10.69%) epoch=1/3 epoch_step=7170/22357 (32.07%) loss=0.132739 lr=0.000999854 elapsed=20:20 eta=02:49:56 val_mrr=0.609777
[TRAIN] 2026-04-23 01:34:02 step=7180/67071 (10.71%) epoch=1/3 epoch_step=7180/22357 (32.12%) loss=0.169912 lr=0.000999848 elapsed=20:22 eta=02:49:51 val_mrr=0.609777
[TRAIN] 2026-04-23 01:34:03 step=7190/67071 (10.72%) epoch=1/3 epoch_step=7190/22357 (32.16%) loss=0.150424 lr=0.000999841 elapsed=20:23 eta=02:49:45 val_mrr=0.609777
[TRAIN] 2026-04-23 01:34:05 step=7200/67071 (10.73%) epoch=1/3 epoch_step=7200/22357 (32.20%) loss=0.165204 lr=0.000999835 elapsed=20:25 eta=02:49:47 val_mrr=0.609777
[TRAIN] 2026-04-23 01:34:06 step=7210/67071 (10.75%) epoch=1/3 epoch_step=7210/22357 (32.25%) loss=0.185781 lr=0.000999828 elapsed=20:26 eta=02:49:42 val_mrr=0.609777
[TRAIN] 2026-04-23 01:34:08 step=7220/67071 (10.76%) epoch=1/3 epoch_step=7220/22357 (32.29%) loss=0.161879 lr=0.000999821 elapsed=20:28 eta=02:49:37 val_mrr=0.609777
[TRAIN] 2026-04-23 01:34:09 step=7230/67071 (10.78%) epoch=1/3 epoch_step=7230/22357 (32.34%) loss=0.135898 lr=0.000999814 elapsed=20:29 eta=02:49:35 val_mrr=0.609777
[TRAIN] 2026-04-23 01:34:11 step=7240/67071 (10.79%) epoch=1/3 epoch_step=7240/22357 (32.38%) loss=0.169771 lr=0.000999807 elapsed=20:31 eta=02:49:30 val_mrr=0.609777
[TRAIN] 2026-04-23 01:34:12 step=7250/67071 (10.81%) epoch=1/3 epoch_step=7250/22357 (32.43%) loss=0.159984 lr=0.0009998 elapsed=20:32 eta=02:49:25 val_mrr=0.609777
[TRAIN] 2026-04-23 01:34:13 step=7260/67071 (10.82%) epoch=1/3 epoch_step=7260/22357 (32.47%) loss=0.176186 lr=0.000999792 elapsed=20:33 eta=02:49:20 val_mrr=0.609777
[TRAIN] 2026-04-23 01:34:15 step=7270/67071 (10.84%) epoch=1/3 epoch_step=7270/22357 (32.52%) loss=0.163229 lr=0.000999785 elapsed=20:35 eta=02:49:15 val_mrr=0.609777
[TRAIN] 2026-04-23 01:34:16 step=7280/67071 (10.85%) epoch=1/3 epoch_step=7280/22357 (32.56%) loss=0.153537 lr=0.000999777 elapsed=20:36 eta=02:49:10 val_mrr=0.609777
[TRAIN] 2026-04-23 01:34:17 step=7290/67071 (10.87%) epoch=1/3 epoch_step=7290/22357 (32.61%) loss=0.156553 lr=0.000999769 elapsed=20:37 eta=02:49:05 val_mrr=0.609777
[TRAIN] 2026-04-23 01:34:20 step=7300/67071 (10.88%) epoch=1/3 epoch_step=7300/22357 (32.65%) loss=0.155647 lr=0.000999761 elapsed=20:40 eta=02:49:13 val_mrr=0.609777
[TRAIN] 2026-04-23 01:34:21 step=7310/67071 (10.90%) epoch=1/3 epoch_step=7310/22357 (32.70%) loss=0.130611 lr=0.000999753 elapsed=20:41 eta=02:49:09 val_mrr=0.609777
[TRAIN] 2026-04-23 01:34:23 step=7320/67071 (10.91%) epoch=1/3 epoch_step=7320/22357 (32.74%) loss=0.166227 lr=0.000999745 elapsed=20:43 eta=02:49:06 val_mrr=0.609777
[TRAIN] 2026-04-23 01:34:24 step=7330/67071 (10.93%) epoch=1/3 epoch_step=7330/22357 (32.79%) loss=0.139717 lr=0.000999736 elapsed=20:44 eta=02:49:01 val_mrr=0.609777
[TRAIN] 2026-04-23 01:34:26 step=7340/67071 (10.94%) epoch=1/3 epoch_step=7340/22357 (32.83%) loss=0.181229 lr=0.000999728 elapsed=20:46 eta=02:48:57 val_mrr=0.609777
[TRAIN] 2026-04-23 01:34:27 step=7350/67071 (10.96%) epoch=1/3 epoch_step=7350/22357 (32.88%) loss=0.160486 lr=0.000999719 elapsed=20:47 eta=02:48:52 val_mrr=0.609777
[TRAIN] 2026-04-23 01:34:28 step=7360/67071 (10.97%) epoch=1/3 epoch_step=7360/22357 (32.92%) loss=0.170474 lr=0.00099971 elapsed=20:48 eta=02:48:47 val_mrr=0.609777
[TRAIN] 2026-04-23 01:34:30 step=7370/67071 (10.99%) epoch=1/3 epoch_step=7370/22357 (32.97%) loss=0.186438 lr=0.000999702 elapsed=20:50 eta=02:48:42 val_mrr=0.609777
[TRAIN] 2026-04-23 01:34:31 step=7380/67071 (11.00%) epoch=1/3 epoch_step=7380/22357 (33.01%) loss=0.146517 lr=0.000999693 elapsed=20:51 eta=02:48:37 val_mrr=0.609777
[TRAIN] 2026-04-23 01:34:32 step=7390/67071 (11.02%) epoch=1/3 epoch_step=7390/22357 (33.05%) loss=0.145629 lr=0.000999683 elapsed=20:52 eta=02:48:32 val_mrr=0.609777
[TRAIN] 2026-04-23 01:34:35 step=7400/67071 (11.03%) epoch=1/3 epoch_step=7400/22357 (33.10%) loss=0.162119 lr=0.000999674 elapsed=20:55 eta=02:48:39 val_mrr=0.609777
[TRAIN] 2026-04-23 01:34:37 step=7410/67071 (11.05%) epoch=1/3 epoch_step=7410/22357 (33.14%) loss=0.151486 lr=0.000999665 elapsed=20:57 eta=02:48:37 val_mrr=0.609777
[TRAIN] 2026-04-23 01:34:38 step=7420/67071 (11.06%) epoch=1/3 epoch_step=7420/22357 (33.19%) loss=0.133086 lr=0.000999655 elapsed=20:58 eta=02:48:32 val_mrr=0.609777
[TRAIN] 2026-04-23 01:34:39 step=7430/67071 (11.08%) epoch=1/3 epoch_step=7430/22357 (33.23%) loss=0.136257 lr=0.000999645 elapsed=20:59 eta=02:48:27 val_mrr=0.609777
[TRAIN] 2026-04-23 01:34:40 step=7440/67071 (11.09%) epoch=1/3 epoch_step=7440/22357 (33.28%) loss=0.135264 lr=0.000999635 elapsed=21:00 eta=02:48:22 val_mrr=0.609777
[TRAIN] 2026-04-23 01:34:42 step=7450/67071 (11.11%) epoch=1/3 epoch_step=7450/22357 (33.32%) loss=0.155309 lr=0.000999625 elapsed=21:02 eta=02:48:17 val_mrr=0.609777
[TRAIN] 2026-04-23 01:34:43 step=7460/67071 (11.12%) epoch=1/3 epoch_step=7460/22357 (33.37%) loss=0.136299 lr=0.000999615 elapsed=21:03 eta=02:48:12 val_mrr=0.609777
[TRAIN] 2026-04-23 01:34:44 step=7470/67071 (11.14%) epoch=1/3 epoch_step=7470/22357 (33.41%) loss=0.130332 lr=0.000999605 elapsed=21:04 eta=02:48:08 val_mrr=0.609777
[TRAIN] 2026-04-23 01:34:46 step=7480/67071 (11.15%) epoch=1/3 epoch_step=7480/22357 (33.46%) loss=0.180466 lr=0.000999594 elapsed=21:06 eta=02:48:03 val_mrr=0.609777
[TRAIN] 2026-04-23 01:34:47 step=7490/67071 (11.17%) epoch=1/3 epoch_step=7490/22357 (33.50%) loss=0.131220 lr=0.000999584 elapsed=21:07 eta=02:47:59 val_mrr=0.609777
[STAGE] 2026-04-23 01:34:49 val prep subsets global=50000 art_art=1986 art_any=50000
[STAGE] 2026-04-23 01:34:49 val prep negatives global=50000 art_art=1986 art_any=50000
[STAGE] 2026-04-23 01:34:49 val prep unique_entities=136183
[STAGE] 2026-04-23 01:34:53 val prep entity_bank_ready unique_entities=136183 emb_dim=512
[STAGE] 2026-04-23 01:34:53 val start step=7500 epoch=0 task=relation_ranking subset=global triples=50000 batches=98 eval_batch_size=512
[STAGE] 2026-04-23 01:34:54 val start step=7500 epoch=0 task=triple_scoring subset=global triples=50000 batches=98 eval_batch_size=512
[STAGE] 2026-04-23 01:34:55 val start step=7500 epoch=0 task=relation_ranking subset=art_art triples=1986 batches=4 eval_batch_size=512
[STAGE] 2026-04-23 01:34:55 val start step=7500 epoch=0 task=triple_scoring subset=art_art triples=1986 batches=4 eval_batch_size=512
[STAGE] 2026-04-23 01:34:55 val start step=7500 epoch=0 task=relation_ranking subset=art_any triples=50000 batches=98 eval_batch_size=512
[STAGE] 2026-04-23 01:34:56 val start step=7500 epoch=0 task=triple_scoring subset=art_any triples=50000 batches=98 eval_batch_size=512
[VAL] 2026-04-23 01:34:56 step=7500 epoch=0 mrr=0.597442 aucpr=0.978400 art_art_mrr=0.348894 art_art_aucpr=0.905635 art_any_mrr=0.597451 art_any_aucpr=0.924710
[TRAIN] 2026-04-23 01:34:58 step=7500/67071 (11.18%) epoch=1/3 epoch_step=7500/22357 (33.55%) loss=0.165523 lr=0.000999573 elapsed=21:18 eta=02:49:10 val_mrr=0.609777
[TRAIN] 2026-04-23 01:34:59 step=7510/67071 (11.20%) epoch=1/3 epoch_step=7510/22357 (33.59%) loss=0.157826 lr=0.000999562 elapsed=21:19 eta=02:49:05 val_mrr=0.609777
[TRAIN] 2026-04-23 01:35:01 step=7520/67071 (11.21%) epoch=1/3 epoch_step=7520/22357 (33.64%) loss=0.140980 lr=0.000999552 elapsed=21:21 eta=02:49:00 val_mrr=0.609777
[TRAIN] 2026-04-23 01:35:02 step=7530/67071 (11.23%) epoch=1/3 epoch_step=7530/22357 (33.68%) loss=0.145736 lr=0.00099954 elapsed=21:22 eta=02:48:56 val_mrr=0.609777
[TRAIN] 2026-04-23 01:35:03 step=7540/67071 (11.24%) epoch=1/3 epoch_step=7540/22357 (33.73%) loss=0.153730 lr=0.000999529 elapsed=21:23 eta=02:48:51 val_mrr=0.609777
[TRAIN] 2026-04-23 01:35:05 step=7550/67071 (11.26%) epoch=1/3 epoch_step=7550/22357 (33.77%) loss=0.171159 lr=0.000999518 elapsed=21:25 eta=02:48:47 val_mrr=0.609777
[TRAIN] 2026-04-23 01:35:06 step=7560/67071 (11.27%) epoch=1/3 epoch_step=7560/22357 (33.81%) loss=0.136557 lr=0.000999506 elapsed=21:26 eta=02:48:42 val_mrr=0.609777
[TRAIN] 2026-04-23 01:35:07 step=7570/67071 (11.29%) epoch=1/3 epoch_step=7570/22357 (33.86%) loss=0.131926 lr=0.000999495 elapsed=21:27 eta=02:48:38 val_mrr=0.609777
[TRAIN] 2026-04-23 01:35:09 step=7580/67071 (11.30%) epoch=1/3 epoch_step=7580/22357 (33.90%) loss=0.152226 lr=0.000999483 elapsed=21:29 eta=02:48:36 val_mrr=0.609777
[TRAIN] 2026-04-23 01:35:10 step=7590/67071 (11.32%) epoch=1/3 epoch_step=7590/22357 (33.95%) loss=0.119905 lr=0.000999471 elapsed=21:30 eta=02:48:31 val_mrr=0.609777
[TRAIN] 2026-04-23 01:35:13 step=7600/67071 (11.33%) epoch=1/3 epoch_step=7600/22357 (33.99%) loss=0.125001 lr=0.000999459 elapsed=21:33 eta=02:48:39 val_mrr=0.609777
[TRAIN] 2026-04-23 01:35:15 step=7610/67071 (11.35%) epoch=1/3 epoch_step=7610/22357 (34.04%) loss=0.127584 lr=0.000999447 elapsed=21:34 eta=02:48:34 val_mrr=0.609777
[TRAIN] 2026-04-23 01:35:16 step=7620/67071 (11.36%) epoch=1/3 epoch_step=7620/22357 (34.08%) loss=0.151414 lr=0.000999435 elapsed=21:36 eta=02:48:30 val_mrr=0.609777
[TRAIN] 2026-04-23 01:35:17 step=7630/67071 (11.38%) epoch=1/3 epoch_step=7630/22357 (34.13%) loss=0.127511 lr=0.000999422 elapsed=21:37 eta=02:48:25 val_mrr=0.609777
[TRAIN] 2026-04-23 01:35:18 step=7640/67071 (11.39%) epoch=1/3 epoch_step=7640/22357 (34.17%) loss=0.164574 lr=0.00099941 elapsed=21:38 eta=02:48:20 val_mrr=0.609777
[TRAIN] 2026-04-23 01:35:20 step=7650/67071 (11.41%) epoch=1/3 epoch_step=7650/22357 (34.22%) loss=0.125003 lr=0.000999397 elapsed=21:40 eta=02:48:16 val_mrr=0.609777
[TRAIN] 2026-04-23 01:35:21 step=7660/67071 (11.42%) epoch=1/3 epoch_step=7660/22357 (34.26%) loss=0.160222 lr=0.000999384 elapsed=21:41 eta=02:48:12 val_mrr=0.609777
[TRAIN] 2026-04-23 01:35:23 step=7670/67071 (11.44%) epoch=1/3 epoch_step=7670/22357 (34.31%) loss=0.181274 lr=0.000999371 elapsed=21:43 eta=02:48:09 val_mrr=0.609777
[TRAIN] 2026-04-23 01:35:24 step=7680/67071 (11.45%) epoch=1/3 epoch_step=7680/22357 (34.35%) loss=0.152595 lr=0.000999358 elapsed=21:44 eta=02:48:05 val_mrr=0.609777
[TRAIN] 2026-04-23 01:35:25 step=7690/67071 (11.47%) epoch=1/3 epoch_step=7690/22357 (34.40%) loss=0.191663 lr=0.000999345 elapsed=21:45 eta=02:48:00 val_mrr=0.609777
[TRAIN] 2026-04-23 01:35:28 step=7700/67071 (11.48%) epoch=1/3 epoch_step=7700/22357 (34.44%) loss=0.129563 lr=0.000999331 elapsed=21:48 eta=02:48:08 val_mrr=0.609777
[TRAIN] 2026-04-23 01:35:30 step=7710/67071 (11.50%) epoch=1/3 epoch_step=7710/22357 (34.49%) loss=0.152319 lr=0.000999318 elapsed=21:50 eta=02:48:03 val_mrr=0.609777
[TRAIN] 2026-04-23 01:35:31 step=7720/67071 (11.51%) epoch=1/3 epoch_step=7720/22357 (34.53%) loss=0.148457 lr=0.000999304 elapsed=21:51 eta=02:47:59 val_mrr=0.609777
[TRAIN] 2026-04-23 01:35:32 step=7730/67071 (11.53%) epoch=1/3 epoch_step=7730/22357 (34.58%) loss=0.156459 lr=0.00099929 elapsed=21:52 eta=02:47:55 val_mrr=0.609777
[TRAIN] 2026-04-23 01:35:34 step=7740/67071 (11.54%) epoch=1/3 epoch_step=7740/22357 (34.62%) loss=0.169640 lr=0.000999276 elapsed=21:54 eta=02:47:50 val_mrr=0.609777
[TRAIN] 2026-04-23 01:35:35 step=7750/67071 (11.55%) epoch=1/3 epoch_step=7750/22357 (34.66%) loss=0.142873 lr=0.000999262 elapsed=21:55 eta=02:47:48 val_mrr=0.609777
[TRAIN] 2026-04-23 01:35:37 step=7760/67071 (11.57%) epoch=1/3 epoch_step=7760/22357 (34.71%) loss=0.149956 lr=0.000999248 elapsed=21:57 eta=02:47:44 val_mrr=0.609777
[TRAIN] 2026-04-23 01:35:38 step=7770/67071 (11.58%) epoch=1/3 epoch_step=7770/22357 (34.75%) loss=0.177720 lr=0.000999234 elapsed=21:58 eta=02:47:39 val_mrr=0.609777
[TRAIN] 2026-04-23 01:35:39 step=7780/67071 (11.60%) epoch=1/3 epoch_step=7780/22357 (34.80%) loss=0.150373 lr=0.000999219 elapsed=21:59 eta=02:47:35 val_mrr=0.609777
[TRAIN] 2026-04-23 01:35:41 step=7790/67071 (11.61%) epoch=1/3 epoch_step=7790/22357 (34.84%) loss=0.160560 lr=0.000999205 elapsed=22:01 eta=02:47:30 val_mrr=0.609777
[TRAIN] 2026-04-23 01:35:43 step=7800/67071 (11.63%) epoch=1/3 epoch_step=7800/22357 (34.89%) loss=0.157291 lr=0.00099919 elapsed=22:03 eta=02:47:32 val_mrr=0.609777
[TRAIN] 2026-04-23 01:35:44 step=7810/67071 (11.64%) epoch=1/3 epoch_step=7810/22357 (34.93%) loss=0.165101 lr=0.000999175 elapsed=22:04 eta=02:47:27 val_mrr=0.609777
[TRAIN] 2026-04-23 01:35:45 step=7820/67071 (11.66%) epoch=1/3 epoch_step=7820/22357 (34.98%) loss=0.142884 lr=0.00099916 elapsed=22:05 eta=02:47:23 val_mrr=0.609777
[TRAIN] 2026-04-23 01:35:47 step=7830/67071 (11.67%) epoch=1/3 epoch_step=7830/22357 (35.02%) loss=0.158688 lr=0.000999145 elapsed=22:07 eta=02:47:18 val_mrr=0.609777
[TRAIN] 2026-04-23 01:35:48 step=7840/67071 (11.69%) epoch=1/3 epoch_step=7840/22357 (35.07%) loss=0.151817 lr=0.00099913 elapsed=22:08 eta=02:47:14 val_mrr=0.609777
[TRAIN] 2026-04-23 01:35:50 step=7850/67071 (11.70%) epoch=1/3 epoch_step=7850/22357 (35.11%) loss=0.147922 lr=0.000999114 elapsed=22:10 eta=02:47:12 val_mrr=0.609777
[TRAIN] 2026-04-23 01:35:51 step=7860/67071 (11.72%) epoch=1/3 epoch_step=7860/22357 (35.16%) loss=0.167275 lr=0.000999099 elapsed=22:11 eta=02:47:08 val_mrr=0.609777
[TRAIN] 2026-04-23 01:35:53 step=7870/67071 (11.73%) epoch=1/3 epoch_step=7870/22357 (35.20%) loss=0.153416 lr=0.000999083 elapsed=22:12 eta=02:47:03 val_mrr=0.609777
[TRAIN] 2026-04-23 01:35:54 step=7880/67071 (11.75%) epoch=1/3 epoch_step=7880/22357 (35.25%) loss=0.148767 lr=0.000999067 elapsed=22:14 eta=02:46:59 val_mrr=0.609777
[TRAIN] 2026-04-23 01:35:55 step=7890/67071 (11.76%) epoch=1/3 epoch_step=7890/22357 (35.29%) loss=0.135522 lr=0.000999051 elapsed=22:15 eta=02:46:54 val_mrr=0.609777
[TRAIN] 2026-04-23 01:35:58 step=7900/67071 (11.78%) epoch=1/3 epoch_step=7900/22357 (35.34%) loss=0.141793 lr=0.000999035 elapsed=22:18 eta=02:47:02 val_mrr=0.609777
[TRAIN] 2026-04-23 01:35:59 step=7910/67071 (11.79%) epoch=1/3 epoch_step=7910/22357 (35.38%) loss=0.127930 lr=0.000999019 elapsed=22:19 eta=02:46:57 val_mrr=0.609777
[TRAIN] 2026-04-23 01:36:01 step=7920/67071 (11.81%) epoch=1/3 epoch_step=7920/22357 (35.43%) loss=0.137805 lr=0.000999003 elapsed=22:21 eta=02:46:53 val_mrr=0.609777
[TRAIN] 2026-04-23 01:36:02 step=7930/67071 (11.82%) epoch=1/3 epoch_step=7930/22357 (35.47%) loss=0.166406 lr=0.000998986 elapsed=22:22 eta=02:46:48 val_mrr=0.609777
[TRAIN] 2026-04-23 01:36:04 step=7940/67071 (11.84%) epoch=1/3 epoch_step=7940/22357 (35.51%) loss=0.145215 lr=0.000998969 elapsed=22:24 eta=02:46:46 val_mrr=0.609777
[TRAIN] 2026-04-23 01:36:05 step=7950/67071 (11.85%) epoch=1/3 epoch_step=7950/22357 (35.56%) loss=0.123190 lr=0.000998953 elapsed=22:25 eta=02:46:42 val_mrr=0.609777
[TRAIN] 2026-04-23 01:36:06 step=7960/67071 (11.87%) epoch=1/3 epoch_step=7960/22357 (35.60%) loss=0.148475 lr=0.000998936 elapsed=22:26 eta=02:46:37 val_mrr=0.609777
[TRAIN] 2026-04-23 01:36:08 step=7970/67071 (11.88%) epoch=1/3 epoch_step=7970/22357 (35.65%) loss=0.143387 lr=0.000998919 elapsed=22:28 eta=02:46:33 val_mrr=0.609777
[TRAIN] 2026-04-23 01:36:09 step=7980/67071 (11.90%) epoch=1/3 epoch_step=7980/22357 (35.69%) loss=0.158284 lr=0.000998902 elapsed=22:29 eta=02:46:29 val_mrr=0.609777
[TRAIN] 2026-04-23 01:36:10 step=7990/67071 (11.91%) epoch=1/3 epoch_step=7990/22357 (35.74%) loss=0.176834 lr=0.000998884 elapsed=22:30 eta=02:46:25 val_mrr=0.609777
[STAGE] 2026-04-23 01:36:12 val prep subsets global=50000 art_art=1986 art_any=50000
[STAGE] 2026-04-23 01:36:12 val prep negatives global=50000 art_art=1986 art_any=50000
[STAGE] 2026-04-23 01:36:12 val prep unique_entities=136092
[STAGE] 2026-04-23 01:36:16 val prep entity_bank_ready unique_entities=136092 emb_dim=512
[STAGE] 2026-04-23 01:36:16 val start step=8000 epoch=0 task=relation_ranking subset=global triples=50000 batches=98 eval_batch_size=512
[STAGE] 2026-04-23 01:36:17 val start step=8000 epoch=0 task=triple_scoring subset=global triples=50000 batches=98 eval_batch_size=512
[STAGE] 2026-04-23 01:36:17 val start step=8000 epoch=0 task=relation_ranking subset=art_art triples=1986 batches=4 eval_batch_size=512
[STAGE] 2026-04-23 01:36:17 val start step=8000 epoch=0 task=triple_scoring subset=art_art triples=1986 batches=4 eval_batch_size=512
[STAGE] 2026-04-23 01:36:17 val start step=8000 epoch=0 task=relation_ranking subset=art_any triples=50000 batches=98 eval_batch_size=512
[STAGE] 2026-04-23 01:36:19 val start step=8000 epoch=0 task=triple_scoring subset=art_any triples=50000 batches=98 eval_batch_size=512
[VAL] 2026-04-23 01:36:19 step=8000 epoch=0 mrr=0.631834 aucpr=0.975830 art_art_mrr=0.446286 art_art_aucpr=0.831923 art_any_mrr=0.631840 art_any_aucpr=0.917858
[TRAIN] 2026-04-23 01:36:22 step=8000/67071 (11.93%) epoch=1/3 epoch_step=8000/22357 (35.78%) loss=0.164754 lr=0.000998867 elapsed=22:42 eta=02:47:38 val_mrr=0.631834
[TRAIN] 2026-04-23 01:36:24 step=8010/67071 (11.94%) epoch=1/3 epoch_step=8010/22357 (35.83%) loss=0.129844 lr=0.000998849 elapsed=22:43 eta=02:47:33 val_mrr=0.631834
[TRAIN] 2026-04-23 01:36:25 step=8020/67071 (11.96%) epoch=1/3 epoch_step=8020/22357 (35.87%) loss=0.140350 lr=0.000998831 elapsed=22:45 eta=02:47:31 val_mrr=0.631834
[TRAIN] 2026-04-23 01:36:26 step=8030/67071 (11.97%) epoch=1/3 epoch_step=8030/22357 (35.92%) loss=0.150237 lr=0.000998814 elapsed=22:46 eta=02:47:27 val_mrr=0.631834
[TRAIN] 2026-04-23 01:36:28 step=8040/67071 (11.99%) epoch=1/3 epoch_step=8040/22357 (35.96%) loss=0.145547 lr=0.000998796 elapsed=22:48 eta=02:47:23 val_mrr=0.631834
[TRAIN] 2026-04-23 01:36:29 step=8050/67071 (12.00%) epoch=1/3 epoch_step=8050/22357 (36.01%) loss=0.146446 lr=0.000998778 elapsed=22:49 eta=02:47:18 val_mrr=0.631834
[TRAIN] 2026-04-23 01:36:30 step=8060/67071 (12.02%) epoch=1/3 epoch_step=8060/22357 (36.05%) loss=0.164400 lr=0.000998759 elapsed=22:50 eta=02:47:13 val_mrr=0.631834
[TRAIN] 2026-04-23 01:36:32 step=8070/67071 (12.03%) epoch=1/3 epoch_step=8070/22357 (36.10%) loss=0.156609 lr=0.000998741 elapsed=22:52 eta=02:47:09 val_mrr=0.631834
[TRAIN] 2026-04-23 01:36:33 step=8080/67071 (12.05%) epoch=1/3 epoch_step=8080/22357 (36.14%) loss=0.132484 lr=0.000998722 elapsed=22:53 eta=02:47:04 val_mrr=0.631834
[TRAIN] 2026-04-23 01:36:34 step=8090/67071 (12.06%) epoch=1/3 epoch_step=8090/22357 (36.19%) loss=0.165982 lr=0.000998704 elapsed=22:54 eta=02:46:59 val_mrr=0.631834
[TRAIN] 2026-04-23 01:36:37 step=8100/67071 (12.08%) epoch=1/3 epoch_step=8100/22357 (36.23%) loss=0.164514 lr=0.000998685 elapsed=22:57 eta=02:47:07 val_mrr=0.631834
[TRAIN] 2026-04-23 01:36:39 step=8110/67071 (12.09%) epoch=1/3 epoch_step=8110/22357 (36.27%) loss=0.134763 lr=0.000998666 elapsed=22:59 eta=02:47:04 val_mrr=0.631834
[TRAIN] 2026-04-23 01:36:40 step=8120/67071 (12.11%) epoch=1/3 epoch_step=8120/22357 (36.32%) loss=0.152031 lr=0.000998647 elapsed=23:00 eta=02:47:00 val_mrr=0.631834
[TRAIN] 2026-04-23 01:36:42 step=8130/67071 (12.12%) epoch=1/3 epoch_step=8130/22357 (36.36%) loss=0.123804 lr=0.000998628 elapsed=23:01 eta=02:46:55 val_mrr=0.631834
[TRAIN] 2026-04-23 01:36:43 step=8140/67071 (12.14%) epoch=1/3 epoch_step=8140/22357 (36.41%) loss=0.129319 lr=0.000998608 elapsed=23:03 eta=02:46:51 val_mrr=0.631834
[TRAIN] 2026-04-23 01:36:44 step=8150/67071 (12.15%) epoch=1/3 epoch_step=8150/22357 (36.45%) loss=0.204797 lr=0.000998589 elapsed=23:04 eta=02:46:47 val_mrr=0.631834
[TRAIN] 2026-04-23 01:36:45 step=8160/67071 (12.17%) epoch=1/3 epoch_step=8160/22357 (36.50%) loss=0.140760 lr=0.000998569 elapsed=23:05 eta=02:46:42 val_mrr=0.631834
[TRAIN] 2026-04-23 01:36:47 step=8170/67071 (12.18%) epoch=1/3 epoch_step=8170/22357 (36.54%) loss=0.150774 lr=0.00099855 elapsed=23:07 eta=02:46:37 val_mrr=0.631834
[TRAIN] 2026-04-23 01:36:48 step=8180/67071 (12.20%) epoch=1/3 epoch_step=8180/22357 (36.59%) loss=0.159903 lr=0.00099853 elapsed=23:08 eta=02:46:32 val_mrr=0.631834
[TRAIN] 2026-04-23 01:36:49 step=8190/67071 (12.21%) epoch=1/3 epoch_step=8190/22357 (36.63%) loss=0.199243 lr=0.00099851 elapsed=23:09 eta=02:46:27 val_mrr=0.631834
[TRAIN] 2026-04-23 01:36:52 step=8200/67071 (12.23%) epoch=1/3 epoch_step=8200/22357 (36.68%) loss=0.152841 lr=0.00099849 elapsed=23:12 eta=02:46:33 val_mrr=0.631834
[TRAIN] 2026-04-23 01:36:54 step=8210/67071 (12.24%) epoch=1/3 epoch_step=8210/22357 (36.72%) loss=0.151436 lr=0.000998469 elapsed=23:14 eta=02:46:31 val_mrr=0.631834
[TRAIN] 2026-04-23 01:36:55 step=8220/67071 (12.26%) epoch=1/3 epoch_step=8220/22357 (36.77%) loss=0.158347 lr=0.000998449 elapsed=23:15 eta=02:46:26 val_mrr=0.631834
[TRAIN] 2026-04-23 01:36:56 step=8230/67071 (12.27%) epoch=1/3 epoch_step=8230/22357 (36.81%) loss=0.130415 lr=0.000998428 elapsed=23:16 eta=02:46:21 val_mrr=0.631834
[TRAIN] 2026-04-23 01:36:57 step=8240/67071 (12.29%) epoch=1/3 epoch_step=8240/22357 (36.86%) loss=0.187202 lr=0.000998408 elapsed=23:17 eta=02:46:17 val_mrr=0.631834
[TRAIN] 2026-04-23 01:36:59 step=8250/67071 (12.30%) epoch=1/3 epoch_step=8250/22357 (36.90%) loss=0.115038 lr=0.000998387 elapsed=23:19 eta=02:46:12 val_mrr=0.631834
[TRAIN] 2026-04-23 01:37:00 step=8260/67071 (12.32%) epoch=1/3 epoch_step=8260/22357 (36.95%) loss=0.132131 lr=0.000998366 elapsed=23:20 eta=02:46:08 val_mrr=0.631834
[TRAIN] 2026-04-23 01:37:01 step=8270/67071 (12.33%) epoch=1/3 epoch_step=8270/22357 (36.99%) loss=0.154900 lr=0.000998345 elapsed=23:21 eta=02:46:03 val_mrr=0.631834
[TRAIN] 2026-04-23 01:37:03 step=8280/67071 (12.35%) epoch=1/3 epoch_step=8280/22357 (37.04%) loss=0.138501 lr=0.000998324 elapsed=23:22 eta=02:45:58 val_mrr=0.631834
[TRAIN] 2026-04-23 01:37:04 step=8290/67071 (12.36%) epoch=1/3 epoch_step=8290/22357 (37.08%) loss=0.136467 lr=0.000998302 elapsed=23:24 eta=02:45:53 val_mrr=0.631834
[TRAIN] 2026-04-23 01:37:07 step=8300/67071 (12.37%) epoch=1/3 epoch_step=8300/22357 (37.12%) loss=0.144062 lr=0.000998281 elapsed=23:27 eta=02:46:02 val_mrr=0.631834
[TRAIN] 2026-04-23 01:37:08 step=8310/67071 (12.39%) epoch=1/3 epoch_step=8310/22357 (37.17%) loss=0.124220 lr=0.000998259 elapsed=23:28 eta=02:45:57 val_mrr=0.631834
[TRAIN] 2026-04-23 01:37:10 step=8320/67071 (12.40%) epoch=1/3 epoch_step=8320/22357 (37.21%) loss=0.131910 lr=0.000998237 elapsed=23:29 eta=02:45:53 val_mrr=0.631834
[TRAIN] 2026-04-23 01:37:11 step=8330/67071 (12.42%) epoch=1/3 epoch_step=8330/22357 (37.26%) loss=0.141751 lr=0.000998215 elapsed=23:31 eta=02:45:49 val_mrr=0.631834
[TRAIN] 2026-04-23 01:37:12 step=8340/67071 (12.43%) epoch=1/3 epoch_step=8340/22357 (37.30%) loss=0.131969 lr=0.000998193 elapsed=23:32 eta=02:45:45 val_mrr=0.631834
[TRAIN] 2026-04-23 01:37:14 step=8350/67071 (12.45%) epoch=1/3 epoch_step=8350/22357 (37.35%) loss=0.143819 lr=0.000998171 elapsed=23:34 eta=02:45:41 val_mrr=0.631834
[TRAIN] 2026-04-23 01:37:15 step=8360/67071 (12.46%) epoch=1/3 epoch_step=8360/22357 (37.39%) loss=0.165322 lr=0.000998149 elapsed=23:35 eta=02:45:36 val_mrr=0.631834
[TRAIN] 2026-04-23 01:37:16 step=8370/67071 (12.48%) epoch=1/3 epoch_step=8370/22357 (37.44%) loss=0.143670 lr=0.000998126 elapsed=23:36 eta=02:45:32 val_mrr=0.631834
[TRAIN] 2026-04-23 01:37:18 step=8380/67071 (12.49%) epoch=1/3 epoch_step=8380/22357 (37.48%) loss=0.147696 lr=0.000998104 elapsed=23:38 eta=02:45:28 val_mrr=0.631834
[TRAIN] 2026-04-23 01:37:19 step=8390/67071 (12.51%) epoch=1/3 epoch_step=8390/22357 (37.53%) loss=0.137559 lr=0.000998081 elapsed=23:39 eta=02:45:26 val_mrr=0.631834
[TRAIN] 2026-04-23 01:37:22 step=8400/67071 (12.52%) epoch=1/3 epoch_step=8400/22357 (37.57%) loss=0.118561 lr=0.000998058 elapsed=23:42 eta=02:45:32 val_mrr=0.631834
[TRAIN] 2026-04-23 01:37:23 step=8410/67071 (12.54%) epoch=1/3 epoch_step=8410/22357 (37.62%) loss=0.156570 lr=0.000998035 elapsed=23:43 eta=02:45:29 val_mrr=0.631834
[TRAIN] 2026-04-23 01:37:25 step=8420/67071 (12.55%) epoch=1/3 epoch_step=8420/22357 (37.66%) loss=0.114731 lr=0.000998012 elapsed=23:45 eta=02:45:24 val_mrr=0.631834
[TRAIN] 2026-04-23 01:37:26 step=8430/67071 (12.57%) epoch=1/3 epoch_step=8430/22357 (37.71%) loss=0.135100 lr=0.000997989 elapsed=23:46 eta=02:45:20 val_mrr=0.631834
[TRAIN] 2026-04-23 01:37:27 step=8440/67071 (12.58%) epoch=1/3 epoch_step=8440/22357 (37.75%) loss=0.169499 lr=0.000997966 elapsed=23:47 eta=02:45:16 val_mrr=0.631834
[TRAIN] 2026-04-23 01:37:29 step=8450/67071 (12.60%) epoch=1/3 epoch_step=8450/22357 (37.80%) loss=0.159053 lr=0.000997942 elapsed=23:49 eta=02:45:12 val_mrr=0.631834
[TRAIN] 2026-04-23 01:37:30 step=8460/67071 (12.61%) epoch=1/3 epoch_step=8460/22357 (37.84%) loss=0.113059 lr=0.000997918 elapsed=23:50 eta=02:45:08 val_mrr=0.631834
[TRAIN] 2026-04-23 01:37:32 step=8470/67071 (12.63%) epoch=1/3 epoch_step=8470/22357 (37.89%) loss=0.134389 lr=0.000997895 elapsed=23:51 eta=02:45:04 val_mrr=0.631834
[TRAIN] 2026-04-23 01:37:33 step=8480/67071 (12.64%) epoch=1/3 epoch_step=8480/22357 (37.93%) loss=0.153280 lr=0.000997871 elapsed=23:53 eta=02:45:02 val_mrr=0.631834
[TRAIN] 2026-04-23 01:37:34 step=8490/67071 (12.66%) epoch=1/3 epoch_step=8490/22357 (37.97%) loss=0.134073 lr=0.000997847 elapsed=23:54 eta=02:44:57 val_mrr=0.631834
[STAGE] 2026-04-23 01:37:36 val prep subsets global=50000 art_art=1986 art_any=50000
[STAGE] 2026-04-23 01:37:36 val prep negatives global=50000 art_art=1986 art_any=50000
[STAGE] 2026-04-23 01:37:36 val prep unique_entities=136239
[STAGE] 2026-04-23 01:37:40 val prep entity_bank_ready unique_entities=136239 emb_dim=512
[STAGE] 2026-04-23 01:37:40 val start step=8500 epoch=0 task=relation_ranking subset=global triples=50000 batches=98 eval_batch_size=512
[STAGE] 2026-04-23 01:37:41 val start step=8500 epoch=0 task=triple_scoring subset=global triples=50000 batches=98 eval_batch_size=512
[STAGE] 2026-04-23 01:37:42 val start step=8500 epoch=0 task=relation_ranking subset=art_art triples=1986 batches=4 eval_batch_size=512
[STAGE] 2026-04-23 01:37:42 val start step=8500 epoch=0 task=triple_scoring subset=art_art triples=1986 batches=4 eval_batch_size=512
[STAGE] 2026-04-23 01:37:42 val start step=8500 epoch=0 task=relation_ranking subset=art_any triples=50000 batches=98 eval_batch_size=512
[STAGE] 2026-04-23 01:37:43 val start step=8500 epoch=0 task=triple_scoring subset=art_any triples=50000 batches=98 eval_batch_size=512
[VAL] 2026-04-23 01:37:44 step=8500 epoch=0 mrr=0.619314 aucpr=0.978218 art_art_mrr=0.354219 art_art_aucpr=0.911682 art_any_mrr=0.619323 art_any_aucpr=0.927961
[TRAIN] 2026-04-23 01:37:45 step=8500/67071 (12.67%) epoch=1/3 epoch_step=8500/22357 (38.02%) loss=0.168514 lr=0.000997822 elapsed=24:05 eta=02:45:57 val_mrr=0.631834
[TRAIN] 2026-04-23 01:37:46 step=8510/67071 (12.69%) epoch=1/3 epoch_step=8510/22357 (38.06%) loss=0.139946 lr=0.000997798 elapsed=24:06 eta=02:45:53 val_mrr=0.631834
[TRAIN] 2026-04-23 01:37:48 step=8520/67071 (12.70%) epoch=1/3 epoch_step=8520/22357 (38.11%) loss=0.168552 lr=0.000997774 elapsed=24:08 eta=02:45:49 val_mrr=0.631834
[TRAIN] 2026-04-23 01:37:49 step=8530/67071 (12.72%) epoch=1/3 epoch_step=8530/22357 (38.15%) loss=0.169707 lr=0.000997749 elapsed=24:09 eta=02:45:44 val_mrr=0.631834
[TRAIN] 2026-04-23 01:37:50 step=8540/67071 (12.73%) epoch=1/3 epoch_step=8540/22357 (38.20%) loss=0.121486 lr=0.000997724 elapsed=24:10 eta=02:45:40 val_mrr=0.631834
[TRAIN] 2026-04-23 01:37:52 step=8550/67071 (12.75%) epoch=1/3 epoch_step=8550/22357 (38.24%) loss=0.121153 lr=0.000997699 elapsed=24:12 eta=02:45:38 val_mrr=0.631834
[TRAIN] 2026-04-23 01:37:53 step=8560/67071 (12.76%) epoch=1/3 epoch_step=8560/22357 (38.29%) loss=0.137079 lr=0.000997674 elapsed=24:13 eta=02:45:33 val_mrr=0.631834
[TRAIN] 2026-04-23 01:37:55 step=8570/67071 (12.78%) epoch=1/3 epoch_step=8570/22357 (38.33%) loss=0.137923 lr=0.000997649 elapsed=24:15 eta=02:45:30 val_mrr=0.631834
[TRAIN] 2026-04-23 01:37:56 step=8580/67071 (12.79%) epoch=1/3 epoch_step=8580/22357 (38.38%) loss=0.167998 lr=0.000997624 elapsed=24:16 eta=02:45:26 val_mrr=0.631834
[TRAIN] 2026-04-23 01:37:57 step=8590/67071 (12.81%) epoch=1/3 epoch_step=8590/22357 (38.42%) loss=0.135336 lr=0.000997599 elapsed=24:17 eta=02:45:21 val_mrr=0.631834
[TRAIN] 2026-04-23 01:38:00 step=8600/67071 (12.82%) epoch=1/3 epoch_step=8600/22357 (38.47%) loss=0.158134 lr=0.000997573 elapsed=24:20 eta=02:45:28 val_mrr=0.631834
[TRAIN] 2026-04-23 01:38:02 step=8610/67071 (12.84%) epoch=1/3 epoch_step=8610/22357 (38.51%) loss=0.130781 lr=0.000997547 elapsed=24:21 eta=02:45:23 val_mrr=0.631834
[TRAIN] 2026-04-23 01:38:03 step=8620/67071 (12.85%) epoch=1/3 epoch_step=8620/22357 (38.56%) loss=0.162964 lr=0.000997522 elapsed=24:23 eta=02:45:19 val_mrr=0.631834
[TRAIN] 2026-04-23 01:38:04 step=8630/67071 (12.87%) epoch=1/3 epoch_step=8630/22357 (38.60%) loss=0.141006 lr=0.000997496 elapsed=24:24 eta=02:45:14 val_mrr=0.631834
[TRAIN] 2026-04-23 01:38:05 step=8640/67071 (12.88%) epoch=1/3 epoch_step=8640/22357 (38.65%) loss=0.161573 lr=0.00099747 elapsed=24:25 eta=02:45:10 val_mrr=0.631834
[TRAIN] 2026-04-23 01:38:07 step=8650/67071 (12.90%) epoch=1/3 epoch_step=8650/22357 (38.69%) loss=0.175796 lr=0.000997443 elapsed=24:27 eta=02:45:07 val_mrr=0.631834
[TRAIN] 2026-04-23 01:38:08 step=8660/67071 (12.91%) epoch=1/3 epoch_step=8660/22357 (38.74%) loss=0.165075 lr=0.000997417 elapsed=24:28 eta=02:45:03 val_mrr=0.631834
[TRAIN] 2026-04-23 01:38:10 step=8670/67071 (12.93%) epoch=1/3 epoch_step=8670/22357 (38.78%) loss=0.126874 lr=0.000997391 elapsed=24:30 eta=02:44:59 val_mrr=0.631834
[TRAIN] 2026-04-23 01:38:11 step=8680/67071 (12.94%) epoch=1/3 epoch_step=8680/22357 (38.82%) loss=0.136637 lr=0.000997364 elapsed=24:31 eta=02:44:55 val_mrr=0.631834
[TRAIN] 2026-04-23 01:38:12 step=8690/67071 (12.96%) epoch=1/3 epoch_step=8690/22357 (38.87%) loss=0.155769 lr=0.000997337 elapsed=24:32 eta=02:44:50 val_mrr=0.631834
[TRAIN] 2026-04-23 01:38:15 step=8700/67071 (12.97%) epoch=1/3 epoch_step=8700/22357 (38.91%) loss=0.174223 lr=0.00099731 elapsed=24:35 eta=02:44:56 val_mrr=0.631834
[TRAIN] 2026-04-23 01:38:16 step=8710/67071 (12.99%) epoch=1/3 epoch_step=8710/22357 (38.96%) loss=0.121256 lr=0.000997283 elapsed=24:36 eta=02:44:52 val_mrr=0.631834
[TRAIN] 2026-04-23 01:38:18 step=8720/67071 (13.00%) epoch=1/3 epoch_step=8720/22357 (39.00%) loss=0.152142 lr=0.000997256 elapsed=24:38 eta=02:44:48 val_mrr=0.631834
[TRAIN] 2026-04-23 01:38:19 step=8730/67071 (13.02%) epoch=1/3 epoch_step=8730/22357 (39.05%) loss=0.149999 lr=0.000997229 elapsed=24:39 eta=02:44:44 val_mrr=0.631834
[TRAIN] 2026-04-23 01:38:21 step=8740/67071 (13.03%) epoch=1/3 epoch_step=8740/22357 (39.09%) loss=0.160620 lr=0.000997201 elapsed=24:41 eta=02:44:41 val_mrr=0.631834
[TRAIN] 2026-04-23 01:38:22 step=8750/67071 (13.05%) epoch=1/3 epoch_step=8750/22357 (39.14%) loss=0.127796 lr=0.000997174 elapsed=24:42 eta=02:44:37 val_mrr=0.631834
[TRAIN] 2026-04-23 01:38:23 step=8760/67071 (13.06%) epoch=1/3 epoch_step=8760/22357 (39.18%) loss=0.128164 lr=0.000997146 elapsed=24:43 eta=02:44:32 val_mrr=0.631834
[TRAIN] 2026-04-23 01:38:24 step=8770/67071 (13.08%) epoch=1/3 epoch_step=8770/22357 (39.23%) loss=0.155692 lr=0.000997118 elapsed=24:44 eta=02:44:28 val_mrr=0.631834
[TRAIN] 2026-04-23 01:38:26 step=8780/67071 (13.09%) epoch=1/3 epoch_step=8780/22357 (39.27%) loss=0.170974 lr=0.00099709 elapsed=24:46 eta=02:44:24 val_mrr=0.631834
[TRAIN] 2026-04-23 01:38:27 step=8790/67071 (13.11%) epoch=1/3 epoch_step=8790/22357 (39.32%) loss=0.158356 lr=0.000997062 elapsed=24:47 eta=02:44:19 val_mrr=0.631834
[TRAIN] 2026-04-23 01:38:30 step=8800/67071 (13.12%) epoch=1/3 epoch_step=8800/22357 (39.36%) loss=0.142191 lr=0.000997034 elapsed=24:50 eta=02:44:25 val_mrr=0.631834
[TRAIN] 2026-04-23 01:38:31 step=8810/67071 (13.14%) epoch=1/3 epoch_step=8810/22357 (39.41%) loss=0.147370 lr=0.000997006 elapsed=24:51 eta=02:44:20 val_mrr=0.631834
[TRAIN] 2026-04-23 01:38:32 step=8820/67071 (13.15%) epoch=1/3 epoch_step=8820/22357 (39.45%) loss=0.168017 lr=0.000996977 elapsed=24:52 eta=02:44:16 val_mrr=0.631834
[TRAIN] 2026-04-23 01:38:34 step=8830/67071 (13.17%) epoch=1/3 epoch_step=8830/22357 (39.50%) loss=0.151420 lr=0.000996949 elapsed=24:54 eta=02:44:12 val_mrr=0.631834
[TRAIN] 2026-04-23 01:38:35 step=8840/67071 (13.18%) epoch=1/3 epoch_step=8840/22357 (39.54%) loss=0.140994 lr=0.00099692 elapsed=24:55 eta=02:44:09 val_mrr=0.631834
[TRAIN] 2026-04-23 01:38:36 step=8850/67071 (13.19%) epoch=1/3 epoch_step=8850/22357 (39.58%) loss=0.132243 lr=0.000996891 elapsed=24:56 eta=02:44:05 val_mrr=0.631834
[TRAIN] 2026-04-23 01:38:38 step=8860/67071 (13.21%) epoch=1/3 epoch_step=8860/22357 (39.63%) loss=0.132318 lr=0.000996862 elapsed=24:58 eta=02:44:00 val_mrr=0.631834
[TRAIN] 2026-04-23 01:38:39 step=8870/67071 (13.22%) epoch=1/3 epoch_step=8870/22357 (39.67%) loss=0.117485 lr=0.000996833 elapsed=24:59 eta=02:43:56 val_mrr=0.631834
[TRAIN] 2026-04-23 01:38:40 step=8880/67071 (13.24%) epoch=1/3 epoch_step=8880/22357 (39.72%) loss=0.119895 lr=0.000996803 elapsed=25:00 eta=02:43:51 val_mrr=0.631834
[TRAIN] 2026-04-23 01:38:42 step=8890/67071 (13.25%) epoch=1/3 epoch_step=8890/22357 (39.76%) loss=0.149255 lr=0.000996774 elapsed=25:02 eta=02:43:47 val_mrr=0.631834
[TRAIN] 2026-04-23 01:38:44 step=8900/67071 (13.27%) epoch=1/3 epoch_step=8900/22357 (39.81%) loss=0.137272 lr=0.000996744 elapsed=25:04 eta=02:43:53 val_mrr=0.631834
[TRAIN] 2026-04-23 01:38:46 step=8910/67071 (13.28%) epoch=1/3 epoch_step=8910/22357 (39.85%) loss=0.134909 lr=0.000996715 elapsed=25:06 eta=02:43:49 val_mrr=0.631834
[TRAIN] 2026-04-23 01:38:47 step=8920/67071 (13.30%) epoch=1/3 epoch_step=8920/22357 (39.90%) loss=0.144680 lr=0.000996685 elapsed=25:07 eta=02:43:45 val_mrr=0.631834
[TRAIN] 2026-04-23 01:38:49 step=8930/67071 (13.31%) epoch=1/3 epoch_step=8930/22357 (39.94%) loss=0.115905 lr=0.000996655 elapsed=25:09 eta=02:43:43 val_mrr=0.631834
[TRAIN] 2026-04-23 01:38:50 step=8940/67071 (13.33%) epoch=1/3 epoch_step=8940/22357 (39.99%) loss=0.143568 lr=0.000996625 elapsed=25:10 eta=02:43:39 val_mrr=0.631834
[TRAIN] 2026-04-23 01:38:51 step=8950/67071 (13.34%) epoch=1/3 epoch_step=8950/22357 (40.03%) loss=0.145733 lr=0.000996594 elapsed=25:11 eta=02:43:34 val_mrr=0.631834
[TRAIN] 2026-04-23 01:38:53 step=8960/67071 (13.36%) epoch=1/3 epoch_step=8960/22357 (40.08%) loss=0.151781 lr=0.000996564 elapsed=25:13 eta=02:43:30 val_mrr=0.631834
[TRAIN] 2026-04-23 01:38:54 step=8970/67071 (13.37%) epoch=1/3 epoch_step=8970/22357 (40.12%) loss=0.156144 lr=0.000996533 elapsed=25:14 eta=02:43:26 val_mrr=0.631834
[TRAIN] 2026-04-23 01:38:55 step=8980/67071 (13.39%) epoch=1/3 epoch_step=8980/22357 (40.17%) loss=0.127696 lr=0.000996503 elapsed=25:15 eta=02:43:21 val_mrr=0.631834
[TRAIN] 2026-04-23 01:38:56 step=8990/67071 (13.40%) epoch=1/3 epoch_step=8990/22357 (40.21%) loss=0.121262 lr=0.000996472 elapsed=25:16 eta=02:43:17 val_mrr=0.631834
[STAGE] 2026-04-23 01:38:58 val prep subsets global=50000 art_art=1986 art_any=50000
[STAGE] 2026-04-23 01:38:58 val prep negatives global=50000 art_art=1986 art_any=50000
[STAGE] 2026-04-23 01:38:58 val prep unique_entities=136145
[STAGE] 2026-04-23 01:39:02 val prep entity_bank_ready unique_entities=136145 emb_dim=512
[STAGE] 2026-04-23 01:39:02 val start step=9000 epoch=0 task=relation_ranking subset=global triples=50000 batches=98 eval_batch_size=512
[STAGE] 2026-04-23 01:39:03 val start step=9000 epoch=0 task=triple_scoring subset=global triples=50000 batches=98 eval_batch_size=512
[STAGE] 2026-04-23 01:39:04 val start step=9000 epoch=0 task=relation_ranking subset=art_art triples=1986 batches=4 eval_batch_size=512
[STAGE] 2026-04-23 01:39:04 val start step=9000 epoch=0 task=triple_scoring subset=art_art triples=1986 batches=4 eval_batch_size=512
[STAGE] 2026-04-23 01:39:04 val start step=9000 epoch=0 task=relation_ranking subset=art_any triples=50000 batches=98 eval_batch_size=512
[STAGE] 2026-04-23 01:39:05 val start step=9000 epoch=0 task=triple_scoring subset=art_any triples=50000 batches=98 eval_batch_size=512
[VAL] 2026-04-23 01:39:05 step=9000 epoch=0 mrr=0.563611 aucpr=0.977238 art_art_mrr=0.371716 art_art_aucpr=0.925677 art_any_mrr=0.563618 art_any_aucpr=0.919733
[TRAIN] 2026-04-23 01:39:07 step=9000/67071 (13.42%) epoch=1/3 epoch_step=9000/22357 (40.26%) loss=0.126535 lr=0.000996441 elapsed=25:27 eta=02:44:12 val_mrr=0.631834
[TRAIN] 2026-04-23 01:39:09 step=9010/67071 (13.43%) epoch=1/3 epoch_step=9010/22357 (40.30%) loss=0.122461 lr=0.00099641 elapsed=25:29 eta=02:44:10 val_mrr=0.631834
[TRAIN] 2026-04-23 01:39:10 step=9020/67071 (13.45%) epoch=1/3 epoch_step=9020/22357 (40.35%) loss=0.142408 lr=0.000996379 elapsed=25:30 eta=02:44:06 val_mrr=0.631834
[TRAIN] 2026-04-23 01:39:11 step=9030/67071 (13.46%) epoch=1/3 epoch_step=9030/22357 (40.39%) loss=0.174384 lr=0.000996348 elapsed=25:31 eta=02:44:01 val_mrr=0.631834
[TRAIN] 2026-04-23 01:39:12 step=9040/67071 (13.48%) epoch=1/3 epoch_step=9040/22357 (40.43%) loss=0.141041 lr=0.000996316 elapsed=25:32 eta=02:43:57 val_mrr=0.631834
[TRAIN] 2026-04-23 01:39:14 step=9050/67071 (13.49%) epoch=1/3 epoch_step=9050/22357 (40.48%) loss=0.143036 lr=0.000996284 elapsed=25:34 eta=02:43:53 val_mrr=0.631834
[TRAIN] 2026-04-23 01:39:15 step=9060/67071 (13.51%) epoch=1/3 epoch_step=9060/22357 (40.52%) loss=0.113225 lr=0.000996253 elapsed=25:35 eta=02:43:48 val_mrr=0.631834
[TRAIN] 2026-04-23 01:39:16 step=9070/67071 (13.52%) epoch=1/3 epoch_step=9070/22357 (40.57%) loss=0.165719 lr=0.000996221 elapsed=25:36 eta=02:43:44 val_mrr=0.631834
[TRAIN] 2026-04-23 01:39:18 step=9080/67071 (13.54%) epoch=1/3 epoch_step=9080/22357 (40.61%) loss=0.148135 lr=0.000996189 elapsed=25:38 eta=02:43:40 val_mrr=0.631834
[TRAIN] 2026-04-23 01:39:19 step=9090/67071 (13.55%) epoch=1/3 epoch_step=9090/22357 (40.66%) loss=0.133912 lr=0.000996157 elapsed=25:39 eta=02:43:36 val_mrr=0.631834
[TRAIN] 2026-04-23 01:39:22 step=9100/67071 (13.57%) epoch=1/3 epoch_step=9100/22357 (40.70%) loss=0.156940 lr=0.000996124 elapsed=25:42 eta=02:43:43 val_mrr=0.631834
[TRAIN] 2026-04-23 01:39:23 step=9110/67071 (13.58%) epoch=1/3 epoch_step=9110/22357 (40.75%) loss=0.147376 lr=0.000996092 elapsed=25:43 eta=02:43:39 val_mrr=0.631834
[TRAIN] 2026-04-23 01:39:25 step=9120/67071 (13.60%) epoch=1/3 epoch_step=9120/22357 (40.79%) loss=0.172134 lr=0.00099606 elapsed=25:45 eta=02:43:35 val_mrr=0.631834
[TRAIN] 2026-04-23 01:39:26 step=9130/67071 (13.61%) epoch=1/3 epoch_step=9130/22357 (40.84%) loss=0.142780 lr=0.000996027 elapsed=25:46 eta=02:43:31 val_mrr=0.631834
[TRAIN] 2026-04-23 01:39:27 step=9140/67071 (13.63%) epoch=1/3 epoch_step=9140/22357 (40.88%) loss=0.146165 lr=0.000995994 elapsed=25:47 eta=02:43:26 val_mrr=0.631834
[TRAIN] 2026-04-23 01:39:29 step=9150/67071 (13.64%) epoch=1/3 epoch_step=9150/22357 (40.93%) loss=0.149927 lr=0.000995961 elapsed=25:49 eta=02:43:22 val_mrr=0.631834
[TRAIN] 2026-04-23 01:39:30 step=9160/67071 (13.66%) epoch=1/3 epoch_step=9160/22357 (40.97%) loss=0.159021 lr=0.000995928 elapsed=25:50 eta=02:43:18 val_mrr=0.631834
[TRAIN] 2026-04-23 01:39:31 step=9170/67071 (13.67%) epoch=1/3 epoch_step=9170/22357 (41.02%) loss=0.113650 lr=0.000995895 elapsed=25:51 eta=02:43:15 val_mrr=0.631834
[TRAIN] 2026-04-23 01:39:33 step=9180/67071 (13.69%) epoch=1/3 epoch_step=9180/22357 (41.06%) loss=0.149553 lr=0.000995861 elapsed=25:53 eta=02:43:11 val_mrr=0.631834
[TRAIN] 2026-04-23 01:39:34 step=9190/67071 (13.70%) epoch=1/3 epoch_step=9190/22357 (41.11%) loss=0.116708 lr=0.000995828 elapsed=25:54 eta=02:43:07 val_mrr=0.631834
[TRAIN] 2026-04-23 01:39:37 step=9200/67071 (13.72%) epoch=1/3 epoch_step=9200/22357 (41.15%) loss=0.133668 lr=0.000995794 elapsed=25:57 eta=02:43:15 val_mrr=0.631834
[TRAIN] 2026-04-23 01:39:38 step=9210/67071 (13.73%) epoch=1/3 epoch_step=9210/22357 (41.20%) loss=0.128408 lr=0.000995761 elapsed=25:58 eta=02:43:10 val_mrr=0.631834
[TRAIN] 2026-04-23 01:39:40 step=9220/67071 (13.75%) epoch=1/3 epoch_step=9220/22357 (41.24%) loss=0.136422 lr=0.000995727 elapsed=26:00 eta=02:43:06 val_mrr=0.631834
[TRAIN] 2026-04-23 01:39:41 step=9230/67071 (13.76%) epoch=1/3 epoch_step=9230/22357 (41.28%) loss=0.144263 lr=0.000995693 elapsed=26:01 eta=02:43:02 val_mrr=0.631834
[TRAIN] 2026-04-23 01:39:42 step=9240/67071 (13.78%) epoch=1/3 epoch_step=9240/22357 (41.33%) loss=0.147137 lr=0.000995659 elapsed=26:02 eta=02:42:58 val_mrr=0.631834
[TRAIN] 2026-04-23 01:39:44 step=9250/67071 (13.79%) epoch=1/3 epoch_step=9250/22357 (41.37%) loss=0.131237 lr=0.000995624 elapsed=26:04 eta=02:42:54 val_mrr=0.631834
[TRAIN] 2026-04-23 01:39:45 step=9260/67071 (13.81%) epoch=1/3 epoch_step=9260/22357 (41.42%) loss=0.164972 lr=0.00099559 elapsed=26:05 eta=02:42:50 val_mrr=0.631834
[TRAIN] 2026-04-23 01:39:46 step=9270/67071 (13.82%) epoch=1/3 epoch_step=9270/22357 (41.46%) loss=0.120352 lr=0.000995555 elapsed=26:06 eta=02:42:46 val_mrr=0.631834
[TRAIN] 2026-04-23 01:39:48 step=9280/67071 (13.84%) epoch=1/3 epoch_step=9280/22357 (41.51%) loss=0.120083 lr=0.000995521 elapsed=26:08 eta=02:42:42 val_mrr=0.631834
[TRAIN] 2026-04-23 01:39:49 step=9290/67071 (13.85%) epoch=1/3 epoch_step=9290/22357 (41.55%) loss=0.163552 lr=0.000995486 elapsed=26:09 eta=02:42:40 val_mrr=0.631834
[TRAIN] 2026-04-23 01:39:52 step=9300/67071 (13.87%) epoch=1/3 epoch_step=9300/22357 (41.60%) loss=0.138296 lr=0.000995451 elapsed=26:12 eta=02:42:45 val_mrr=0.631834
[TRAIN] 2026-04-23 01:39:53 step=9310/67071 (13.88%) epoch=1/3 epoch_step=9310/22357 (41.64%) loss=0.145806 lr=0.000995416 elapsed=26:13 eta=02:42:42 val_mrr=0.631834
[TRAIN] 2026-04-23 01:39:55 step=9320/67071 (13.90%) epoch=1/3 epoch_step=9320/22357 (41.69%) loss=0.126957 lr=0.000995381 elapsed=26:15 eta=02:42:39 val_mrr=0.631834
[TRAIN] 2026-04-23 01:39:56 step=9330/67071 (13.91%) epoch=1/3 epoch_step=9330/22357 (41.73%) loss=0.143110 lr=0.000995345 elapsed=26:16 eta=02:42:35 val_mrr=0.631834
[TRAIN] 2026-04-23 01:39:58 step=9340/67071 (13.93%) epoch=1/3 epoch_step=9340/22357 (41.78%) loss=0.120813 lr=0.00099531 elapsed=26:18 eta=02:42:31 val_mrr=0.631834
[TRAIN] 2026-04-23 01:39:59 step=9350/67071 (13.94%) epoch=1/3 epoch_step=9350/22357 (41.82%) loss=0.126134 lr=0.000995274 elapsed=26:19 eta=02:42:26 val_mrr=0.631834
[TRAIN] 2026-04-23 01:40:00 step=9360/67071 (13.96%) epoch=1/3 epoch_step=9360/22357 (41.87%) loss=0.106705 lr=0.000995238 elapsed=26:20 eta=02:42:22 val_mrr=0.631834
[TRAIN] 2026-04-23 01:40:01 step=9370/67071 (13.97%) epoch=1/3 epoch_step=9370/22357 (41.91%) loss=0.126778 lr=0.000995202 elapsed=26:21 eta=02:42:19 val_mrr=0.631834
[TRAIN] 2026-04-23 01:40:03 step=9380/67071 (13.99%) epoch=1/3 epoch_step=9380/22357 (41.96%) loss=0.135716 lr=0.000995166 elapsed=26:23 eta=02:42:16 val_mrr=0.631834
[TRAIN] 2026-04-23 01:40:04 step=9390/67071 (14.00%) epoch=1/3 epoch_step=9390/22357 (42.00%) loss=0.151312 lr=0.00099513 elapsed=26:24 eta=02:42:13 val_mrr=0.631834
[TRAIN] 2026-04-23 01:40:07 step=9400/67071 (14.01%) epoch=1/3 epoch_step=9400/22357 (42.04%) loss=0.121494 lr=0.000995094 elapsed=26:27 eta=02:42:19 val_mrr=0.631834
[TRAIN] 2026-04-23 01:40:09 step=9410/67071 (14.03%) epoch=1/3 epoch_step=9410/22357 (42.09%) loss=0.111263 lr=0.000995057 elapsed=26:29 eta=02:42:15 val_mrr=0.631834
[TRAIN] 2026-04-23 01:40:10 step=9420/67071 (14.04%) epoch=1/3 epoch_step=9420/22357 (42.13%) loss=0.140525 lr=0.000995021 elapsed=26:30 eta=02:42:11 val_mrr=0.631834
[TRAIN] 2026-04-23 01:40:11 step=9430/67071 (14.06%) epoch=1/3 epoch_step=9430/22357 (42.18%) loss=0.141268 lr=0.000994984 elapsed=26:31 eta=02:42:07 val_mrr=0.631834
[TRAIN] 2026-04-23 01:40:13 step=9440/67071 (14.07%) epoch=1/3 epoch_step=9440/22357 (42.22%) loss=0.112709 lr=0.000994947 elapsed=26:33 eta=02:42:03 val_mrr=0.631834
[TRAIN] 2026-04-23 01:40:14 step=9450/67071 (14.09%) epoch=1/3 epoch_step=9450/22357 (42.27%) loss=0.151905 lr=0.00099491 elapsed=26:34 eta=02:41:59 val_mrr=0.631834
[TRAIN] 2026-04-23 01:40:15 step=9460/67071 (14.10%) epoch=1/3 epoch_step=9460/22357 (42.31%) loss=0.139747 lr=0.000994873 elapsed=26:35 eta=02:41:55 val_mrr=0.631834
[TRAIN] 2026-04-23 01:40:17 step=9470/67071 (14.12%) epoch=1/3 epoch_step=9470/22357 (42.36%) loss=0.110688 lr=0.000994836 elapsed=26:37 eta=02:41:53 val_mrr=0.631834
[TRAIN] 2026-04-23 01:40:18 step=9480/67071 (14.13%) epoch=1/3 epoch_step=9480/22357 (42.40%) loss=0.132464 lr=0.000994799 elapsed=26:38 eta=02:41:49 val_mrr=0.631834
[TRAIN] 2026-04-23 01:40:20 step=9490/67071 (14.15%) epoch=1/3 epoch_step=9490/22357 (42.45%) loss=0.145210 lr=0.000994761 elapsed=26:40 eta=02:41:45 val_mrr=0.631834
[STAGE] 2026-04-23 01:40:21 val prep subsets global=50000 art_art=1986 art_any=50000
[STAGE] 2026-04-23 01:40:21 val prep negatives global=50000 art_art=1986 art_any=50000
[STAGE] 2026-04-23 01:40:21 val prep unique_entities=136086
[STAGE] 2026-04-23 01:40:25 val prep entity_bank_ready unique_entities=136086 emb_dim=512
[STAGE] 2026-04-23 01:40:25 val start step=9500 epoch=0 task=relation_ranking subset=global triples=50000 batches=98 eval_batch_size=512
[STAGE] 2026-04-23 01:40:27 val start step=9500 epoch=0 task=triple_scoring subset=global triples=50000 batches=98 eval_batch_size=512
[STAGE] 2026-04-23 01:40:27 val start step=9500 epoch=0 task=relation_ranking subset=art_art triples=1986 batches=4 eval_batch_size=512
[STAGE] 2026-04-23 01:40:27 val start step=9500 epoch=0 task=triple_scoring subset=art_art triples=1986 batches=4 eval_batch_size=512
[STAGE] 2026-04-23 01:40:27 val start step=9500 epoch=0 task=relation_ranking subset=art_any triples=50000 batches=98 eval_batch_size=512
[STAGE] 2026-04-23 01:40:29 val start step=9500 epoch=0 task=triple_scoring subset=art_any triples=50000 batches=98 eval_batch_size=512
[VAL] 2026-04-23 01:40:29 step=9500 epoch=0 mrr=0.668096 aucpr=0.980750 art_art_mrr=0.380930 art_art_aucpr=0.917957 art_any_mrr=0.668099 art_any_aucpr=0.936020
[TRAIN] 2026-04-23 01:40:32 step=9500/67071 (14.16%) epoch=1/3 epoch_step=9500/22357 (42.49%) loss=0.116131 lr=0.000994724 elapsed=26:52 eta=02:42:48 val_mrr=0.668096
[TRAIN] 2026-04-23 01:40:33 step=9510/67071 (14.18%) epoch=1/3 epoch_step=9510/22357 (42.54%) loss=0.146442 lr=0.000994686 elapsed=26:53 eta=02:42:44 val_mrr=0.668096
[TRAIN] 2026-04-23 01:40:35 step=9520/67071 (14.19%) epoch=1/3 epoch_step=9520/22357 (42.58%) loss=0.099178 lr=0.000994648 elapsed=26:54 eta=02:42:40 val_mrr=0.668096
[TRAIN] 2026-04-23 01:40:36 step=9530/67071 (14.21%) epoch=1/3 epoch_step=9530/22357 (42.63%) loss=0.142003 lr=0.00099461 elapsed=26:56 eta=02:42:36 val_mrr=0.668096
[TRAIN] 2026-04-23 01:40:37 step=9540/67071 (14.22%) epoch=1/3 epoch_step=9540/22357 (42.67%) loss=0.149361 lr=0.000994572 elapsed=26:57 eta=02:42:32 val_mrr=0.668096
[TRAIN] 2026-04-23 01:40:39 step=9550/67071 (14.24%) epoch=1/3 epoch_step=9550/22357 (42.72%) loss=0.158177 lr=0.000994533 elapsed=26:59 eta=02:42:30 val_mrr=0.668096
[TRAIN] 2026-04-23 01:40:40 step=9560/67071 (14.25%) epoch=1/3 epoch_step=9560/22357 (42.76%) loss=0.134264 lr=0.000994495 elapsed=27:00 eta=02:42:26 val_mrr=0.668096
[TRAIN] 2026-04-23 01:40:41 step=9570/67071 (14.27%) epoch=1/3 epoch_step=9570/22357 (42.81%) loss=0.137329 lr=0.000994456 elapsed=27:01 eta=02:42:22 val_mrr=0.668096
[TRAIN] 2026-04-23 01:40:43 step=9580/67071 (14.28%) epoch=1/3 epoch_step=9580/22357 (42.85%) loss=0.164521 lr=0.000994418 elapsed=27:03 eta=02:42:18 val_mrr=0.668096
[TRAIN] 2026-04-23 01:40:44 step=9590/67071 (14.30%) epoch=1/3 epoch_step=9590/22357 (42.89%) loss=0.155062 lr=0.000994379 elapsed=27:04 eta=02:42:14 val_mrr=0.668096
[TRAIN] 2026-04-23 01:40:47 step=9600/67071 (14.31%) epoch=1/3 epoch_step=9600/22357 (42.94%) loss=0.142918 lr=0.00099434 elapsed=27:07 eta=02:42:19 val_mrr=0.668096
[TRAIN] 2026-04-23 01:40:48 step=9610/67071 (14.33%) epoch=1/3 epoch_step=9610/22357 (42.98%) loss=0.126121 lr=0.000994301 elapsed=27:08 eta=02:42:15 val_mrr=0.668096
[TRAIN] 2026-04-23 01:40:50 step=9620/67071 (14.34%) epoch=1/3 epoch_step=9620/22357 (43.03%) loss=0.132322 lr=0.000994261 elapsed=27:09 eta=02:42:11 val_mrr=0.668096
[TRAIN] 2026-04-23 01:40:51 step=9630/67071 (14.36%) epoch=1/3 epoch_step=9630/22357 (43.07%) loss=0.161546 lr=0.000994222 elapsed=27:11 eta=02:42:08 val_mrr=0.668096
[TRAIN] 2026-04-23 01:40:53 step=9640/67071 (14.37%) epoch=1/3 epoch_step=9640/22357 (43.12%) loss=0.131076 lr=0.000994183 elapsed=27:13 eta=02:42:06 val_mrr=0.668096
[TRAIN] 2026-04-23 01:40:54 step=9650/67071 (14.39%) epoch=1/3 epoch_step=9650/22357 (43.16%) loss=0.113104 lr=0.000994143 elapsed=27:14 eta=02:42:02 val_mrr=0.668096
[TRAIN] 2026-04-23 01:40:55 step=9660/67071 (14.40%) epoch=1/3 epoch_step=9660/22357 (43.21%) loss=0.155896 lr=0.000994103 elapsed=27:15 eta=02:41:58 val_mrr=0.668096
[TRAIN] 2026-04-23 01:40:57 step=9670/67071 (14.42%) epoch=1/3 epoch_step=9670/22357 (43.25%) loss=0.161065 lr=0.000994063 elapsed=27:17 eta=02:41:55 val_mrr=0.668096
[TRAIN] 2026-04-23 01:40:58 step=9680/67071 (14.43%) epoch=1/3 epoch_step=9680/22357 (43.30%) loss=0.131129 lr=0.000994023 elapsed=27:18 eta=02:41:51 val_mrr=0.668096
[TRAIN] 2026-04-23 01:40:59 step=9690/67071 (14.45%) epoch=1/3 epoch_step=9690/22357 (43.34%) loss=0.147326 lr=0.000993983 elapsed=27:19 eta=02:41:48 val_mrr=0.668096
[TRAIN] 2026-04-23 01:41:02 step=9700/67071 (14.46%) epoch=1/3 epoch_step=9700/22357 (43.39%) loss=0.152028 lr=0.000993943 elapsed=27:22 eta=02:41:49 val_mrr=0.668096
[TRAIN] 2026-04-23 01:41:03 step=9710/67071 (14.48%) epoch=1/3 epoch_step=9710/22357 (43.43%) loss=0.134030 lr=0.000993902 elapsed=27:23 eta=02:41:45 val_mrr=0.668096
[TRAIN] 2026-04-23 01:41:04 step=9720/67071 (14.49%) epoch=1/3 epoch_step=9720/22357 (43.48%) loss=0.145131 lr=0.000993862 elapsed=27:24 eta=02:41:41 val_mrr=0.668096
[TRAIN] 2026-04-23 01:41:06 step=9730/67071 (14.51%) epoch=1/3 epoch_step=9730/22357 (43.52%) loss=0.142258 lr=0.000993821 elapsed=27:26 eta=02:41:39 val_mrr=0.668096
[TRAIN] 2026-04-23 01:41:07 step=9740/67071 (14.52%) epoch=1/3 epoch_step=9740/22357 (43.57%) loss=0.142458 lr=0.00099378 elapsed=27:27 eta=02:41:35 val_mrr=0.668096
[TRAIN] 2026-04-23 01:41:08 step=9750/67071 (14.54%) epoch=1/3 epoch_step=9750/22357 (43.61%) loss=0.145161 lr=0.000993739 elapsed=27:28 eta=02:41:31 val_mrr=0.668096
[TRAIN] 2026-04-23 01:41:10 step=9760/67071 (14.55%) epoch=1/3 epoch_step=9760/22357 (43.66%) loss=0.151783 lr=0.000993698 elapsed=27:30 eta=02:41:27 val_mrr=0.668096
[TRAIN] 2026-04-23 01:41:11 step=9770/67071 (14.57%) epoch=1/3 epoch_step=9770/22357 (43.70%) loss=0.125346 lr=0.000993657 elapsed=27:31 eta=02:41:24 val_mrr=0.668096
[TRAIN] 2026-04-23 01:41:12 step=9780/67071 (14.58%) epoch=1/3 epoch_step=9780/22357 (43.74%) loss=0.145704 lr=0.000993615 elapsed=27:32 eta=02:41:20 val_mrr=0.668096
[TRAIN] 2026-04-23 01:41:14 step=9790/67071 (14.60%) epoch=1/3 epoch_step=9790/22357 (43.79%) loss=0.144900 lr=0.000993574 elapsed=27:34 eta=02:41:16 val_mrr=0.668096
[TRAIN] 2026-04-23 01:41:17 step=9800/67071 (14.61%) epoch=1/3 epoch_step=9800/22357 (43.83%) loss=0.104967 lr=0.000993532 elapsed=27:37 eta=02:41:21 val_mrr=0.668096
[TRAIN] 2026-04-23 01:41:18 step=9810/67071 (14.63%) epoch=1/3 epoch_step=9810/22357 (43.88%) loss=0.114129 lr=0.00099349 elapsed=27:38 eta=02:41:18 val_mrr=0.668096
[TRAIN] 2026-04-23 01:41:20 step=9820/67071 (14.64%) epoch=1/3 epoch_step=9820/22357 (43.92%) loss=0.161854 lr=0.000993448 elapsed=27:40 eta=02:41:16 val_mrr=0.668096
[TRAIN] 2026-04-23 01:41:21 step=9830/67071 (14.66%) epoch=1/3 epoch_step=9830/22357 (43.97%) loss=0.115016 lr=0.000993406 elapsed=27:41 eta=02:41:12 val_mrr=0.668096
[TRAIN] 2026-04-23 01:41:22 step=9840/67071 (14.67%) epoch=1/3 epoch_step=9840/22357 (44.01%) loss=0.120206 lr=0.000993364 elapsed=27:42 eta=02:41:08 val_mrr=0.668096
[TRAIN] 2026-04-23 01:41:24 step=9850/67071 (14.69%) epoch=1/3 epoch_step=9850/22357 (44.06%) loss=0.162343 lr=0.000993322 elapsed=27:44 eta=02:41:04 val_mrr=0.668096
[TRAIN] 2026-04-23 01:41:25 step=9860/67071 (14.70%) epoch=1/3 epoch_step=9860/22357 (44.10%) loss=0.143088 lr=0.000993279 elapsed=27:45 eta=02:41:00 val_mrr=0.668096
[TRAIN] 2026-04-23 01:41:26 step=9870/67071 (14.72%) epoch=1/3 epoch_step=9870/22357 (44.15%) loss=0.148091 lr=0.000993237 elapsed=27:46 eta=02:40:56 val_mrr=0.668096
[TRAIN] 2026-04-23 01:41:28 step=9880/67071 (14.73%) epoch=1/3 epoch_step=9880/22357 (44.19%) loss=0.133058 lr=0.000993194 elapsed=27:48 eta=02:40:52 val_mrr=0.668096
[TRAIN] 2026-04-23 01:41:29 step=9890/67071 (14.75%) epoch=1/3 epoch_step=9890/22357 (44.24%) loss=0.152192 lr=0.000993151 elapsed=27:49 eta=02:40:49 val_mrr=0.668096
[TRAIN] 2026-04-23 01:41:32 step=9900/67071 (14.76%) epoch=1/3 epoch_step=9900/22357 (44.28%) loss=0.133831 lr=0.000993108 elapsed=27:52 eta=02:40:54 val_mrr=0.668096
[TRAIN] 2026-04-23 01:41:33 step=9910/67071 (14.78%) epoch=1/3 epoch_step=9910/22357 (44.33%) loss=0.147010 lr=0.000993065 elapsed=27:53 eta=02:40:50 val_mrr=0.668096
[TRAIN] 2026-04-23 01:41:35 step=9920/67071 (14.79%) epoch=1/3 epoch_step=9920/22357 (44.37%) loss=0.126120 lr=0.000993022 elapsed=27:55 eta=02:40:48 val_mrr=0.668096
[TRAIN] 2026-04-23 01:41:36 step=9930/67071 (14.81%) epoch=1/3 epoch_step=9930/22357 (44.42%) loss=0.136535 lr=0.000992979 elapsed=27:56 eta=02:40:44 val_mrr=0.668096
[TRAIN] 2026-04-23 01:41:37 step=9940/67071 (14.82%) epoch=1/3 epoch_step=9940/22357 (44.46%) loss=0.120537 lr=0.000992935 elapsed=27:57 eta=02:40:40 val_mrr=0.668096
[TRAIN] 2026-04-23 01:41:39 step=9950/67071 (14.84%) epoch=1/3 epoch_step=9950/22357 (44.51%) loss=0.134841 lr=0.000992891 elapsed=27:59 eta=02:40:37 val_mrr=0.668096
[TRAIN] 2026-04-23 01:41:40 step=9960/67071 (14.85%) epoch=1/3 epoch_step=9960/22357 (44.55%) loss=0.144781 lr=0.000992848 elapsed=28:00 eta=02:40:33 val_mrr=0.668096
[TRAIN] 2026-04-23 01:41:41 step=9970/67071 (14.86%) epoch=1/3 epoch_step=9970/22357 (44.59%) loss=0.116886 lr=0.000992804 elapsed=28:01 eta=02:40:29 val_mrr=0.668096
[TRAIN] 2026-04-23 01:41:43 step=9980/67071 (14.88%) epoch=1/3 epoch_step=9980/22357 (44.64%) loss=0.122033 lr=0.00099276 elapsed=28:03 eta=02:40:26 val_mrr=0.668096
[TRAIN] 2026-04-23 01:41:44 step=9990/67071 (14.89%) epoch=1/3 epoch_step=9990/22357 (44.68%) loss=0.135136 lr=0.000992715 elapsed=28:04 eta=02:40:22 val_mrr=0.668096
[STAGE] 2026-04-23 01:41:46 val prep subsets global=50000 art_art=1986 art_any=50000
[STAGE] 2026-04-23 01:41:46 val prep negatives global=50000 art_art=1986 art_any=50000
[STAGE] 2026-04-23 01:41:46 val prep unique_entities=136056
[STAGE] 2026-04-23 01:41:50 val prep entity_bank_ready unique_entities=136056 emb_dim=512
[STAGE] 2026-04-23 01:41:50 val start step=10000 epoch=0 task=relation_ranking subset=global triples=50000 batches=98 eval_batch_size=512
[STAGE] 2026-04-23 01:41:51 val start step=10000 epoch=0 task=triple_scoring subset=global triples=50000 batches=98 eval_batch_size=512
[STAGE] 2026-04-23 01:41:52 val start step=10000 epoch=0 task=relation_ranking subset=art_art triples=1986 batches=4 eval_batch_size=512
[STAGE] 2026-04-23 01:41:52 val start step=10000 epoch=0 task=triple_scoring subset=art_art triples=1986 batches=4 eval_batch_size=512
[STAGE] 2026-04-23 01:41:52 val start step=10000 epoch=0 task=relation_ranking subset=art_any triples=50000 batches=98 eval_batch_size=512
[STAGE] 2026-04-23 01:41:53 val start step=10000 epoch=0 task=triple_scoring subset=art_any triples=50000 batches=98 eval_batch_size=512
[VAL] 2026-04-23 01:41:54 step=10000 epoch=0 mrr=0.630890 aucpr=0.978429 art_art_mrr=0.347596 art_art_aucpr=0.873884 art_any_mrr=0.630899 art_any_aucpr=0.923334
[TRAIN] 2026-04-23 01:41:55 step=10000/67071 (14.91%) epoch=1/3 epoch_step=10000/22357 (44.73%) loss=0.124521 lr=0.000992671 elapsed=28:15 eta=02:41:14 val_mrr=0.668096
[TRAIN] 2026-04-23 01:41:57 step=10010/67071 (14.92%) epoch=1/3 epoch_step=10010/22357 (44.77%) loss=0.138343 lr=0.000992627 elapsed=28:17 eta=02:41:11 val_mrr=0.668096
[TRAIN] 2026-04-23 01:41:58 step=10020/67071 (14.94%) epoch=1/3 epoch_step=10020/22357 (44.82%) loss=0.159576 lr=0.000992582 elapsed=28:18 eta=02:41:07 val_mrr=0.668096
[TRAIN] 2026-04-23 01:41:59 step=10030/67071 (14.95%) epoch=1/3 epoch_step=10030/22357 (44.86%) loss=0.133489 lr=0.000992537 elapsed=28:19 eta=02:41:04 val_mrr=0.668096
[TRAIN] 2026-04-23 01:42:01 step=10040/67071 (14.97%) epoch=1/3 epoch_step=10040/22357 (44.91%) loss=0.137426 lr=0.000992492 elapsed=28:21 eta=02:41:00 val_mrr=0.668096
[TRAIN] 2026-04-23 01:42:02 step=10050/67071 (14.98%) epoch=1/3 epoch_step=10050/22357 (44.95%) loss=0.108089 lr=0.000992447 elapsed=28:22 eta=02:40:56 val_mrr=0.668096
[TRAIN] 2026-04-23 01:42:03 step=10060/67071 (15.00%) epoch=1/3 epoch_step=10060/22357 (45.00%) loss=0.111123 lr=0.000992402 elapsed=28:23 eta=02:40:53 val_mrr=0.668096
[TRAIN] 2026-04-23 01:42:05 step=10070/67071 (15.01%) epoch=1/3 epoch_step=10070/22357 (45.04%) loss=0.122213 lr=0.000992357 elapsed=28:25 eta=02:40:49 val_mrr=0.668096
[TRAIN] 2026-04-23 01:42:06 step=10080/67071 (15.03%) epoch=1/3 epoch_step=10080/22357 (45.09%) loss=0.137749 lr=0.000992312 elapsed=28:26 eta=02:40:45 val_mrr=0.668096
[TRAIN] 2026-04-23 01:42:08 step=10090/67071 (15.04%) epoch=1/3 epoch_step=10090/22357 (45.13%) loss=0.115505 lr=0.000992266 elapsed=28:28 eta=02:40:43 val_mrr=0.668096
[TRAIN] 2026-04-23 01:42:10 step=10100/67071 (15.06%) epoch=1/3 epoch_step=10100/22357 (45.18%) loss=0.115611 lr=0.00099222 elapsed=28:30 eta=02:40:48 val_mrr=0.668096
[TRAIN] 2026-04-23 01:42:12 step=10110/67071 (15.07%) epoch=1/3 epoch_step=10110/22357 (45.22%) loss=0.141655 lr=0.000992175 elapsed=28:32 eta=02:40:44 val_mrr=0.668096
[TRAIN] 2026-04-23 01:42:13 step=10120/67071 (15.09%) epoch=1/3 epoch_step=10120/22357 (45.27%) loss=0.130332 lr=0.000992129 elapsed=28:33 eta=02:40:41 val_mrr=0.668096
[TRAIN] 2026-04-23 01:42:14 step=10130/67071 (15.10%) epoch=1/3 epoch_step=10130/22357 (45.31%) loss=0.153976 lr=0.000992083 elapsed=28:34 eta=02:40:37 val_mrr=0.668096
[TRAIN] 2026-04-23 01:42:16 step=10140/67071 (15.12%) epoch=1/3 epoch_step=10140/22357 (45.35%) loss=0.134380 lr=0.000992037 elapsed=28:36 eta=02:40:33 val_mrr=0.668096
[TRAIN] 2026-04-23 01:42:17 step=10150/67071 (15.13%) epoch=1/3 epoch_step=10150/22357 (45.40%) loss=0.131049 lr=0.00099199 elapsed=28:37 eta=02:40:30 val_mrr=0.668096
[TRAIN] 2026-04-23 01:42:19 step=10160/67071 (15.15%) epoch=1/3 epoch_step=10160/22357 (45.44%) loss=0.155328 lr=0.000991944 elapsed=28:39 eta=02:40:26 val_mrr=0.668096
[TRAIN] 2026-04-23 01:42:20 step=10170/67071 (15.16%) epoch=1/3 epoch_step=10170/22357 (45.49%) loss=0.101455 lr=0.000991897 elapsed=28:40 eta=02:40:23 val_mrr=0.668096
[TRAIN] 2026-04-23 01:42:22 step=10180/67071 (15.18%) epoch=1/3 epoch_step=10180/22357 (45.53%) loss=0.137603 lr=0.00099185 elapsed=28:42 eta=02:40:22 val_mrr=0.668096
[TRAIN] 2026-04-23 01:42:23 step=10190/67071 (15.19%) epoch=1/3 epoch_step=10190/22357 (45.58%) loss=0.138558 lr=0.000991804 elapsed=28:43 eta=02:40:18 val_mrr=0.668096
[TRAIN] 2026-04-23 01:42:26 step=10200/67071 (15.21%) epoch=1/3 epoch_step=10200/22357 (45.62%) loss=0.145213 lr=0.000991757 elapsed=28:46 eta=02:40:23 val_mrr=0.668096
[TRAIN] 2026-04-23 01:42:27 step=10210/67071 (15.22%) epoch=1/3 epoch_step=10210/22357 (45.67%) loss=0.120270 lr=0.000991709 elapsed=28:47 eta=02:40:19 val_mrr=0.668096
[TRAIN] 2026-04-23 01:42:29 step=10220/67071 (15.24%) epoch=1/3 epoch_step=10220/22357 (45.71%) loss=0.133765 lr=0.000991662 elapsed=28:49 eta=02:40:16 val_mrr=0.668096
[TRAIN] 2026-04-23 01:42:30 step=10230/67071 (15.25%) epoch=1/3 epoch_step=10230/22357 (45.76%) loss=0.107818 lr=0.000991615 elapsed=28:50 eta=02:40:12 val_mrr=0.668096
[TRAIN] 2026-04-23 01:42:31 step=10240/67071 (15.27%) epoch=1/3 epoch_step=10240/22357 (45.80%) loss=0.147492 lr=0.000991567 elapsed=28:51 eta=02:40:09 val_mrr=0.668096
[TRAIN] 2026-04-23 01:42:33 step=10250/67071 (15.28%) epoch=1/3 epoch_step=10250/22357 (45.85%) loss=0.149552 lr=0.00099152 elapsed=28:53 eta=02:40:05 val_mrr=0.668096
[TRAIN] 2026-04-23 01:42:34 step=10260/67071 (15.30%) epoch=1/3 epoch_step=10260/22357 (45.89%) loss=0.109689 lr=0.000991472 elapsed=28:54 eta=02:40:02 val_mrr=0.668096
[TRAIN] 2026-04-23 01:42:36 step=10270/67071 (15.31%) epoch=1/3 epoch_step=10270/22357 (45.94%) loss=0.125365 lr=0.000991424 elapsed=28:56 eta=02:40:00 val_mrr=0.668096
[TRAIN] 2026-04-23 01:42:37 step=10280/67071 (15.33%) epoch=1/3 epoch_step=10280/22357 (45.98%) loss=0.167146 lr=0.000991376 elapsed=28:57 eta=02:39:56 val_mrr=0.668096
[TRAIN] 2026-04-23 01:42:38 step=10290/67071 (15.34%) epoch=1/3 epoch_step=10290/22357 (46.03%) loss=0.117387 lr=0.000991328 elapsed=28:58 eta=02:39:52 val_mrr=0.668096
[TRAIN] 2026-04-23 01:42:41 step=10300/67071 (15.36%) epoch=1/3 epoch_step=10300/22357 (46.07%) loss=0.137911 lr=0.000991279 elapsed=29:01 eta=02:39:56 val_mrr=0.668096
[TRAIN] 2026-04-23 01:42:42 step=10310/67071 (15.37%) epoch=1/3 epoch_step=10310/22357 (46.12%) loss=0.130440 lr=0.000991231 elapsed=29:02 eta=02:39:52 val_mrr=0.668096
[TRAIN] 2026-04-23 01:42:44 step=10320/67071 (15.39%) epoch=1/3 epoch_step=10320/22357 (46.16%) loss=0.116626 lr=0.000991182 elapsed=29:04 eta=02:39:48 val_mrr=0.668096
[TRAIN] 2026-04-23 01:42:45 step=10330/67071 (15.40%) epoch=1/3 epoch_step=10330/22357 (46.20%) loss=0.158764 lr=0.000991134 elapsed=29:05 eta=02:39:44 val_mrr=0.668096
[TRAIN] 2026-04-23 01:42:46 step=10340/67071 (15.42%) epoch=1/3 epoch_step=10340/22357 (46.25%) loss=0.130257 lr=0.000991085 elapsed=29:06 eta=02:39:41 val_mrr=0.668096
[TRAIN] 2026-04-23 01:42:47 step=10350/67071 (15.43%) epoch=1/3 epoch_step=10350/22357 (46.29%) loss=0.116615 lr=0.000991036 elapsed=29:07 eta=02:39:36 val_mrr=0.668096
[TRAIN] 2026-04-23 01:42:49 step=10360/67071 (15.45%) epoch=1/3 epoch_step=10360/22357 (46.34%) loss=0.125353 lr=0.000990987 elapsed=29:09 eta=02:39:33 val_mrr=0.668096
[TRAIN] 2026-04-23 01:42:50 step=10370/67071 (15.46%) epoch=1/3 epoch_step=10370/22357 (46.38%) loss=0.125716 lr=0.000990937 elapsed=29:10 eta=02:39:31 val_mrr=0.668096
[TRAIN] 2026-04-23 01:42:52 step=10380/67071 (15.48%) epoch=1/3 epoch_step=10380/22357 (46.43%) loss=0.133946 lr=0.000990888 elapsed=29:12 eta=02:39:27 val_mrr=0.668096
[TRAIN] 2026-04-23 01:42:53 step=10390/67071 (15.49%) epoch=1/3 epoch_step=10390/22357 (46.47%) loss=0.127186 lr=0.000990838 elapsed=29:13 eta=02:39:23 val_mrr=0.668096
[TRAIN] 2026-04-23 01:42:56 step=10400/67071 (15.51%) epoch=1/3 epoch_step=10400/22357 (46.52%) loss=0.099942 lr=0.000990789 elapsed=29:16 eta=02:39:26 val_mrr=0.668096
[TRAIN] 2026-04-23 01:42:57 step=10410/67071 (15.52%) epoch=1/3 epoch_step=10410/22357 (46.56%) loss=0.138868 lr=0.000990739 elapsed=29:17 eta=02:39:23 val_mrr=0.668096
[TRAIN] 2026-04-23 01:42:58 step=10420/67071 (15.54%) epoch=1/3 epoch_step=10420/22357 (46.61%) loss=0.143873 lr=0.000990689 elapsed=29:18 eta=02:39:19 val_mrr=0.668096
[TRAIN] 2026-04-23 01:42:59 step=10430/67071 (15.55%) epoch=1/3 epoch_step=10430/22357 (46.65%) loss=0.149273 lr=0.000990639 elapsed=29:19 eta=02:39:15 val_mrr=0.668096
[TRAIN] 2026-04-23 01:43:01 step=10440/67071 (15.57%) epoch=1/3 epoch_step=10440/22357 (46.70%) loss=0.129776 lr=0.000990589 elapsed=29:21 eta=02:39:11 val_mrr=0.668096
[TRAIN] 2026-04-23 01:43:02 step=10450/67071 (15.58%) epoch=1/3 epoch_step=10450/22357 (46.74%) loss=0.145183 lr=0.000990539 elapsed=29:22 eta=02:39:07 val_mrr=0.668096
[TRAIN] 2026-04-23 01:43:04 step=10460/67071 (15.60%) epoch=1/3 epoch_step=10460/22357 (46.79%) loss=0.142946 lr=0.000990488 elapsed=29:23 eta=02:39:04 val_mrr=0.668096
[TRAIN] 2026-04-23 01:43:05 step=10470/67071 (15.61%) epoch=1/3 epoch_step=10470/22357 (46.83%) loss=0.157512 lr=0.000990438 elapsed=29:25 eta=02:39:00 val_mrr=0.668096
[TRAIN] 2026-04-23 01:43:06 step=10480/67071 (15.63%) epoch=1/3 epoch_step=10480/22357 (46.88%) loss=0.167229 lr=0.000990387 elapsed=29:26 eta=02:38:57 val_mrr=0.668096
[TRAIN] 2026-04-23 01:43:07 step=10490/67071 (15.64%) epoch=1/3 epoch_step=10490/22357 (46.92%) loss=0.153959 lr=0.000990336 elapsed=29:27 eta=02:38:52 val_mrr=0.668096
[STAGE] 2026-04-23 01:43:09 val prep subsets global=50000 art_art=1986 art_any=50000
[STAGE] 2026-04-23 01:43:09 val prep negatives global=50000 art_art=1986 art_any=50000
[STAGE] 2026-04-23 01:43:09 val prep unique_entities=136251
[STAGE] 2026-04-23 01:43:12 val prep entity_bank_ready unique_entities=136251 emb_dim=512
[STAGE] 2026-04-23 01:43:12 val start step=10500 epoch=0 task=relation_ranking subset=global triples=50000 batches=98 eval_batch_size=512
[STAGE] 2026-04-23 01:43:14 val start step=10500 epoch=0 task=triple_scoring subset=global triples=50000 batches=98 eval_batch_size=512
[STAGE] 2026-04-23 01:43:14 val start step=10500 epoch=0 task=relation_ranking subset=art_art triples=1986 batches=4 eval_batch_size=512
[STAGE] 2026-04-23 01:43:14 val start step=10500 epoch=0 task=triple_scoring subset=art_art triples=1986 batches=4 eval_batch_size=512
[STAGE] 2026-04-23 01:43:14 val start step=10500 epoch=0 task=relation_ranking subset=art_any triples=50000 batches=98 eval_batch_size=512
[STAGE] 2026-04-23 01:43:16 val start step=10500 epoch=0 task=triple_scoring subset=art_any triples=50000 batches=98 eval_batch_size=512
[VAL] 2026-04-23 01:43:16 step=10500 epoch=0 mrr=0.641654 aucpr=0.982158 art_art_mrr=0.408562 art_art_aucpr=0.900166 art_any_mrr=0.641672 art_any_aucpr=0.936266
[TRAIN] 2026-04-23 01:43:18 step=10500/67071 (15.66%) epoch=1/3 epoch_step=10500/22357 (46.97%) loss=0.129869 lr=0.000990285 elapsed=29:37 eta=02:39:37 val_mrr=0.668096
[TRAIN] 2026-04-23 01:43:19 step=10510/67071 (15.67%) epoch=1/3 epoch_step=10510/22357 (47.01%) loss=0.129829 lr=0.000990234 elapsed=29:39 eta=02:39:33 val_mrr=0.668096
[TRAIN] 2026-04-23 01:43:20 step=10520/67071 (15.68%) epoch=1/3 epoch_step=10520/22357 (47.05%) loss=0.127306 lr=0.000990183 elapsed=29:40 eta=02:39:30 val_mrr=0.668096
[TRAIN] 2026-04-23 01:43:22 step=10530/67071 (15.70%) epoch=1/3 epoch_step=10530/22357 (47.10%) loss=0.174401 lr=0.000990131 elapsed=29:42 eta=02:39:28 val_mrr=0.668096
[TRAIN] 2026-04-23 01:43:23 step=10540/67071 (15.71%) epoch=1/3 epoch_step=10540/22357 (47.14%) loss=0.128789 lr=0.00099008 elapsed=29:43 eta=02:39:24 val_mrr=0.668096
[TRAIN] 2026-04-23 01:43:24 step=10550/67071 (15.73%) epoch=1/3 epoch_step=10550/22357 (47.19%) loss=0.125595 lr=0.000990028 elapsed=29:44 eta=02:39:20 val_mrr=0.668096
[TRAIN] 2026-04-23 01:43:26 step=10560/67071 (15.74%) epoch=1/3 epoch_step=10560/22357 (47.23%) loss=0.135764 lr=0.000989976 elapsed=29:46 eta=02:39:16 val_mrr=0.668096
[TRAIN] 2026-04-23 01:43:27 step=10570/67071 (15.76%) epoch=1/3 epoch_step=10570/22357 (47.28%) loss=0.133026 lr=0.000989924 elapsed=29:47 eta=02:39:12 val_mrr=0.668096
[TRAIN] 2026-04-23 01:43:28 step=10580/67071 (15.77%) epoch=1/3 epoch_step=10580/22357 (47.32%) loss=0.159203 lr=0.000989872 elapsed=29:48 eta=02:39:08 val_mrr=0.668096
[TRAIN] 2026-04-23 01:43:29 step=10590/67071 (15.79%) epoch=1/3 epoch_step=10590/22357 (47.37%) loss=0.129926 lr=0.00098982 elapsed=29:49 eta=02:39:04 val_mrr=0.668096
[TRAIN] 2026-04-23 01:43:32 step=10600/67071 (15.80%) epoch=1/3 epoch_step=10600/22357 (47.41%) loss=0.137355 lr=0.000989768 elapsed=29:52 eta=02:39:08 val_mrr=0.668096
[TRAIN] 2026-04-23 01:43:33 step=10610/67071 (15.82%) epoch=1/3 epoch_step=10610/22357 (47.46%) loss=0.131383 lr=0.000989715 elapsed=29:53 eta=02:39:04 val_mrr=0.668096
[TRAIN] 2026-04-23 01:43:35 step=10620/67071 (15.83%) epoch=1/3 epoch_step=10620/22357 (47.50%) loss=0.125315 lr=0.000989663 elapsed=29:55 eta=02:39:00 val_mrr=0.668096
[TRAIN] 2026-04-23 01:43:36 step=10630/67071 (15.85%) epoch=1/3 epoch_step=10630/22357 (47.55%) loss=0.167475 lr=0.00098961 elapsed=29:56 eta=02:38:58 val_mrr=0.668096
[TRAIN] 2026-04-23 01:43:38 step=10640/67071 (15.86%) epoch=1/3 epoch_step=10640/22357 (47.59%) loss=0.168538 lr=0.000989557 elapsed=29:58 eta=02:38:54 val_mrr=0.668096
[TRAIN] 2026-04-23 01:43:39 step=10650/67071 (15.88%) epoch=1/3 epoch_step=10650/22357 (47.64%) loss=0.137842 lr=0.000989504 elapsed=29:59 eta=02:38:50 val_mrr=0.668096
[TRAIN] 2026-04-23 01:43:40 step=10660/67071 (15.89%) epoch=1/3 epoch_step=10660/22357 (47.68%) loss=0.125299 lr=0.000989451 elapsed=30:00 eta=02:38:47 val_mrr=0.668096
[TRAIN] 2026-04-23 01:43:42 step=10670/67071 (15.91%) epoch=1/3 epoch_step=10670/22357 (47.73%) loss=0.138444 lr=0.000989398 elapsed=30:02 eta=02:38:43 val_mrr=0.668096
[TRAIN] 2026-04-23 01:43:43 step=10680/67071 (15.92%) epoch=1/3 epoch_step=10680/22357 (47.77%) loss=0.117762 lr=0.000989345 elapsed=30:03 eta=02:38:39 val_mrr=0.668096
[TRAIN] 2026-04-23 01:43:44 step=10690/67071 (15.94%) epoch=1/3 epoch_step=10690/22357 (47.82%) loss=0.113994 lr=0.000989291 elapsed=30:04 eta=02:38:35 val_mrr=0.668096
[TRAIN] 2026-04-23 01:43:47 step=10700/67071 (15.95%) epoch=1/3 epoch_step=10700/22357 (47.86%) loss=0.124877 lr=0.000989237 elapsed=30:07 eta=02:38:41 val_mrr=0.668096
[TRAIN] 2026-04-23 01:43:49 step=10710/67071 (15.97%) epoch=1/3 epoch_step=10710/22357 (47.90%) loss=0.121007 lr=0.000989184 elapsed=30:09 eta=02:38:37 val_mrr=0.668096
[TRAIN] 2026-04-23 01:43:50 step=10720/67071 (15.98%) epoch=1/3 epoch_step=10720/22357 (47.95%) loss=0.135512 lr=0.00098913 elapsed=30:10 eta=02:38:35 val_mrr=0.668096
[TRAIN] 2026-04-23 01:43:51 step=10730/67071 (16.00%) epoch=1/3 epoch_step=10730/22357 (47.99%) loss=0.114969 lr=0.000989076 elapsed=30:11 eta=02:38:31 val_mrr=0.668096
[TRAIN] 2026-04-23 01:43:53 step=10740/67071 (16.01%) epoch=1/3 epoch_step=10740/22357 (48.04%) loss=0.166024 lr=0.000989022 elapsed=30:13 eta=02:38:27 val_mrr=0.668096
[TRAIN] 2026-04-23 01:43:54 step=10750/67071 (16.03%) epoch=1/3 epoch_step=10750/22357 (48.08%) loss=0.149540 lr=0.000988967 elapsed=30:14 eta=02:38:24 val_mrr=0.668096
[TRAIN] 2026-04-23 01:43:55 step=10760/67071 (16.04%) epoch=1/3 epoch_step=10760/22357 (48.13%) loss=0.124265 lr=0.000988913 elapsed=30:15 eta=02:38:20 val_mrr=0.668096
[TRAIN] 2026-04-23 01:43:57 step=10770/67071 (16.06%) epoch=1/3 epoch_step=10770/22357 (48.17%) loss=0.160100 lr=0.000988858 elapsed=30:17 eta=02:38:17 val_mrr=0.668096
[TRAIN] 2026-04-23 01:43:58 step=10780/67071 (16.07%) epoch=1/3 epoch_step=10780/22357 (48.22%) loss=0.139274 lr=0.000988804 elapsed=30:18 eta=02:38:14 val_mrr=0.668096
[TRAIN] 2026-04-23 01:43:59 step=10790/67071 (16.09%) epoch=1/3 epoch_step=10790/22357 (48.26%) loss=0.139821 lr=0.000988749 elapsed=30:19 eta=02:38:10 val_mrr=0.668096
[TRAIN] 2026-04-23 01:44:03 step=10800/67071 (16.10%) epoch=1/3 epoch_step=10800/22357 (48.31%) loss=0.136503 lr=0.000988694 elapsed=30:23 eta=02:38:16 val_mrr=0.668096
[TRAIN] 2026-04-23 01:44:04 step=10810/67071 (16.12%) epoch=1/3 epoch_step=10810/22357 (48.35%) loss=0.192107 lr=0.000988639 elapsed=30:24 eta=02:38:12 val_mrr=0.668096
[TRAIN] 2026-04-23 01:44:05 step=10820/67071 (16.13%) epoch=1/3 epoch_step=10820/22357 (48.40%) loss=0.106330 lr=0.000988584 elapsed=30:25 eta=02:38:09 val_mrr=0.668096
[TRAIN] 2026-04-23 01:44:06 step=10830/67071 (16.15%) epoch=1/3 epoch_step=10830/22357 (48.44%) loss=0.139816 lr=0.000988528 elapsed=30:26 eta=02:38:05 val_mrr=0.668096
[TRAIN] 2026-04-23 01:44:08 step=10840/67071 (16.16%) epoch=1/3 epoch_step=10840/22357 (48.49%) loss=0.155174 lr=0.000988473 elapsed=30:28 eta=02:38:01 val_mrr=0.668096
[TRAIN] 2026-04-23 01:44:09 step=10850/67071 (16.18%) epoch=1/3 epoch_step=10850/22357 (48.53%) loss=0.115106 lr=0.000988417 elapsed=30:29 eta=02:37:58 val_mrr=0.668096
[TRAIN] 2026-04-23 01:44:11 step=10860/67071 (16.19%) epoch=1/3 epoch_step=10860/22357 (48.58%) loss=0.130761 lr=0.000988361 elapsed=30:31 eta=02:37:55 val_mrr=0.668096
[TRAIN] 2026-04-23 01:44:12 step=10870/67071 (16.21%) epoch=1/3 epoch_step=10870/22357 (48.62%) loss=0.146317 lr=0.000988305 elapsed=30:32 eta=02:37:51 val_mrr=0.668096
[TRAIN] 2026-04-23 01:44:13 step=10880/67071 (16.22%) epoch=1/3 epoch_step=10880/22357 (48.66%) loss=0.122011 lr=0.000988249 elapsed=30:33 eta=02:37:48 val_mrr=0.668096
[TRAIN] 2026-04-23 01:44:15 step=10890/67071 (16.24%) epoch=1/3 epoch_step=10890/22357 (48.71%) loss=0.154890 lr=0.000988193 elapsed=30:35 eta=02:37:46 val_mrr=0.668096
[TRAIN] 2026-04-23 01:44:18 step=10900/67071 (16.25%) epoch=1/3 epoch_step=10900/22357 (48.75%) loss=0.146627 lr=0.000988137 elapsed=30:38 eta=02:37:50 val_mrr=0.668096
[TRAIN] 2026-04-23 01:44:19 step=10910/67071 (16.27%) epoch=1/3 epoch_step=10910/22357 (48.80%) loss=0.118642 lr=0.000988081 elapsed=30:39 eta=02:37:46 val_mrr=0.668096
[TRAIN] 2026-04-23 01:44:20 step=10920/67071 (16.28%) epoch=1/3 epoch_step=10920/22357 (48.84%) loss=0.125448 lr=0.000988024 elapsed=30:40 eta=02:37:43 val_mrr=0.668096
[TRAIN] 2026-04-23 01:44:22 step=10930/67071 (16.30%) epoch=1/3 epoch_step=10930/22357 (48.89%) loss=0.160657 lr=0.000987967 elapsed=30:42 eta=02:37:39 val_mrr=0.668096
[TRAIN] 2026-04-23 01:44:23 step=10940/67071 (16.31%) epoch=1/3 epoch_step=10940/22357 (48.93%) loss=0.106477 lr=0.000987911 elapsed=30:43 eta=02:37:36 val_mrr=0.668096
[TRAIN] 2026-04-23 01:44:24 step=10950/67071 (16.33%) epoch=1/3 epoch_step=10950/22357 (48.98%) loss=0.138216 lr=0.000987854 elapsed=30:44 eta=02:37:33 val_mrr=0.668096
[TRAIN] 2026-04-23 01:44:26 step=10960/67071 (16.34%) epoch=1/3 epoch_step=10960/22357 (49.02%) loss=0.143943 lr=0.000987797 elapsed=30:46 eta=02:37:29 val_mrr=0.668096
[TRAIN] 2026-04-23 01:44:27 step=10970/67071 (16.36%) epoch=1/3 epoch_step=10970/22357 (49.07%) loss=0.120011 lr=0.000987739 elapsed=30:47 eta=02:37:25 val_mrr=0.668096
[TRAIN] 2026-04-23 01:44:29 step=10980/67071 (16.37%) epoch=1/3 epoch_step=10980/22357 (49.11%) loss=0.112003 lr=0.000987682 elapsed=30:49 eta=02:37:24 val_mrr=0.668096
[TRAIN] 2026-04-23 01:44:30 step=10990/67071 (16.39%) epoch=1/3 epoch_step=10990/22357 (49.16%) loss=0.140649 lr=0.000987625 elapsed=30:50 eta=02:37:20 val_mrr=0.668096
[STAGE] 2026-04-23 01:44:32 val prep subsets global=50000 art_art=1986 art_any=50000
[STAGE] 2026-04-23 01:44:32 val prep negatives global=50000 art_art=1986 art_any=50000
[STAGE] 2026-04-23 01:44:32 val prep unique_entities=136240
[STAGE] 2026-04-23 01:44:36 val prep entity_bank_ready unique_entities=136240 emb_dim=512
[STAGE] 2026-04-23 01:44:36 val start step=11000 epoch=0 task=relation_ranking subset=global triples=50000 batches=98 eval_batch_size=512
[STAGE] 2026-04-23 01:44:37 val start step=11000 epoch=0 task=triple_scoring subset=global triples=50000 batches=98 eval_batch_size=512
[STAGE] 2026-04-23 01:44:37 val start step=11000 epoch=0 task=relation_ranking subset=art_art triples=1986 batches=4 eval_batch_size=512
[STAGE] 2026-04-23 01:44:37 val start step=11000 epoch=0 task=triple_scoring subset=art_art triples=1986 batches=4 eval_batch_size=512
[STAGE] 2026-04-23 01:44:37 val start step=11000 epoch=0 task=relation_ranking subset=art_any triples=50000 batches=98 eval_batch_size=512
[STAGE] 2026-04-23 01:44:39 val start step=11000 epoch=0 task=triple_scoring subset=art_any triples=50000 batches=98 eval_batch_size=512
[VAL] 2026-04-23 01:44:39 step=11000 epoch=0 mrr=0.621004 aucpr=0.981080 art_art_mrr=0.441845 art_art_aucpr=0.919638 art_any_mrr=0.621013 art_any_aucpr=0.936853
[TRAIN] 2026-04-23 01:44:41 step=11000/67071 (16.40%) epoch=1/3 epoch_step=11000/22357 (49.20%) loss=0.119520 lr=0.000987567 elapsed=31:00 eta=02:38:04 val_mrr=0.668096
[TRAIN] 2026-04-23 01:44:42 step=11010/67071 (16.42%) epoch=1/3 epoch_step=11010/22357 (49.25%) loss=0.140203 lr=0.000987509 elapsed=31:02 eta=02:38:00 val_mrr=0.668096
[TRAIN] 2026-04-23 01:44:43 step=11020/67071 (16.43%) epoch=1/3 epoch_step=11020/22357 (49.29%) loss=0.128494 lr=0.000987451 elapsed=31:03 eta=02:37:56 val_mrr=0.668096
[TRAIN] 2026-04-23 01:44:44 step=11030/67071 (16.45%) epoch=1/3 epoch_step=11030/22357 (49.34%) loss=0.101085 lr=0.000987393 elapsed=31:04 eta=02:37:52 val_mrr=0.668096
[TRAIN] 2026-04-23 01:44:46 step=11040/67071 (16.46%) epoch=1/3 epoch_step=11040/22357 (49.38%) loss=0.120946 lr=0.000987335 elapsed=31:06 eta=02:37:49 val_mrr=0.668096
[TRAIN] 2026-04-23 01:44:47 step=11050/67071 (16.48%) epoch=1/3 epoch_step=11050/22357 (49.43%) loss=0.102082 lr=0.000987277 elapsed=31:07 eta=02:37:45 val_mrr=0.668096
[TRAIN] 2026-04-23 01:44:49 step=11060/67071 (16.49%) epoch=1/3 epoch_step=11060/22357 (49.47%) loss=0.124623 lr=0.000987219 elapsed=31:09 eta=02:37:43 val_mrr=0.668096
[TRAIN] 2026-04-23 01:44:50 step=11070/67071 (16.50%) epoch=1/3 epoch_step=11070/22357 (49.51%) loss=0.125824 lr=0.00098716 elapsed=31:10 eta=02:37:39 val_mrr=0.668096
[TRAIN] 2026-04-23 01:44:51 step=11080/67071 (16.52%) epoch=1/3 epoch_step=11080/22357 (49.56%) loss=0.085749 lr=0.000987101 elapsed=31:11 eta=02:37:36 val_mrr=0.668096
[TRAIN] 2026-04-23 01:44:52 step=11090/67071 (16.53%) epoch=1/3 epoch_step=11090/22357 (49.60%) loss=0.101324 lr=0.000987043 elapsed=31:12 eta=02:37:32 val_mrr=0.668096
[TRAIN] 2026-04-23 01:44:55 step=11100/67071 (16.55%) epoch=1/3 epoch_step=11100/22357 (49.65%) loss=0.153452 lr=0.000986984 elapsed=31:15 eta=02:37:36 val_mrr=0.668096
[TRAIN] 2026-04-23 01:44:57 step=11110/67071 (16.56%) epoch=1/3 epoch_step=11110/22357 (49.69%) loss=0.148989 lr=0.000986925 elapsed=31:17 eta=02:37:33 val_mrr=0.668096
[TRAIN] 2026-04-23 01:44:58 step=11120/67071 (16.58%) epoch=1/3 epoch_step=11120/22357 (49.74%) loss=0.147335 lr=0.000986865 elapsed=31:18 eta=02:37:29 val_mrr=0.668096
[TRAIN] 2026-04-23 01:44:59 step=11130/67071 (16.59%) epoch=1/3 epoch_step=11130/22357 (49.78%) loss=0.137982 lr=0.000986806 elapsed=31:19 eta=02:37:25 val_mrr=0.668096
[TRAIN] 2026-04-23 01:45:01 step=11140/67071 (16.61%) epoch=1/3 epoch_step=11140/22357 (49.83%) loss=0.118562 lr=0.000986747 elapsed=31:21 eta=02:37:23 val_mrr=0.668096
[TRAIN] 2026-04-23 01:45:02 step=11150/67071 (16.62%) epoch=1/3 epoch_step=11150/22357 (49.87%) loss=0.133274 lr=0.000986687 elapsed=31:22 eta=02:37:19 val_mrr=0.668096
[TRAIN] 2026-04-23 01:45:03 step=11160/67071 (16.64%) epoch=1/3 epoch_step=11160/22357 (49.92%) loss=0.148160 lr=0.000986627 elapsed=31:23 eta=02:37:15 val_mrr=0.668096
[TRAIN] 2026-04-23 01:45:05 step=11170/67071 (16.65%) epoch=1/3 epoch_step=11170/22357 (49.96%) loss=0.139966 lr=0.000986567 elapsed=31:25 eta=02:37:11 val_mrr=0.668096
[TRAIN] 2026-04-23 01:45:06 step=11180/67071 (16.67%) epoch=1/3 epoch_step=11180/22357 (50.01%) loss=0.115367 lr=0.000986507 elapsed=31:26 eta=02:37:08 val_mrr=0.668096
[TRAIN] 2026-04-23 01:45:07 step=11190/67071 (16.68%) epoch=1/3 epoch_step=11190/22357 (50.05%) loss=0.136709 lr=0.000986447 elapsed=31:27 eta=02:37:04 val_mrr=0.668096
[TRAIN] 2026-04-23 01:45:10 step=11200/67071 (16.70%) epoch=1/3 epoch_step=11200/22357 (50.10%) loss=0.108115 lr=0.000986387 elapsed=31:30 eta=02:37:08 val_mrr=0.668096
[TRAIN] 2026-04-23 01:45:11 step=11210/67071 (16.71%) epoch=1/3 epoch_step=11210/22357 (50.14%) loss=0.131431 lr=0.000986327 elapsed=31:31 eta=02:37:04 val_mrr=0.668096
[TRAIN] 2026-04-23 01:45:13 step=11220/67071 (16.73%) epoch=1/3 epoch_step=11220/22357 (50.19%) loss=0.112887 lr=0.000986266 elapsed=31:33 eta=02:37:01 val_mrr=0.668096
[TRAIN] 2026-04-23 01:45:14 step=11230/67071 (16.74%) epoch=1/3 epoch_step=11230/22357 (50.23%) loss=0.138741 lr=0.000986206 elapsed=31:34 eta=02:36:58 val_mrr=0.668096
[TRAIN] 2026-04-23 01:45:15 step=11240/67071 (16.76%) epoch=1/3 epoch_step=11240/22357 (50.28%) loss=0.119419 lr=0.000986145 elapsed=31:35 eta=02:36:55 val_mrr=0.668096
[TRAIN] 2026-04-23 01:45:17 step=11250/67071 (16.77%) epoch=1/3 epoch_step=11250/22357 (50.32%) loss=0.114608 lr=0.000986084 elapsed=31:37 eta=02:36:51 val_mrr=0.668096
[TRAIN] 2026-04-23 01:45:18 step=11260/67071 (16.79%) epoch=1/3 epoch_step=11260/22357 (50.36%) loss=0.129319 lr=0.000986023 elapsed=31:38 eta=02:36:47 val_mrr=0.668096
[TRAIN] 2026-04-23 01:45:19 step=11270/67071 (16.80%) epoch=1/3 epoch_step=11270/22357 (50.41%) loss=0.127346 lr=0.000985962 elapsed=31:39 eta=02:36:44 val_mrr=0.668096
[TRAIN] 2026-04-23 01:45:21 step=11280/67071 (16.82%) epoch=1/3 epoch_step=11280/22357 (50.45%) loss=0.143231 lr=0.0009859 elapsed=31:41 eta=02:36:40 val_mrr=0.668096
[TRAIN] 2026-04-23 01:45:22 step=11290/67071 (16.83%) epoch=1/3 epoch_step=11290/22357 (50.50%) loss=0.133754 lr=0.000985839 elapsed=31:42 eta=02:36:36 val_mrr=0.668096
[TRAIN] 2026-04-23 01:45:25 step=11300/67071 (16.85%) epoch=1/3 epoch_step=11300/22357 (50.54%) loss=0.139746 lr=0.000985777 elapsed=31:45 eta=02:36:40 val_mrr=0.668096
[TRAIN] 2026-04-23 01:45:26 step=11310/67071 (16.86%) epoch=1/3 epoch_step=11310/22357 (50.59%) loss=0.124333 lr=0.000985716 elapsed=31:46 eta=02:36:36 val_mrr=0.668096
[TRAIN] 2026-04-23 01:45:27 step=11320/67071 (16.88%) epoch=1/3 epoch_step=11320/22357 (50.63%) loss=0.152370 lr=0.000985654 elapsed=31:47 eta=02:36:33 val_mrr=0.668096
[TRAIN] 2026-04-23 01:45:29 step=11330/67071 (16.89%) epoch=1/3 epoch_step=11330/22357 (50.68%) loss=0.134793 lr=0.000985592 elapsed=31:49 eta=02:36:31 val_mrr=0.668096
[TRAIN] 2026-04-23 01:45:30 step=11340/67071 (16.91%) epoch=1/3 epoch_step=11340/22357 (50.72%) loss=0.125484 lr=0.00098553 elapsed=31:50 eta=02:36:27 val_mrr=0.668096
[TRAIN] 2026-04-23 01:45:32 step=11350/67071 (16.92%) epoch=1/3 epoch_step=11350/22357 (50.77%) loss=0.155246 lr=0.000985468 elapsed=31:51 eta=02:36:24 val_mrr=0.668096
[TRAIN] 2026-04-23 01:45:33 step=11360/67071 (16.94%) epoch=1/3 epoch_step=11360/22357 (50.81%) loss=0.145832 lr=0.000985405 elapsed=31:53 eta=02:36:21 val_mrr=0.668096
[TRAIN] 2026-04-23 01:45:34 step=11370/67071 (16.95%) epoch=1/3 epoch_step=11370/22357 (50.86%) loss=0.120947 lr=0.000985343 elapsed=31:54 eta=02:36:17 val_mrr=0.668096
[TRAIN] 2026-04-23 01:45:35 step=11380/67071 (16.97%) epoch=1/3 epoch_step=11380/22357 (50.90%) loss=0.126580 lr=0.00098528 elapsed=31:55 eta=02:36:14 val_mrr=0.668096
[TRAIN] 2026-04-23 01:45:37 step=11390/67071 (16.98%) epoch=1/3 epoch_step=11390/22357 (50.95%) loss=0.136399 lr=0.000985218 elapsed=31:57 eta=02:36:10 val_mrr=0.668096
[TRAIN] 2026-04-23 01:45:40 step=11400/67071 (17.00%) epoch=1/3 epoch_step=11400/22357 (50.99%) loss=0.125700 lr=0.000985155 elapsed=32:00 eta=02:36:14 val_mrr=0.668096
[TRAIN] 2026-04-23 01:45:41 step=11410/67071 (17.01%) epoch=1/3 epoch_step=11410/22357 (51.04%) loss=0.127418 lr=0.000985092 elapsed=32:01 eta=02:36:11 val_mrr=0.668096
[TRAIN] 2026-04-23 01:45:43 step=11420/67071 (17.03%) epoch=1/3 epoch_step=11420/22357 (51.08%) loss=0.122184 lr=0.000985029 elapsed=32:02 eta=02:36:09 val_mrr=0.668096
[TRAIN] 2026-04-23 01:45:44 step=11430/67071 (17.04%) epoch=1/3 epoch_step=11430/22357 (51.12%) loss=0.119010 lr=0.000984965 elapsed=32:04 eta=02:36:05 val_mrr=0.668096
[TRAIN] 2026-04-23 01:45:45 step=11440/67071 (17.06%) epoch=1/3 epoch_step=11440/22357 (51.17%) loss=0.155611 lr=0.000984902 elapsed=32:05 eta=02:36:02 val_mrr=0.668096
[TRAIN] 2026-04-23 01:45:47 step=11450/67071 (17.07%) epoch=1/3 epoch_step=11450/22357 (51.21%) loss=0.162215 lr=0.000984838 elapsed=32:06 eta=02:35:58 val_mrr=0.668096
[TRAIN] 2026-04-23 01:45:48 step=11460/67071 (17.09%) epoch=1/3 epoch_step=11460/22357 (51.26%) loss=0.119897 lr=0.000984775 elapsed=32:08 eta=02:35:55 val_mrr=0.668096
[TRAIN] 2026-04-23 01:45:49 step=11470/67071 (17.10%) epoch=1/3 epoch_step=11470/22357 (51.30%) loss=0.115607 lr=0.000984711 elapsed=32:09 eta=02:35:51 val_mrr=0.668096
[TRAIN] 2026-04-23 01:45:50 step=11480/67071 (17.12%) epoch=1/3 epoch_step=11480/22357 (51.35%) loss=0.146191 lr=0.000984647 elapsed=32:10 eta=02:35:48 val_mrr=0.668096
[TRAIN] 2026-04-23 01:45:52 step=11490/67071 (17.13%) epoch=1/3 epoch_step=11490/22357 (51.39%) loss=0.160511 lr=0.000984583 elapsed=32:12 eta=02:35:44 val_mrr=0.668096
[STAGE] 2026-04-23 01:45:53 val prep subsets global=50000 art_art=1986 art_any=50000
[STAGE] 2026-04-23 01:45:54 val prep negatives global=50000 art_art=1986 art_any=50000
[STAGE] 2026-04-23 01:45:54 val prep unique_entities=136100
[STAGE] 2026-04-23 01:45:58 val prep entity_bank_ready unique_entities=136100 emb_dim=512
[STAGE] 2026-04-23 01:45:58 val start step=11500 epoch=0 task=relation_ranking subset=global triples=50000 batches=98 eval_batch_size=512
[STAGE] 2026-04-23 01:45:59 val start step=11500 epoch=0 task=triple_scoring subset=global triples=50000 batches=98 eval_batch_size=512
[STAGE] 2026-04-23 01:45:59 val start step=11500 epoch=0 task=relation_ranking subset=art_art triples=1986 batches=4 eval_batch_size=512
[STAGE] 2026-04-23 01:45:59 val start step=11500 epoch=0 task=triple_scoring subset=art_art triples=1986 batches=4 eval_batch_size=512
[STAGE] 2026-04-23 01:45:59 val start step=11500 epoch=0 task=relation_ranking subset=art_any triples=50000 batches=98 eval_batch_size=512
[STAGE] 2026-04-23 01:46:01 val start step=11500 epoch=0 task=triple_scoring subset=art_any triples=50000 batches=98 eval_batch_size=512
[VAL] 2026-04-23 01:46:01 step=11500 epoch=0 mrr=0.714840 aucpr=0.982623 art_art_mrr=0.383232 art_art_aucpr=0.915799 art_any_mrr=0.714844 art_any_aucpr=0.939534
[TRAIN] 2026-04-23 01:46:04 step=11500/67071 (17.15%) epoch=1/3 epoch_step=11500/22357 (51.44%) loss=0.147814 lr=0.000984519 elapsed=32:24 eta=02:36:35 val_mrr=0.714840
[TRAIN] 2026-04-23 01:46:06 step=11510/67071 (17.16%) epoch=1/3 epoch_step=11510/22357 (51.48%) loss=0.142373 lr=0.000984454 elapsed=32:26 eta=02:36:31 val_mrr=0.714840
[TRAIN] 2026-04-23 01:46:07 step=11520/67071 (17.18%) epoch=1/3 epoch_step=11520/22357 (51.53%) loss=0.119430 lr=0.00098439 elapsed=32:27 eta=02:36:28 val_mrr=0.714840
[TRAIN] 2026-04-23 01:46:08 step=11530/67071 (17.19%) epoch=1/3 epoch_step=11530/22357 (51.57%) loss=0.184005 lr=0.000984325 elapsed=32:28 eta=02:36:24 val_mrr=0.714840
[TRAIN] 2026-04-23 01:46:09 step=11540/67071 (17.21%) epoch=1/3 epoch_step=11540/22357 (51.62%) loss=0.155764 lr=0.000984261 elapsed=32:29 eta=02:36:20 val_mrr=0.714840
[TRAIN] 2026-04-23 01:46:11 step=11550/67071 (17.22%) epoch=1/3 epoch_step=11550/22357 (51.66%) loss=0.130458 lr=0.000984196 elapsed=32:31 eta=02:36:17 val_mrr=0.714840
[TRAIN] 2026-04-23 01:46:12 step=11560/67071 (17.24%) epoch=1/3 epoch_step=11560/22357 (51.71%) loss=0.148379 lr=0.000984131 elapsed=32:32 eta=02:36:14 val_mrr=0.714840
[TRAIN] 2026-04-23 01:46:13 step=11570/67071 (17.25%) epoch=1/3 epoch_step=11570/22357 (51.75%) loss=0.154918 lr=0.000984066 elapsed=32:33 eta=02:36:11 val_mrr=0.714840
[TRAIN] 2026-04-23 01:46:15 step=11580/67071 (17.27%) epoch=1/3 epoch_step=11580/22357 (51.80%) loss=0.136310 lr=0.000984 elapsed=32:35 eta=02:36:07 val_mrr=0.714840
[TRAIN] 2026-04-23 01:46:16 step=11590/67071 (17.28%) epoch=1/3 epoch_step=11590/22357 (51.84%) loss=0.118293 lr=0.000983935 elapsed=32:36 eta=02:36:05 val_mrr=0.714840
[TRAIN] 2026-04-23 01:46:19 step=11600/67071 (17.30%) epoch=1/3 epoch_step=11600/22357 (51.89%) loss=0.121164 lr=0.00098387 elapsed=32:39 eta=02:36:09 val_mrr=0.714840
[TRAIN] 2026-04-23 01:46:21 step=11610/67071 (17.31%) epoch=1/3 epoch_step=11610/22357 (51.93%) loss=0.141586 lr=0.000983804 elapsed=32:41 eta=02:36:06 val_mrr=0.714840
[TRAIN] 2026-04-23 01:46:22 step=11620/67071 (17.32%) epoch=1/3 epoch_step=11620/22357 (51.97%) loss=0.120448 lr=0.000983738 elapsed=32:42 eta=02:36:02 val_mrr=0.714840
[TRAIN] 2026-04-23 01:46:23 step=11630/67071 (17.34%) epoch=1/3 epoch_step=11630/22357 (52.02%) loss=0.137711 lr=0.000983672 elapsed=32:43 eta=02:35:59 val_mrr=0.714840
[TRAIN] 2026-04-23 01:46:25 step=11640/67071 (17.35%) epoch=1/3 epoch_step=11640/22357 (52.06%) loss=0.133934 lr=0.000983606 elapsed=32:45 eta=02:35:55 val_mrr=0.714840
[TRAIN] 2026-04-23 01:46:26 step=11650/67071 (17.37%) epoch=1/3 epoch_step=11650/22357 (52.11%) loss=0.135297 lr=0.00098354 elapsed=32:46 eta=02:35:52 val_mrr=0.714840
[TRAIN] 2026-04-23 01:46:27 step=11660/67071 (17.38%) epoch=1/3 epoch_step=11660/22357 (52.15%) loss=0.130363 lr=0.000983474 elapsed=32:47 eta=02:35:48 val_mrr=0.714840
[TRAIN] 2026-04-23 01:46:29 step=11670/67071 (17.40%) epoch=1/3 epoch_step=11670/22357 (52.20%) loss=0.141214 lr=0.000983407 elapsed=32:48 eta=02:35:45 val_mrr=0.714840
[TRAIN] 2026-04-23 01:46:30 step=11680/67071 (17.41%) epoch=1/3 epoch_step=11680/22357 (52.24%) loss=0.130154 lr=0.000983341 elapsed=32:50 eta=02:35:43 val_mrr=0.714840
[TRAIN] 2026-04-23 01:46:31 step=11690/67071 (17.43%) epoch=1/3 epoch_step=11690/22357 (52.29%) loss=0.142533 lr=0.000983274 elapsed=32:51 eta=02:35:40 val_mrr=0.714840
[TRAIN] 2026-04-23 01:46:34 step=11700/67071 (17.44%) epoch=1/3 epoch_step=11700/22357 (52.33%) loss=0.121764 lr=0.000983207 elapsed=32:54 eta=02:35:43 val_mrr=0.714840
[TRAIN] 2026-04-23 01:46:36 step=11710/67071 (17.46%) epoch=1/3 epoch_step=11710/22357 (52.38%) loss=0.146687 lr=0.00098314 elapsed=32:56 eta=02:35:40 val_mrr=0.714840
[TRAIN] 2026-04-23 01:46:37 step=11720/67071 (17.47%) epoch=1/3 epoch_step=11720/22357 (52.42%) loss=0.172859 lr=0.000983073 elapsed=32:57 eta=02:35:36 val_mrr=0.714840
[TRAIN] 2026-04-23 01:46:38 step=11730/67071 (17.49%) epoch=1/3 epoch_step=11730/22357 (52.47%) loss=0.123329 lr=0.000983006 elapsed=32:58 eta=02:35:32 val_mrr=0.714840
[TRAIN] 2026-04-23 01:46:39 step=11740/67071 (17.50%) epoch=1/3 epoch_step=11740/22357 (52.51%) loss=0.135314 lr=0.000982939 elapsed=32:59 eta=02:35:29 val_mrr=0.714840
[TRAIN] 2026-04-23 01:46:41 step=11750/67071 (17.52%) epoch=1/3 epoch_step=11750/22357 (52.56%) loss=0.151087 lr=0.000982871 elapsed=33:01 eta=02:35:25 val_mrr=0.714840
[TRAIN] 2026-04-23 01:46:42 step=11760/67071 (17.53%) epoch=1/3 epoch_step=11760/22357 (52.60%) loss=0.148844 lr=0.000982804 elapsed=33:02 eta=02:35:23 val_mrr=0.714840
[TRAIN] 2026-04-23 01:46:44 step=11770/67071 (17.55%) epoch=1/3 epoch_step=11770/22357 (52.65%) loss=0.121336 lr=0.000982736 elapsed=33:03 eta=02:35:19 val_mrr=0.714840
[TRAIN] 2026-04-23 01:46:45 step=11780/67071 (17.56%) epoch=1/3 epoch_step=11780/22357 (52.69%) loss=0.131899 lr=0.000982668 elapsed=33:05 eta=02:35:16 val_mrr=0.714840
[TRAIN] 2026-04-23 01:46:46 step=11790/67071 (17.58%) epoch=1/3 epoch_step=11790/22357 (52.74%) loss=0.106004 lr=0.0009826 elapsed=33:06 eta=02:35:12 val_mrr=0.714840
[TRAIN] 2026-04-23 01:46:49 step=11800/67071 (17.59%) epoch=1/3 epoch_step=11800/22357 (52.78%) loss=0.129031 lr=0.000982532 elapsed=33:09 eta=02:35:15 val_mrr=0.714840
[TRAIN] 2026-04-23 01:46:50 step=11810/67071 (17.61%) epoch=1/3 epoch_step=11810/22357 (52.82%) loss=0.114035 lr=0.000982464 elapsed=33:10 eta=02:35:12 val_mrr=0.714840
[TRAIN] 2026-04-23 01:46:51 step=11820/67071 (17.62%) epoch=1/3 epoch_step=11820/22357 (52.87%) loss=0.094876 lr=0.000982396 elapsed=33:11 eta=02:35:09 val_mrr=0.714840
[TRAIN] 2026-04-23 01:46:53 step=11830/67071 (17.64%) epoch=1/3 epoch_step=11830/22357 (52.91%) loss=0.144739 lr=0.000982327 elapsed=33:13 eta=02:35:05 val_mrr=0.714840
[TRAIN] 2026-04-23 01:46:54 step=11840/67071 (17.65%) epoch=1/3 epoch_step=11840/22357 (52.96%) loss=0.119109 lr=0.000982258 elapsed=33:14 eta=02:35:02 val_mrr=0.714840
[TRAIN] 2026-04-23 01:46:56 step=11850/67071 (17.67%) epoch=1/3 epoch_step=11850/22357 (53.00%) loss=0.131792 lr=0.00098219 elapsed=33:16 eta=02:35:00 val_mrr=0.714840
[TRAIN] 2026-04-23 01:46:57 step=11860/67071 (17.68%) epoch=1/3 epoch_step=11860/22357 (53.05%) loss=0.108413 lr=0.000982121 elapsed=33:17 eta=02:34:56 val_mrr=0.714840
[TRAIN] 2026-04-23 01:46:58 step=11870/67071 (17.70%) epoch=1/3 epoch_step=11870/22357 (53.09%) loss=0.142712 lr=0.000982052 elapsed=33:18 eta=02:34:53 val_mrr=0.714840
[TRAIN] 2026-04-23 01:47:00 step=11880/67071 (17.71%) epoch=1/3 epoch_step=11880/22357 (53.14%) loss=0.126379 lr=0.000981983 elapsed=33:19 eta=02:34:49 val_mrr=0.714840
[TRAIN] 2026-04-23 01:47:01 step=11890/67071 (17.73%) epoch=1/3 epoch_step=11890/22357 (53.18%) loss=0.125992 lr=0.000981913 elapsed=33:21 eta=02:34:46 val_mrr=0.714840
[TRAIN] 2026-04-23 01:47:04 step=11900/67071 (17.74%) epoch=1/3 epoch_step=11900/22357 (53.23%) loss=0.108207 lr=0.000981844 elapsed=33:24 eta=02:34:49 val_mrr=0.714840
[TRAIN] 2026-04-23 01:47:05 step=11910/67071 (17.76%) epoch=1/3 epoch_step=11910/22357 (53.27%) loss=0.141105 lr=0.000981774 elapsed=33:25 eta=02:34:46 val_mrr=0.714840
[TRAIN] 2026-04-23 01:47:06 step=11920/67071 (17.77%) epoch=1/3 epoch_step=11920/22357 (53.32%) loss=0.114032 lr=0.000981705 elapsed=33:26 eta=02:34:42 val_mrr=0.714840
[TRAIN] 2026-04-23 01:47:08 step=11930/67071 (17.79%) epoch=1/3 epoch_step=11930/22357 (53.36%) loss=0.119688 lr=0.000981635 elapsed=33:28 eta=02:34:39 val_mrr=0.714840
[TRAIN] 2026-04-23 01:47:09 step=11940/67071 (17.80%) epoch=1/3 epoch_step=11940/22357 (53.41%) loss=0.131000 lr=0.000981565 elapsed=33:29 eta=02:34:37 val_mrr=0.714840
[TRAIN] 2026-04-23 01:47:10 step=11950/67071 (17.82%) epoch=1/3 epoch_step=11950/22357 (53.45%) loss=0.106673 lr=0.000981495 elapsed=33:30 eta=02:34:33 val_mrr=0.714840
[TRAIN] 2026-04-23 01:47:12 step=11960/67071 (17.83%) epoch=1/3 epoch_step=11960/22357 (53.50%) loss=0.134592 lr=0.000981425 elapsed=33:32 eta=02:34:30 val_mrr=0.714840
[TRAIN] 2026-04-23 01:47:13 step=11970/67071 (17.85%) epoch=1/3 epoch_step=11970/22357 (53.54%) loss=0.137201 lr=0.000981354 elapsed=33:33 eta=02:34:26 val_mrr=0.714840
[TRAIN] 2026-04-23 01:47:14 step=11980/67071 (17.86%) epoch=1/3 epoch_step=11980/22357 (53.59%) loss=0.116682 lr=0.000981284 elapsed=33:34 eta=02:34:23 val_mrr=0.714840
[TRAIN] 2026-04-23 01:47:16 step=11990/67071 (17.88%) epoch=1/3 epoch_step=11990/22357 (53.63%) loss=0.124381 lr=0.000981213 elapsed=33:35 eta=02:34:19 val_mrr=0.714840
[STAGE] 2026-04-23 01:47:17 val prep subsets global=50000 art_art=1986 art_any=50000
[STAGE] 2026-04-23 01:47:17 val prep negatives global=50000 art_art=1986 art_any=50000
[STAGE] 2026-04-23 01:47:17 val prep unique_entities=136205
[STAGE] 2026-04-23 01:47:21 val prep entity_bank_ready unique_entities=136205 emb_dim=512
[STAGE] 2026-04-23 01:47:21 val start step=12000 epoch=0 task=relation_ranking subset=global triples=50000 batches=98 eval_batch_size=512
[STAGE] 2026-04-23 01:47:22 val start step=12000 epoch=0 task=triple_scoring subset=global triples=50000 batches=98 eval_batch_size=512
[STAGE] 2026-04-23 01:47:23 val start step=12000 epoch=0 task=relation_ranking subset=art_art triples=1986 batches=4 eval_batch_size=512
[STAGE] 2026-04-23 01:47:23 val start step=12000 epoch=0 task=triple_scoring subset=art_art triples=1986 batches=4 eval_batch_size=512
[STAGE] 2026-04-23 01:47:23 val start step=12000 epoch=0 task=relation_ranking subset=art_any triples=50000 batches=98 eval_batch_size=512
[STAGE] 2026-04-23 01:47:24 val start step=12000 epoch=0 task=triple_scoring subset=art_any triples=50000 batches=98 eval_batch_size=512
[VAL] 2026-04-23 01:47:24 step=12000 epoch=0 mrr=0.614361 aucpr=0.982520 art_art_mrr=0.514803 art_art_aucpr=0.913664 art_any_mrr=0.614378 art_any_aucpr=0.938973
[TRAIN] 2026-04-23 01:47:26 step=12000/67071 (17.89%) epoch=1/3 epoch_step=12000/22357 (53.67%) loss=0.132217 lr=0.000981142 elapsed=33:46 eta=02:34:58 val_mrr=0.714840
[TRAIN] 2026-04-23 01:47:27 step=12010/67071 (17.91%) epoch=1/3 epoch_step=12010/22357 (53.72%) loss=0.130061 lr=0.000981072 elapsed=33:47 eta=02:34:54 val_mrr=0.714840
[TRAIN] 2026-04-23 01:47:29 step=12020/67071 (17.92%) epoch=1/3 epoch_step=12020/22357 (53.76%) loss=0.121180 lr=0.000981001 elapsed=33:49 eta=02:34:52 val_mrr=0.714840
[TRAIN] 2026-04-23 01:47:30 step=12030/67071 (17.94%) epoch=1/3 epoch_step=12030/22357 (53.81%) loss=0.099444 lr=0.000980929 elapsed=33:50 eta=02:34:49 val_mrr=0.714840
[TRAIN] 2026-04-23 01:47:31 step=12040/67071 (17.95%) epoch=1/3 epoch_step=12040/22357 (53.85%) loss=0.110808 lr=0.000980858 elapsed=33:51 eta=02:34:45 val_mrr=0.714840
[TRAIN] 2026-04-23 01:47:33 step=12050/67071 (17.97%) epoch=1/3 epoch_step=12050/22357 (53.90%) loss=0.107338 lr=0.000980787 elapsed=33:53 eta=02:34:41 val_mrr=0.714840
[TRAIN] 2026-04-23 01:47:34 step=12060/67071 (17.98%) epoch=1/3 epoch_step=12060/22357 (53.94%) loss=0.123341 lr=0.000980715 elapsed=33:54 eta=02:34:38 val_mrr=0.714840
[TRAIN] 2026-04-23 01:47:35 step=12070/67071 (18.00%) epoch=1/3 epoch_step=12070/22357 (53.99%) loss=0.118805 lr=0.000980644 elapsed=33:55 eta=02:34:35 val_mrr=0.714840
[TRAIN] 2026-04-23 01:47:37 step=12080/67071 (18.01%) epoch=1/3 epoch_step=12080/22357 (54.03%) loss=0.132012 lr=0.000980572 elapsed=33:57 eta=02:34:31 val_mrr=0.714840
[TRAIN] 2026-04-23 01:47:38 step=12090/67071 (18.03%) epoch=1/3 epoch_step=12090/22357 (54.08%) loss=0.145067 lr=0.0009805 elapsed=33:58 eta=02:34:28 val_mrr=0.714840
[TRAIN] 2026-04-23 01:47:41 step=12100/67071 (18.04%) epoch=1/3 epoch_step=12100/22357 (54.12%) loss=0.141627 lr=0.000980428 elapsed=34:01 eta=02:34:32 val_mrr=0.714840
[TRAIN] 2026-04-23 01:47:42 step=12110/67071 (18.06%) epoch=1/3 epoch_step=12110/22357 (54.17%) loss=0.129341 lr=0.000980356 elapsed=34:02 eta=02:34:29 val_mrr=0.714840
[TRAIN] 2026-04-23 01:47:44 step=12120/67071 (18.07%) epoch=1/3 epoch_step=12120/22357 (54.21%) loss=0.119477 lr=0.000980284 elapsed=34:04 eta=02:34:25 val_mrr=0.714840
[TRAIN] 2026-04-23 01:47:45 step=12130/67071 (18.09%) epoch=1/3 epoch_step=12130/22357 (54.26%) loss=0.131529 lr=0.000980211 elapsed=34:05 eta=02:34:22 val_mrr=0.714840
[TRAIN] 2026-04-23 01:47:46 step=12140/67071 (18.10%) epoch=1/3 epoch_step=12140/22357 (54.30%) loss=0.118653 lr=0.000980139 elapsed=34:06 eta=02:34:18 val_mrr=0.714840
[TRAIN] 2026-04-23 01:47:47 step=12150/67071 (18.12%) epoch=1/3 epoch_step=12150/22357 (54.35%) loss=0.132063 lr=0.000980066 elapsed=34:07 eta=02:34:14 val_mrr=0.714840
[TRAIN] 2026-04-23 01:47:49 step=12160/67071 (18.13%) epoch=1/3 epoch_step=12160/22357 (54.39%) loss=0.136496 lr=0.000979993 elapsed=34:09 eta=02:34:11 val_mrr=0.714840
[TRAIN] 2026-04-23 01:47:50 step=12170/67071 (18.14%) epoch=1/3 epoch_step=12170/22357 (54.43%) loss=0.161598 lr=0.00097992 elapsed=34:10 eta=02:34:08 val_mrr=0.714840
[TRAIN] 2026-04-23 01:47:51 step=12180/67071 (18.16%) epoch=1/3 epoch_step=12180/22357 (54.48%) loss=0.134278 lr=0.000979847 elapsed=34:11 eta=02:34:04 val_mrr=0.714840
[TRAIN] 2026-04-23 01:47:53 step=12190/67071 (18.17%) epoch=1/3 epoch_step=12190/22357 (54.52%) loss=0.109357 lr=0.000979774 elapsed=34:13 eta=02:34:02 val_mrr=0.714840
[TRAIN] 2026-04-23 01:47:56 step=12200/67071 (18.19%) epoch=1/3 epoch_step=12200/22357 (54.57%) loss=0.135740 lr=0.000979701 elapsed=34:16 eta=02:34:06 val_mrr=0.714840
[TRAIN] 2026-04-23 01:47:57 step=12210/67071 (18.20%) epoch=1/3 epoch_step=12210/22357 (54.61%) loss=0.119560 lr=0.000979627 elapsed=34:17 eta=02:34:02 val_mrr=0.714840
[TRAIN] 2026-04-23 01:47:58 step=12220/67071 (18.22%) epoch=1/3 epoch_step=12220/22357 (54.66%) loss=0.113904 lr=0.000979554 elapsed=34:18 eta=02:33:59 val_mrr=0.714840
[TRAIN] 2026-04-23 01:48:00 step=12230/67071 (18.23%) epoch=1/3 epoch_step=12230/22357 (54.70%) loss=0.125050 lr=0.00097948 elapsed=34:20 eta=02:33:55 val_mrr=0.714840
[TRAIN] 2026-04-23 01:48:01 step=12240/67071 (18.25%) epoch=1/3 epoch_step=12240/22357 (54.75%) loss=0.128446 lr=0.000979406 elapsed=34:21 eta=02:33:52 val_mrr=0.714840
[TRAIN] 2026-04-23 01:48:02 step=12250/67071 (18.26%) epoch=1/3 epoch_step=12250/22357 (54.79%) loss=0.138337 lr=0.000979332 elapsed=34:22 eta=02:33:49 val_mrr=0.714840
[TRAIN] 2026-04-23 01:48:04 step=12260/67071 (18.28%) epoch=1/3 epoch_step=12260/22357 (54.84%) loss=0.136557 lr=0.000979258 elapsed=34:24 eta=02:33:46 val_mrr=0.714840
[TRAIN] 2026-04-23 01:48:05 step=12270/67071 (18.29%) epoch=1/3 epoch_step=12270/22357 (54.88%) loss=0.124226 lr=0.000979184 elapsed=34:25 eta=02:33:42 val_mrr=0.714840
[TRAIN] 2026-04-23 01:48:06 step=12280/67071 (18.31%) epoch=1/3 epoch_step=12280/22357 (54.93%) loss=0.133511 lr=0.000979109 elapsed=34:26 eta=02:33:40 val_mrr=0.714840
[TRAIN] 2026-04-23 01:48:08 step=12290/67071 (18.32%) epoch=1/3 epoch_step=12290/22357 (54.97%) loss=0.142337 lr=0.000979035 elapsed=34:28 eta=02:33:37 val_mrr=0.714840
[TRAIN] 2026-04-23 01:48:11 step=12300/67071 (18.34%) epoch=1/3 epoch_step=12300/22357 (55.02%) loss=0.121558 lr=0.00097896 elapsed=34:31 eta=02:33:40 val_mrr=0.714840
[TRAIN] 2026-04-23 01:48:12 step=12310/67071 (18.35%) epoch=1/3 epoch_step=12310/22357 (55.06%) loss=0.140822 lr=0.000978885 elapsed=34:32 eta=02:33:36 val_mrr=0.714840
[TRAIN] 2026-04-23 01:48:13 step=12320/67071 (18.37%) epoch=1/3 epoch_step=12320/22357 (55.11%) loss=0.133086 lr=0.00097881 elapsed=34:33 eta=02:33:33 val_mrr=0.714840
[TRAIN] 2026-04-23 01:48:14 step=12330/67071 (18.38%) epoch=1/3 epoch_step=12330/22357 (55.15%) loss=0.114416 lr=0.000978735 elapsed=34:34 eta=02:33:30 val_mrr=0.714840
[TRAIN] 2026-04-23 01:48:16 step=12340/67071 (18.40%) epoch=1/3 epoch_step=12340/22357 (55.20%) loss=0.123469 lr=0.00097866 elapsed=34:36 eta=02:33:26 val_mrr=0.714840
[TRAIN] 2026-04-23 01:48:17 step=12350/67071 (18.41%) epoch=1/3 epoch_step=12350/22357 (55.24%) loss=0.136925 lr=0.000978585 elapsed=34:37 eta=02:33:23 val_mrr=0.714840
[TRAIN] 2026-04-23 01:48:18 step=12360/67071 (18.43%) epoch=1/3 epoch_step=12360/22357 (55.28%) loss=0.138477 lr=0.00097851 elapsed=34:38 eta=02:33:19 val_mrr=0.714840
[TRAIN] 2026-04-23 01:48:20 step=12370/67071 (18.44%) epoch=1/3 epoch_step=12370/22357 (55.33%) loss=0.118882 lr=0.000978434 elapsed=34:40 eta=02:33:18 val_mrr=0.714840
[TRAIN] 2026-04-23 01:48:21 step=12380/67071 (18.46%) epoch=1/3 epoch_step=12380/22357 (55.37%) loss=0.128410 lr=0.000978358 elapsed=34:41 eta=02:33:14 val_mrr=0.714840
[TRAIN] 2026-04-23 01:48:23 step=12390/67071 (18.47%) epoch=1/3 epoch_step=12390/22357 (55.42%) loss=0.153385 lr=0.000978283 elapsed=34:43 eta=02:33:11 val_mrr=0.714840
[TRAIN] 2026-04-23 01:48:25 step=12400/67071 (18.49%) epoch=1/3 epoch_step=12400/22357 (55.46%) loss=0.128989 lr=0.000978207 elapsed=34:45 eta=02:33:14 val_mrr=0.714840
[TRAIN] 2026-04-23 01:48:27 step=12410/67071 (18.50%) epoch=1/3 epoch_step=12410/22357 (55.51%) loss=0.116874 lr=0.000978131 elapsed=34:47 eta=02:33:11 val_mrr=0.714840
[TRAIN] 2026-04-23 01:48:28 step=12420/67071 (18.52%) epoch=1/3 epoch_step=12420/22357 (55.55%) loss=0.135979 lr=0.000978054 elapsed=34:48 eta=02:33:08 val_mrr=0.714840
[TRAIN] 2026-04-23 01:48:29 step=12430/67071 (18.53%) epoch=1/3 epoch_step=12430/22357 (55.60%) loss=0.133461 lr=0.000977978 elapsed=34:49 eta=02:33:04 val_mrr=0.714840
[TRAIN] 2026-04-23 01:48:31 step=12440/67071 (18.55%) epoch=1/3 epoch_step=12440/22357 (55.64%) loss=0.129198 lr=0.000977902 elapsed=34:51 eta=02:33:01 val_mrr=0.714840
[TRAIN] 2026-04-23 01:48:32 step=12450/67071 (18.56%) epoch=1/3 epoch_step=12450/22357 (55.69%) loss=0.124949 lr=0.000977825 elapsed=34:52 eta=02:32:57 val_mrr=0.714840
[TRAIN] 2026-04-23 01:48:33 step=12460/67071 (18.58%) epoch=1/3 epoch_step=12460/22357 (55.73%) loss=0.135728 lr=0.000977748 elapsed=34:53 eta=02:32:55 val_mrr=0.714840
[TRAIN] 2026-04-23 01:48:35 step=12470/67071 (18.59%) epoch=1/3 epoch_step=12470/22357 (55.78%) loss=0.124102 lr=0.000977672 elapsed=34:55 eta=02:32:52 val_mrr=0.714840
[TRAIN] 2026-04-23 01:48:36 step=12480/67071 (18.61%) epoch=1/3 epoch_step=12480/22357 (55.82%) loss=0.120259 lr=0.000977595 elapsed=34:56 eta=02:32:48 val_mrr=0.714840
[TRAIN] 2026-04-23 01:48:37 step=12490/67071 (18.62%) epoch=1/3 epoch_step=12490/22357 (55.87%) loss=0.122558 lr=0.000977518 elapsed=34:57 eta=02:32:45 val_mrr=0.714840
[STAGE] 2026-04-23 01:48:39 val prep subsets global=50000 art_art=1986 art_any=50000
[STAGE] 2026-04-23 01:48:39 val prep negatives global=50000 art_art=1986 art_any=50000
[STAGE] 2026-04-23 01:48:39 val prep unique_entities=136094
[STAGE] 2026-04-23 01:48:43 val prep entity_bank_ready unique_entities=136094 emb_dim=512
[STAGE] 2026-04-23 01:48:43 val start step=12500 epoch=0 task=relation_ranking subset=global triples=50000 batches=98 eval_batch_size=512
[STAGE] 2026-04-23 01:48:44 val start step=12500 epoch=0 task=triple_scoring subset=global triples=50000 batches=98 eval_batch_size=512
[STAGE] 2026-04-23 01:48:44 val start step=12500 epoch=0 task=relation_ranking subset=art_art triples=1986 batches=4 eval_batch_size=512
[STAGE] 2026-04-23 01:48:44 val start step=12500 epoch=0 task=triple_scoring subset=art_art triples=1986 batches=4 eval_batch_size=512
[STAGE] 2026-04-23 01:48:45 val start step=12500 epoch=0 task=relation_ranking subset=art_any triples=50000 batches=98 eval_batch_size=512
[STAGE] 2026-04-23 01:48:46 val start step=12500 epoch=0 task=triple_scoring subset=art_any triples=50000 batches=98 eval_batch_size=512
[VAL] 2026-04-23 01:48:46 step=12500 epoch=0 mrr=0.681687 aucpr=0.982327 art_art_mrr=0.364779 art_art_aucpr=0.928892 art_any_mrr=0.681690 art_any_aucpr=0.936367
[TRAIN] 2026-04-23 01:48:48 step=12500/67071 (18.64%) epoch=1/3 epoch_step=12500/22357 (55.91%) loss=0.130389 lr=0.00097744 elapsed=35:08 eta=02:33:22 val_mrr=0.714840
[TRAIN] 2026-04-23 01:48:49 step=12510/67071 (18.65%) epoch=1/3 epoch_step=12510/22357 (55.96%) loss=0.090141 lr=0.000977363 elapsed=35:09 eta=02:33:18 val_mrr=0.714840
[TRAIN] 2026-04-23 01:48:50 step=12520/67071 (18.67%) epoch=1/3 epoch_step=12520/22357 (56.00%) loss=0.160945 lr=0.000977286 elapsed=35:10 eta=02:33:15 val_mrr=0.714840
[TRAIN] 2026-04-23 01:48:52 step=12530/67071 (18.68%) epoch=1/3 epoch_step=12530/22357 (56.05%) loss=0.129400 lr=0.000977208 elapsed=35:12 eta=02:33:13 val_mrr=0.714840
[TRAIN] 2026-04-23 01:48:53 step=12540/67071 (18.70%) epoch=1/3 epoch_step=12540/22357 (56.09%) loss=0.161947 lr=0.00097713 elapsed=35:13 eta=02:33:09 val_mrr=0.714840
[TRAIN] 2026-04-23 01:48:54 step=12550/67071 (18.71%) epoch=1/3 epoch_step=12550/22357 (56.13%) loss=0.129932 lr=0.000977052 elapsed=35:14 eta=02:33:06 val_mrr=0.714840
[TRAIN] 2026-04-23 01:48:56 step=12560/67071 (18.73%) epoch=1/3 epoch_step=12560/22357 (56.18%) loss=0.088445 lr=0.000976974 elapsed=35:16 eta=02:33:02 val_mrr=0.714840
[TRAIN] 2026-04-23 01:48:57 step=12570/67071 (18.74%) epoch=1/3 epoch_step=12570/22357 (56.22%) loss=0.131495 lr=0.000976896 elapsed=35:17 eta=02:32:59 val_mrr=0.714840
[TRAIN] 2026-04-23 01:48:58 step=12580/67071 (18.76%) epoch=1/3 epoch_step=12580/22357 (56.27%) loss=0.138333 lr=0.000976818 elapsed=35:18 eta=02:32:56 val_mrr=0.714840
[TRAIN] 2026-04-23 01:49:00 step=12590/67071 (18.77%) epoch=1/3 epoch_step=12590/22357 (56.31%) loss=0.147360 lr=0.00097674 elapsed=35:20 eta=02:32:53 val_mrr=0.714840
[TRAIN] 2026-04-23 01:49:02 step=12600/67071 (18.79%) epoch=1/3 epoch_step=12600/22357 (56.36%) loss=0.103506 lr=0.000976661 elapsed=35:22 eta=02:32:55 val_mrr=0.714840
[TRAIN] 2026-04-23 01:49:04 step=12610/67071 (18.80%) epoch=1/3 epoch_step=12610/22357 (56.40%) loss=0.147544 lr=0.000976582 elapsed=35:24 eta=02:32:52 val_mrr=0.714840
[TRAIN] 2026-04-23 01:49:05 step=12620/67071 (18.82%) epoch=1/3 epoch_step=12620/22357 (56.45%) loss=0.136656 lr=0.000976504 elapsed=35:25 eta=02:32:50 val_mrr=0.714840
[TRAIN] 2026-04-23 01:49:07 step=12630/67071 (18.83%) epoch=1/3 epoch_step=12630/22357 (56.49%) loss=0.147537 lr=0.000976425 elapsed=35:27 eta=02:32:46 val_mrr=0.714840
[TRAIN] 2026-04-23 01:49:08 step=12640/67071 (18.85%) epoch=1/3 epoch_step=12640/22357 (56.54%) loss=0.117909 lr=0.000976346 elapsed=35:28 eta=02:32:43 val_mrr=0.714840
[TRAIN] 2026-04-23 01:49:09 step=12650/67071 (18.86%) epoch=1/3 epoch_step=12650/22357 (56.58%) loss=0.133718 lr=0.000976267 elapsed=35:29 eta=02:32:39 val_mrr=0.714840
[TRAIN] 2026-04-23 01:49:10 step=12660/67071 (18.88%) epoch=1/3 epoch_step=12660/22357 (56.63%) loss=0.123813 lr=0.000976187 elapsed=35:30 eta=02:32:36 val_mrr=0.714840
[TRAIN] 2026-04-23 01:49:12 step=12670/67071 (18.89%) epoch=1/3 epoch_step=12670/22357 (56.67%) loss=0.141104 lr=0.000976108 elapsed=35:32 eta=02:32:32 val_mrr=0.714840
[TRAIN] 2026-04-23 01:49:13 step=12680/67071 (18.91%) epoch=1/3 epoch_step=12680/22357 (56.72%) loss=0.122019 lr=0.000976028 elapsed=35:33 eta=02:32:29 val_mrr=0.714840
[TRAIN] 2026-04-23 01:49:14 step=12690/67071 (18.92%) epoch=1/3 epoch_step=12690/22357 (56.76%) loss=0.143506 lr=0.000975949 elapsed=35:34 eta=02:32:25 val_mrr=0.714840
[TRAIN] 2026-04-23 01:49:17 step=12700/67071 (18.94%) epoch=1/3 epoch_step=12700/22357 (56.81%) loss=0.119284 lr=0.000975869 elapsed=35:37 eta=02:32:29 val_mrr=0.714840
[TRAIN] 2026-04-23 01:49:19 step=12710/67071 (18.95%) epoch=1/3 epoch_step=12710/22357 (56.85%) loss=0.118772 lr=0.000975789 elapsed=35:38 eta=02:32:26 val_mrr=0.714840
[TRAIN] 2026-04-23 01:49:20 step=12720/67071 (18.96%) epoch=1/3 epoch_step=12720/22357 (56.89%) loss=0.100380 lr=0.000975709 elapsed=35:40 eta=02:32:23 val_mrr=0.714840
[TRAIN] 2026-04-23 01:49:21 step=12730/67071 (18.98%) epoch=1/3 epoch_step=12730/22357 (56.94%) loss=0.121337 lr=0.000975629 elapsed=35:41 eta=02:32:19 val_mrr=0.714840
[TRAIN] 2026-04-23 01:49:22 step=12740/67071 (18.99%) epoch=1/3 epoch_step=12740/22357 (56.98%) loss=0.115922 lr=0.000975548 elapsed=35:42 eta=02:32:16 val_mrr=0.714840
[TRAIN] 2026-04-23 01:49:24 step=12750/67071 (19.01%) epoch=1/3 epoch_step=12750/22357 (57.03%) loss=0.142345 lr=0.000975468 elapsed=35:44 eta=02:32:13 val_mrr=0.714840
[TRAIN] 2026-04-23 01:49:25 step=12760/67071 (19.02%) epoch=1/3 epoch_step=12760/22357 (57.07%) loss=0.131695 lr=0.000975387 elapsed=35:45 eta=02:32:09 val_mrr=0.714840
[TRAIN] 2026-04-23 01:49:26 step=12770/67071 (19.04%) epoch=1/3 epoch_step=12770/22357 (57.12%) loss=0.097506 lr=0.000975307 elapsed=35:46 eta=02:32:05 val_mrr=0.714840
[TRAIN] 2026-04-23 01:49:27 step=12780/67071 (19.05%) epoch=1/3 epoch_step=12780/22357 (57.16%) loss=0.129037 lr=0.000975226 elapsed=35:47 eta=02:32:02 val_mrr=0.714840
[TRAIN] 2026-04-23 01:49:29 step=12790/67071 (19.07%) epoch=1/3 epoch_step=12790/22357 (57.21%) loss=0.141940 lr=0.000975145 elapsed=35:49 eta=02:31:58 val_mrr=0.714840
[TRAIN] 2026-04-23 01:49:32 step=12800/67071 (19.08%) epoch=1/3 epoch_step=12800/22357 (57.25%) loss=0.114512 lr=0.000975064 elapsed=35:52 eta=02:32:03 val_mrr=0.714840
[TRAIN] 2026-04-23 01:49:33 step=12810/67071 (19.10%) epoch=1/3 epoch_step=12810/22357 (57.30%) loss=0.158189 lr=0.000974983 elapsed=35:53 eta=02:31:59 val_mrr=0.714840
[TRAIN] 2026-04-23 01:49:34 step=12820/67071 (19.11%) epoch=1/3 epoch_step=12820/22357 (57.34%) loss=0.104416 lr=0.000974901 elapsed=35:54 eta=02:31:56 val_mrr=0.714840
[TRAIN] 2026-04-23 01:49:35 step=12830/67071 (19.13%) epoch=1/3 epoch_step=12830/22357 (57.39%) loss=0.155476 lr=0.00097482 elapsed=35:55 eta=02:31:52 val_mrr=0.714840
[TRAIN] 2026-04-23 01:49:37 step=12840/67071 (19.14%) epoch=1/3 epoch_step=12840/22357 (57.43%) loss=0.154053 lr=0.000974738 elapsed=35:57 eta=02:31:49 val_mrr=0.714840
[TRAIN] 2026-04-23 01:49:38 step=12850/67071 (19.16%) epoch=1/3 epoch_step=12850/22357 (57.48%) loss=0.116688 lr=0.000974656 elapsed=35:58 eta=02:31:45 val_mrr=0.714840
[TRAIN] 2026-04-23 01:49:39 step=12860/67071 (19.17%) epoch=1/3 epoch_step=12860/22357 (57.52%) loss=0.131305 lr=0.000974575 elapsed=35:59 eta=02:31:42 val_mrr=0.714840
[TRAIN] 2026-04-23 01:49:41 step=12870/67071 (19.19%) epoch=1/3 epoch_step=12870/22357 (57.57%) loss=0.127784 lr=0.000974493 elapsed=36:00 eta=02:31:39 val_mrr=0.714840
[TRAIN] 2026-04-23 01:49:42 step=12880/67071 (19.20%) epoch=1/3 epoch_step=12880/22357 (57.61%) loss=0.124928 lr=0.00097441 elapsed=36:02 eta=02:31:35 val_mrr=0.714840
[TRAIN] 2026-04-23 01:49:43 step=12890/67071 (19.22%) epoch=1/3 epoch_step=12890/22357 (57.66%) loss=0.147189 lr=0.000974328 elapsed=36:03 eta=02:31:33 val_mrr=0.714840
[TRAIN] 2026-04-23 01:49:46 step=12900/67071 (19.23%) epoch=1/3 epoch_step=12900/22357 (57.70%) loss=0.125227 lr=0.000974246 elapsed=36:06 eta=02:31:37 val_mrr=0.714840
[TRAIN] 2026-04-23 01:49:48 step=12910/67071 (19.25%) epoch=1/3 epoch_step=12910/22357 (57.74%) loss=0.114226 lr=0.000974163 elapsed=36:07 eta=02:31:33 val_mrr=0.714840
[TRAIN] 2026-04-23 01:49:49 step=12920/67071 (19.26%) epoch=1/3 epoch_step=12920/22357 (57.79%) loss=0.110603 lr=0.000974081 elapsed=36:09 eta=02:31:30 val_mrr=0.714840
[TRAIN] 2026-04-23 01:49:50 step=12930/67071 (19.28%) epoch=1/3 epoch_step=12930/22357 (57.83%) loss=0.103669 lr=0.000973998 elapsed=36:10 eta=02:31:26 val_mrr=0.714840
[TRAIN] 2026-04-23 01:49:51 step=12940/67071 (19.29%) epoch=1/3 epoch_step=12940/22357 (57.88%) loss=0.126017 lr=0.000973915 elapsed=36:11 eta=02:31:23 val_mrr=0.714840
[TRAIN] 2026-04-23 01:49:53 step=12950/67071 (19.31%) epoch=1/3 epoch_step=12950/22357 (57.92%) loss=0.129743 lr=0.000973832 elapsed=36:13 eta=02:31:20 val_mrr=0.714840
[TRAIN] 2026-04-23 01:49:54 step=12960/67071 (19.32%) epoch=1/3 epoch_step=12960/22357 (57.97%) loss=0.111362 lr=0.000973749 elapsed=36:14 eta=02:31:17 val_mrr=0.714840
[TRAIN] 2026-04-23 01:49:55 step=12970/67071 (19.34%) epoch=1/3 epoch_step=12970/22357 (58.01%) loss=0.161562 lr=0.000973666 elapsed=36:15 eta=02:31:13 val_mrr=0.714840
[TRAIN] 2026-04-23 01:49:57 step=12980/67071 (19.35%) epoch=1/3 epoch_step=12980/22357 (58.06%) loss=0.123070 lr=0.000973582 elapsed=36:17 eta=02:31:11 val_mrr=0.714840
[TRAIN] 2026-04-23 01:49:58 step=12990/67071 (19.37%) epoch=1/3 epoch_step=12990/22357 (58.10%) loss=0.135181 lr=0.000973499 elapsed=36:18 eta=02:31:08 val_mrr=0.714840
[STAGE] 2026-04-23 01:50:00 val prep subsets global=50000 art_art=1986 art_any=50000
[STAGE] 2026-04-23 01:50:00 val prep negatives global=50000 art_art=1986 art_any=50000
[STAGE] 2026-04-23 01:50:00 val prep unique_entities=136227
[STAGE] 2026-04-23 01:50:04 val prep entity_bank_ready unique_entities=136227 emb_dim=512
[STAGE] 2026-04-23 01:50:04 val start step=13000 epoch=0 task=relation_ranking subset=global triples=50000 batches=98 eval_batch_size=512
[STAGE] 2026-04-23 01:50:05 val start step=13000 epoch=0 task=triple_scoring subset=global triples=50000 batches=98 eval_batch_size=512
[STAGE] 2026-04-23 01:50:05 val start step=13000 epoch=0 task=relation_ranking subset=art_art triples=1986 batches=4 eval_batch_size=512
[STAGE] 2026-04-23 01:50:05 val start step=13000 epoch=0 task=triple_scoring subset=art_art triples=1986 batches=4 eval_batch_size=512
[STAGE] 2026-04-23 01:50:05 val start step=13000 epoch=0 task=relation_ranking subset=art_any triples=50000 batches=98 eval_batch_size=512
[STAGE] 2026-04-23 01:50:07 val start step=13000 epoch=0 task=triple_scoring subset=art_any triples=50000 batches=98 eval_batch_size=512
[VAL] 2026-04-23 01:50:07 step=13000 epoch=0 mrr=0.580322 aucpr=0.982745 art_art_mrr=0.400898 art_art_aucpr=0.925192 art_any_mrr=0.580329 art_any_aucpr=0.945866
[TRAIN] 2026-04-23 01:50:09 step=13000/67071 (19.38%) epoch=1/3 epoch_step=13000/22357 (58.15%) loss=0.130376 lr=0.000973415 elapsed=36:29 eta=02:31:43 val_mrr=0.714840
[TRAIN] 2026-04-23 01:50:10 step=13010/67071 (19.40%) epoch=1/3 epoch_step=13010/22357 (58.19%) loss=0.138831 lr=0.000973331 elapsed=36:30 eta=02:31:40 val_mrr=0.714840
[TRAIN] 2026-04-23 01:50:11 step=13020/67071 (19.41%) epoch=1/3 epoch_step=13020/22357 (58.24%) loss=0.124460 lr=0.000973247 elapsed=36:31 eta=02:31:37 val_mrr=0.714840
[TRAIN] 2026-04-23 01:50:13 step=13030/67071 (19.43%) epoch=1/3 epoch_step=13030/22357 (58.28%) loss=0.157290 lr=0.000973163 elapsed=36:33 eta=02:31:33 val_mrr=0.714840
[TRAIN] 2026-04-23 01:50:14 step=13040/67071 (19.44%) epoch=1/3 epoch_step=13040/22357 (58.33%) loss=0.126505 lr=0.000973079 elapsed=36:34 eta=02:31:30 val_mrr=0.714840
[TRAIN] 2026-04-23 01:50:16 step=13050/67071 (19.46%) epoch=1/3 epoch_step=13050/22357 (58.37%) loss=0.106402 lr=0.000972995 elapsed=36:36 eta=02:31:29 val_mrr=0.714840
[TRAIN] 2026-04-23 01:50:17 step=13060/67071 (19.47%) epoch=1/3 epoch_step=13060/22357 (58.42%) loss=0.099277 lr=0.00097291 elapsed=36:37 eta=02:31:26 val_mrr=0.714840
[TRAIN] 2026-04-23 01:50:18 step=13070/67071 (19.49%) epoch=1/3 epoch_step=13070/22357 (58.46%) loss=0.141719 lr=0.000972826 elapsed=36:38 eta=02:31:22 val_mrr=0.714840
[TRAIN] 2026-04-23 01:50:20 step=13080/67071 (19.50%) epoch=1/3 epoch_step=13080/22357 (58.51%) loss=0.099594 lr=0.000972741 elapsed=36:39 eta=02:31:19 val_mrr=0.714840
[TRAIN] 2026-04-23 01:50:21 step=13090/67071 (19.52%) epoch=1/3 epoch_step=13090/22357 (58.55%) loss=0.115322 lr=0.000972656 elapsed=36:41 eta=02:31:16 val_mrr=0.714840
[TRAIN] 2026-04-23 01:50:24 step=13100/67071 (19.53%) epoch=1/3 epoch_step=13100/22357 (58.59%) loss=0.122058 lr=0.000972571 elapsed=36:43 eta=02:31:18 val_mrr=0.714840
[TRAIN] 2026-04-23 01:50:25 step=13110/67071 (19.55%) epoch=1/3 epoch_step=13110/22357 (58.64%) loss=0.127292 lr=0.000972486 elapsed=36:45 eta=02:31:15 val_mrr=0.714840
[TRAIN] 2026-04-23 01:50:26 step=13120/67071 (19.56%) epoch=1/3 epoch_step=13120/22357 (58.68%) loss=0.142370 lr=0.000972401 elapsed=36:46 eta=02:31:12 val_mrr=0.714840
[TRAIN] 2026-04-23 01:50:27 step=13130/67071 (19.58%) epoch=1/3 epoch_step=13130/22357 (58.73%) loss=0.106764 lr=0.000972316 elapsed=36:47 eta=02:31:09 val_mrr=0.714840
[TRAIN] 2026-04-23 01:50:29 step=13140/67071 (19.59%) epoch=1/3 epoch_step=13140/22357 (58.77%) loss=0.130298 lr=0.00097223 elapsed=36:49 eta=02:31:05 val_mrr=0.714840
[TRAIN] 2026-04-23 01:50:30 step=13150/67071 (19.61%) epoch=1/3 epoch_step=13150/22357 (58.82%) loss=0.107465 lr=0.000972145 elapsed=36:50 eta=02:31:03 val_mrr=0.714840
[TRAIN] 2026-04-23 01:50:32 step=13160/67071 (19.62%) epoch=1/3 epoch_step=13160/22357 (58.86%) loss=0.106067 lr=0.000972059 elapsed=36:52 eta=02:31:00 val_mrr=0.714840
[TRAIN] 2026-04-23 01:50:33 step=13170/67071 (19.64%) epoch=1/3 epoch_step=13170/22357 (58.91%) loss=0.114273 lr=0.000971973 elapsed=36:53 eta=02:30:56 val_mrr=0.714840
[TRAIN] 2026-04-23 01:50:34 step=13180/67071 (19.65%) epoch=1/3 epoch_step=13180/22357 (58.95%) loss=0.131267 lr=0.000971887 elapsed=36:54 eta=02:30:53 val_mrr=0.714840
[TRAIN] 2026-04-23 01:50:35 step=13190/67071 (19.67%) epoch=1/3 epoch_step=13190/22357 (59.00%) loss=0.094459 lr=0.000971801 elapsed=36:55 eta=02:30:50 val_mrr=0.714840
[TRAIN] 2026-04-23 01:50:38 step=13200/67071 (19.68%) epoch=1/3 epoch_step=13200/22357 (59.04%) loss=0.149255 lr=0.000971715 elapsed=36:58 eta=02:30:52 val_mrr=0.714840
[TRAIN] 2026-04-23 01:50:39 step=13210/67071 (19.70%) epoch=1/3 epoch_step=13210/22357 (59.09%) loss=0.136915 lr=0.000971629 elapsed=36:59 eta=02:30:49 val_mrr=0.714840
[TRAIN] 2026-04-23 01:50:41 step=13220/67071 (19.71%) epoch=1/3 epoch_step=13220/22357 (59.13%) loss=0.129886 lr=0.000971542 elapsed=37:01 eta=02:30:46 val_mrr=0.714840
[TRAIN] 2026-04-23 01:50:42 step=13230/67071 (19.73%) epoch=1/3 epoch_step=13230/22357 (59.18%) loss=0.096074 lr=0.000971456 elapsed=37:02 eta=02:30:43 val_mrr=0.714840
[TRAIN] 2026-04-23 01:50:44 step=13240/67071 (19.74%) epoch=1/3 epoch_step=13240/22357 (59.22%) loss=0.108602 lr=0.000971369 elapsed=37:04 eta=02:30:41 val_mrr=0.714840
[TRAIN] 2026-04-23 01:50:45 step=13250/67071 (19.76%) epoch=1/3 epoch_step=13250/22357 (59.27%) loss=0.102478 lr=0.000971282 elapsed=37:05 eta=02:30:37 val_mrr=0.714840
[TRAIN] 2026-04-23 01:50:46 step=13260/67071 (19.77%) epoch=1/3 epoch_step=13260/22357 (59.31%) loss=0.121257 lr=0.000971195 elapsed=37:06 eta=02:30:34 val_mrr=0.714840
[TRAIN] 2026-04-23 01:50:47 step=13270/67071 (19.79%) epoch=1/3 epoch_step=13270/22357 (59.36%) loss=0.122140 lr=0.000971108 elapsed=37:07 eta=02:30:31 val_mrr=0.714840
[TRAIN] 2026-04-23 01:50:49 step=13280/67071 (19.80%) epoch=1/3 epoch_step=13280/22357 (59.40%) loss=0.124301 lr=0.000971021 elapsed=37:09 eta=02:30:27 val_mrr=0.714840
[TRAIN] 2026-04-23 01:50:50 step=13290/67071 (19.81%) epoch=1/3 epoch_step=13290/22357 (59.44%) loss=0.110599 lr=0.000970933 elapsed=37:10 eta=02:30:24 val_mrr=0.714840
[TRAIN] 2026-04-23 01:50:53 step=13300/67071 (19.83%) epoch=1/3 epoch_step=13300/22357 (59.49%) loss=0.115396 lr=0.000970846 elapsed=37:13 eta=02:30:27 val_mrr=0.714840
[TRAIN] 2026-04-23 01:50:54 step=13310/67071 (19.84%) epoch=1/3 epoch_step=13310/22357 (59.53%) loss=0.141605 lr=0.000970758 elapsed=37:14 eta=02:30:23 val_mrr=0.714840
[TRAIN] 2026-04-23 01:50:55 step=13320/67071 (19.86%) epoch=1/3 epoch_step=13320/22357 (59.58%) loss=0.103865 lr=0.00097067 elapsed=37:15 eta=02:30:20 val_mrr=0.714840
[TRAIN] 2026-04-23 01:50:57 step=13330/67071 (19.87%) epoch=1/3 epoch_step=13330/22357 (59.62%) loss=0.115462 lr=0.000970583 elapsed=37:17 eta=02:30:18 val_mrr=0.714840
[TRAIN] 2026-04-23 01:50:58 step=13340/67071 (19.89%) epoch=1/3 epoch_step=13340/22357 (59.67%) loss=0.139038 lr=0.000970495 elapsed=37:18 eta=02:30:15 val_mrr=0.714840
[TRAIN] 2026-04-23 01:50:59 step=13350/67071 (19.90%) epoch=1/3 epoch_step=13350/22357 (59.71%) loss=0.117406 lr=0.000970406 elapsed=37:19 eta=02:30:11 val_mrr=0.714840
[TRAIN] 2026-04-23 01:51:01 step=13360/67071 (19.92%) epoch=1/3 epoch_step=13360/22357 (59.76%) loss=0.106085 lr=0.000970318 elapsed=37:21 eta=02:30:08 val_mrr=0.714840
[TRAIN] 2026-04-23 01:51:02 step=13370/67071 (19.93%) epoch=1/3 epoch_step=13370/22357 (59.80%) loss=0.131439 lr=0.00097023 elapsed=37:22 eta=02:30:05 val_mrr=0.714840
[TRAIN] 2026-04-23 01:51:03 step=13380/67071 (19.95%) epoch=1/3 epoch_step=13380/22357 (59.85%) loss=0.131409 lr=0.000970141 elapsed=37:23 eta=02:30:02 val_mrr=0.714840
[TRAIN] 2026-04-23 01:51:05 step=13390/67071 (19.96%) epoch=1/3 epoch_step=13390/22357 (59.89%) loss=0.095834 lr=0.000970053 elapsed=37:25 eta=02:29:58 val_mrr=0.714840
[TRAIN] 2026-04-23 01:51:07 step=13400/67071 (19.98%) epoch=1/3 epoch_step=13400/22357 (59.94%) loss=0.130323 lr=0.000969964 elapsed=37:27 eta=02:30:01 val_mrr=0.714840
[TRAIN] 2026-04-23 01:51:09 step=13410/67071 (19.99%) epoch=1/3 epoch_step=13410/22357 (59.98%) loss=0.147154 lr=0.000969875 elapsed=37:28 eta=02:29:57 val_mrr=0.714840
[TRAIN] 2026-04-23 01:51:10 step=13420/67071 (20.01%) epoch=1/3 epoch_step=13420/22357 (60.03%) loss=0.122113 lr=0.000969786 elapsed=37:30 eta=02:29:55 val_mrr=0.714840
[TRAIN] 2026-04-23 01:51:11 step=13430/67071 (20.02%) epoch=1/3 epoch_step=13430/22357 (60.07%) loss=0.126816 lr=0.000969697 elapsed=37:31 eta=02:29:52 val_mrr=0.714840
[TRAIN] 2026-04-23 01:51:13 step=13440/67071 (20.04%) epoch=1/3 epoch_step=13440/22357 (60.12%) loss=0.141961 lr=0.000969607 elapsed=37:33 eta=02:29:49 val_mrr=0.714840
[TRAIN] 2026-04-23 01:51:14 step=13450/67071 (20.05%) epoch=1/3 epoch_step=13450/22357 (60.16%) loss=0.137986 lr=0.000969518 elapsed=37:34 eta=02:29:45 val_mrr=0.714840
[TRAIN] 2026-04-23 01:51:15 step=13460/67071 (20.07%) epoch=1/3 epoch_step=13460/22357 (60.20%) loss=0.131457 lr=0.000969429 elapsed=37:35 eta=02:29:42 val_mrr=0.714840
[TRAIN] 2026-04-23 01:51:16 step=13470/67071 (20.08%) epoch=1/3 epoch_step=13470/22357 (60.25%) loss=0.101276 lr=0.000969339 elapsed=37:36 eta=02:29:39 val_mrr=0.714840
[TRAIN] 2026-04-23 01:51:18 step=13480/67071 (20.10%) epoch=1/3 epoch_step=13480/22357 (60.29%) loss=0.111158 lr=0.000969249 elapsed=37:38 eta=02:29:36 val_mrr=0.714840
[TRAIN] 2026-04-23 01:51:19 step=13490/67071 (20.11%) epoch=1/3 epoch_step=13490/22357 (60.34%) loss=0.115633 lr=0.000969159 elapsed=37:39 eta=02:29:32 val_mrr=0.714840
[STAGE] 2026-04-23 01:51:21 val prep subsets global=50000 art_art=1986 art_any=50000
[STAGE] 2026-04-23 01:51:21 val prep negatives global=50000 art_art=1986 art_any=50000
[STAGE] 2026-04-23 01:51:21 val prep unique_entities=135970
[STAGE] 2026-04-23 01:51:25 val prep entity_bank_ready unique_entities=135970 emb_dim=512
[STAGE] 2026-04-23 01:51:25 val start step=13500 epoch=0 task=relation_ranking subset=global triples=50000 batches=98 eval_batch_size=512
[STAGE] 2026-04-23 01:51:26 val start step=13500 epoch=0 task=triple_scoring subset=global triples=50000 batches=98 eval_batch_size=512
[STAGE] 2026-04-23 01:51:26 val start step=13500 epoch=0 task=relation_ranking subset=art_art triples=1986 batches=4 eval_batch_size=512
[STAGE] 2026-04-23 01:51:26 val start step=13500 epoch=0 task=triple_scoring subset=art_art triples=1986 batches=4 eval_batch_size=512
[STAGE] 2026-04-23 01:51:26 val start step=13500 epoch=0 task=relation_ranking subset=art_any triples=50000 batches=98 eval_batch_size=512
[STAGE] 2026-04-23 01:51:28 val start step=13500 epoch=0 task=triple_scoring subset=art_any triples=50000 batches=98 eval_batch_size=512
[VAL] 2026-04-23 01:51:28 step=13500 epoch=0 mrr=0.664715 aucpr=0.984737 art_art_mrr=0.354068 art_art_aucpr=0.899859 art_any_mrr=0.664716 art_any_aucpr=0.945355
[TRAIN] 2026-04-23 01:51:30 step=13500/67071 (20.13%) epoch=1/3 epoch_step=13500/22357 (60.38%) loss=0.143298 lr=0.000969069 elapsed=37:50 eta=02:30:07 val_mrr=0.714840
[TRAIN] 2026-04-23 01:51:31 step=13510/67071 (20.14%) epoch=1/3 epoch_step=13510/22357 (60.43%) loss=0.138072 lr=0.000968979 elapsed=37:51 eta=02:30:04 val_mrr=0.714840
[TRAIN] 2026-04-23 01:51:32 step=13520/67071 (20.16%) epoch=1/3 epoch_step=13520/22357 (60.47%) loss=0.119256 lr=0.000968889 elapsed=37:52 eta=02:30:01 val_mrr=0.714840
[TRAIN] 2026-04-23 01:51:34 step=13530/67071 (20.17%) epoch=1/3 epoch_step=13530/22357 (60.52%) loss=0.135787 lr=0.000968798 elapsed=37:54 eta=02:29:57 val_mrr=0.714840
[TRAIN] 2026-04-23 01:51:35 step=13540/67071 (20.19%) epoch=1/3 epoch_step=13540/22357 (60.56%) loss=0.152148 lr=0.000968708 elapsed=37:55 eta=02:29:54 val_mrr=0.714840
[TRAIN] 2026-04-23 01:51:36 step=13550/67071 (20.20%) epoch=1/3 epoch_step=13550/22357 (60.61%) loss=0.135110 lr=0.000968617 elapsed=37:56 eta=02:29:51 val_mrr=0.714840
[TRAIN] 2026-04-23 01:51:38 step=13560/67071 (20.22%) epoch=1/3 epoch_step=13560/22357 (60.65%) loss=0.119058 lr=0.000968526 elapsed=37:58 eta=02:29:48 val_mrr=0.714840
[TRAIN] 2026-04-23 01:51:39 step=13570/67071 (20.23%) epoch=1/3 epoch_step=13570/22357 (60.70%) loss=0.161396 lr=0.000968435 elapsed=37:59 eta=02:29:44 val_mrr=0.714840
[TRAIN] 2026-04-23 01:51:40 step=13580/67071 (20.25%) epoch=1/3 epoch_step=13580/22357 (60.74%) loss=0.082144 lr=0.000968344 elapsed=38:00 eta=02:29:41 val_mrr=0.714840
[TRAIN] 2026-04-23 01:51:42 step=13590/67071 (20.26%) epoch=1/3 epoch_step=13590/22357 (60.79%) loss=0.101567 lr=0.000968253 elapsed=38:02 eta=02:29:39 val_mrr=0.714840
[TRAIN] 2026-04-23 01:51:45 step=13600/67071 (20.28%) epoch=1/3 epoch_step=13600/22357 (60.83%) loss=0.124395 lr=0.000968162 elapsed=38:05 eta=02:29:42 val_mrr=0.714840
[TRAIN] 2026-04-23 01:51:46 step=13610/67071 (20.29%) epoch=1/3 epoch_step=13610/22357 (60.88%) loss=0.124271 lr=0.00096807 elapsed=38:06 eta=02:29:39 val_mrr=0.714840
[TRAIN] 2026-04-23 01:51:47 step=13620/67071 (20.31%) epoch=1/3 epoch_step=13620/22357 (60.92%) loss=0.142029 lr=0.000967979 elapsed=38:07 eta=02:29:36 val_mrr=0.714840
[TRAIN] 2026-04-23 01:51:48 step=13630/67071 (20.32%) epoch=1/3 epoch_step=13630/22357 (60.97%) loss=0.105673 lr=0.000967887 elapsed=38:08 eta=02:29:32 val_mrr=0.714840
[TRAIN] 2026-04-23 01:51:50 step=13640/67071 (20.34%) epoch=1/3 epoch_step=13640/22357 (61.01%) loss=0.148586 lr=0.000967795 elapsed=38:10 eta=02:29:29 val_mrr=0.714840
[TRAIN] 2026-04-23 01:51:51 step=13650/67071 (20.35%) epoch=1/3 epoch_step=13650/22357 (61.05%) loss=0.116288 lr=0.000967703 elapsed=38:11 eta=02:29:26 val_mrr=0.714840
[TRAIN] 2026-04-23 01:51:52 step=13660/67071 (20.37%) epoch=1/3 epoch_step=13660/22357 (61.10%) loss=0.127520 lr=0.000967611 elapsed=38:12 eta=02:29:23 val_mrr=0.714840
[TRAIN] 2026-04-23 01:51:54 step=13670/67071 (20.38%) epoch=1/3 epoch_step=13670/22357 (61.14%) loss=0.145703 lr=0.000967519 elapsed=38:13 eta=02:29:19 val_mrr=0.714840
[TRAIN] 2026-04-23 01:51:55 step=13680/67071 (20.40%) epoch=1/3 epoch_step=13680/22357 (61.19%) loss=0.118861 lr=0.000967427 elapsed=38:15 eta=02:29:18 val_mrr=0.714840
[TRAIN] 2026-04-23 01:51:56 step=13690/67071 (20.41%) epoch=1/3 epoch_step=13690/22357 (61.23%) loss=0.108771 lr=0.000967334 elapsed=38:16 eta=02:29:14 val_mrr=0.714840
[TRAIN] 2026-04-23 01:51:59 step=13700/67071 (20.43%) epoch=1/3 epoch_step=13700/22357 (61.28%) loss=0.122166 lr=0.000967242 elapsed=38:19 eta=02:29:17 val_mrr=0.714840
[TRAIN] 2026-04-23 01:52:00 step=13710/67071 (20.44%) epoch=1/3 epoch_step=13710/22357 (61.32%) loss=0.119729 lr=0.000967149 elapsed=38:20 eta=02:29:14 val_mrr=0.714840
[TRAIN] 2026-04-23 01:52:02 step=13720/67071 (20.46%) epoch=1/3 epoch_step=13720/22357 (61.37%) loss=0.144668 lr=0.000967056 elapsed=38:22 eta=02:29:10 val_mrr=0.714840
[TRAIN] 2026-04-23 01:52:03 step=13730/67071 (20.47%) epoch=1/3 epoch_step=13730/22357 (61.41%) loss=0.107877 lr=0.000966963 elapsed=38:23 eta=02:29:07 val_mrr=0.714840
[TRAIN] 2026-04-23 01:52:04 step=13740/67071 (20.49%) epoch=1/3 epoch_step=13740/22357 (61.46%) loss=0.110553 lr=0.00096687 elapsed=38:24 eta=02:29:04 val_mrr=0.714840
[TRAIN] 2026-04-23 01:52:06 step=13750/67071 (20.50%) epoch=1/3 epoch_step=13750/22357 (61.50%) loss=0.117848 lr=0.000966777 elapsed=38:26 eta=02:29:01 val_mrr=0.714840
[TRAIN] 2026-04-23 01:52:07 step=13760/67071 (20.52%) epoch=1/3 epoch_step=13760/22357 (61.55%) loss=0.142176 lr=0.000966684 elapsed=38:27 eta=02:28:58 val_mrr=0.714840
[TRAIN] 2026-04-23 01:52:08 step=13770/67071 (20.53%) epoch=1/3 epoch_step=13770/22357 (61.59%) loss=0.122893 lr=0.00096659 elapsed=38:28 eta=02:28:55 val_mrr=0.714840
[TRAIN] 2026-04-23 01:52:10 step=13780/67071 (20.55%) epoch=1/3 epoch_step=13780/22357 (61.64%) loss=0.122415 lr=0.000966496 elapsed=38:30 eta=02:28:52 val_mrr=0.714840
[TRAIN] 2026-04-23 01:52:11 step=13790/67071 (20.56%) epoch=1/3 epoch_step=13790/22357 (61.68%) loss=0.175233 lr=0.000966403 elapsed=38:31 eta=02:28:49 val_mrr=0.714840
[TRAIN] 2026-04-23 01:52:14 step=13800/67071 (20.58%) epoch=1/3 epoch_step=13800/22357 (61.73%) loss=0.142651 lr=0.000966309 elapsed=38:34 eta=02:28:53 val_mrr=0.714840
[TRAIN] 2026-04-23 01:52:15 step=13810/67071 (20.59%) epoch=1/3 epoch_step=13810/22357 (61.77%) loss=0.114670 lr=0.000966215 elapsed=38:35 eta=02:28:49 val_mrr=0.714840
[TRAIN] 2026-04-23 01:52:17 step=13820/67071 (20.61%) epoch=1/3 epoch_step=13820/22357 (61.82%) loss=0.134381 lr=0.000966121 elapsed=38:37 eta=02:28:46 val_mrr=0.714840
[TRAIN] 2026-04-23 01:52:18 step=13830/67071 (20.62%) epoch=1/3 epoch_step=13830/22357 (61.86%) loss=0.141966 lr=0.000966027 elapsed=38:38 eta=02:28:43 val_mrr=0.714840
[TRAIN] 2026-04-23 01:52:19 step=13840/67071 (20.63%) epoch=1/3 epoch_step=13840/22357 (61.90%) loss=0.129548 lr=0.000965932 elapsed=38:39 eta=02:28:40 val_mrr=0.714840
[TRAIN] 2026-04-23 01:52:21 step=13850/67071 (20.65%) epoch=1/3 epoch_step=13850/22357 (61.95%) loss=0.110388 lr=0.000965838 elapsed=38:40 eta=02:28:37 val_mrr=0.714840
[TRAIN] 2026-04-23 01:52:22 step=13860/67071 (20.66%) epoch=1/3 epoch_step=13860/22357 (61.99%) loss=0.130396 lr=0.000965743 elapsed=38:42 eta=02:28:35 val_mrr=0.714840
[TRAIN] 2026-04-23 01:52:23 step=13870/67071 (20.68%) epoch=1/3 epoch_step=13870/22357 (62.04%) loss=0.089964 lr=0.000965648 elapsed=38:43 eta=02:28:32 val_mrr=0.714840
[TRAIN] 2026-04-23 01:52:25 step=13880/67071 (20.69%) epoch=1/3 epoch_step=13880/22357 (62.08%) loss=0.114077 lr=0.000965554 elapsed=38:45 eta=02:28:29 val_mrr=0.714840
[TRAIN] 2026-04-23 01:52:26 step=13890/67071 (20.71%) epoch=1/3 epoch_step=13890/22357 (62.13%) loss=0.116274 lr=0.000965459 elapsed=38:46 eta=02:28:26 val_mrr=0.714840
[TRAIN] 2026-04-23 01:52:29 step=13900/67071 (20.72%) epoch=1/3 epoch_step=13900/22357 (62.17%) loss=0.111932 lr=0.000965364 elapsed=38:49 eta=02:28:28 val_mrr=0.714840
[TRAIN] 2026-04-23 01:52:30 step=13910/67071 (20.74%) epoch=1/3 epoch_step=13910/22357 (62.22%) loss=0.132608 lr=0.000965268 elapsed=38:50 eta=02:28:25 val_mrr=0.714840
[TRAIN] 2026-04-23 01:52:31 step=13920/67071 (20.75%) epoch=1/3 epoch_step=13920/22357 (62.26%) loss=0.116510 lr=0.000965173 elapsed=38:51 eta=02:28:22 val_mrr=0.714840
[TRAIN] 2026-04-23 01:52:33 step=13930/67071 (20.77%) epoch=1/3 epoch_step=13930/22357 (62.31%) loss=0.141489 lr=0.000965078 elapsed=38:53 eta=02:28:19 val_mrr=0.714840
[TRAIN] 2026-04-23 01:52:34 step=13940/67071 (20.78%) epoch=1/3 epoch_step=13940/22357 (62.35%) loss=0.128615 lr=0.000964982 elapsed=38:54 eta=02:28:15 val_mrr=0.714840
[TRAIN] 2026-04-23 01:52:36 step=13950/67071 (20.80%) epoch=1/3 epoch_step=13950/22357 (62.40%) loss=0.116117 lr=0.000964886 elapsed=38:56 eta=02:28:14 val_mrr=0.714840
[TRAIN] 2026-04-23 01:52:37 step=13960/67071 (20.81%) epoch=1/3 epoch_step=13960/22357 (62.44%) loss=0.121309 lr=0.00096479 elapsed=38:57 eta=02:28:10 val_mrr=0.714840
[TRAIN] 2026-04-23 01:52:38 step=13970/67071 (20.83%) epoch=1/3 epoch_step=13970/22357 (62.49%) loss=0.122094 lr=0.000964694 elapsed=38:58 eta=02:28:07 val_mrr=0.714840
[TRAIN] 2026-04-23 01:52:39 step=13980/67071 (20.84%) epoch=1/3 epoch_step=13980/22357 (62.53%) loss=0.147366 lr=0.000964598 elapsed=38:59 eta=02:28:04 val_mrr=0.714840
[TRAIN] 2026-04-23 01:52:41 step=13990/67071 (20.86%) epoch=1/3 epoch_step=13990/22357 (62.58%) loss=0.113945 lr=0.000964502 elapsed=39:01 eta=02:28:01 val_mrr=0.714840
[STAGE] 2026-04-23 01:52:42 val prep subsets global=50000 art_art=1986 art_any=50000
[STAGE] 2026-04-23 01:52:43 val prep negatives global=50000 art_art=1986 art_any=50000
[STAGE] 2026-04-23 01:52:43 val prep unique_entities=136169
[STAGE] 2026-04-23 01:52:46 val prep entity_bank_ready unique_entities=136169 emb_dim=512
[STAGE] 2026-04-23 01:52:46 val start step=14000 epoch=0 task=relation_ranking subset=global triples=50000 batches=98 eval_batch_size=512
[STAGE] 2026-04-23 01:52:47 val start step=14000 epoch=0 task=triple_scoring subset=global triples=50000 batches=98 eval_batch_size=512
[STAGE] 2026-04-23 01:52:48 val start step=14000 epoch=0 task=relation_ranking subset=art_art triples=1986 batches=4 eval_batch_size=512
[STAGE] 2026-04-23 01:52:48 val start step=14000 epoch=0 task=triple_scoring subset=art_art triples=1986 batches=4 eval_batch_size=512
[STAGE] 2026-04-23 01:52:48 val start step=14000 epoch=0 task=relation_ranking subset=art_any triples=50000 batches=98 eval_batch_size=512
[STAGE] 2026-04-23 01:52:49 val start step=14000 epoch=0 task=triple_scoring subset=art_any triples=50000 batches=98 eval_batch_size=512
[VAL] 2026-04-23 01:52:50 step=14000 epoch=0 mrr=0.656394 aucpr=0.985292 art_art_mrr=0.366492 art_art_aucpr=0.939821 art_any_mrr=0.656394 art_any_aucpr=0.951862
[STAGE] 2026-04-23 01:52:50 early stopping triggered at step=14000 epoch=0 no_improve_evals=5
[TRAIN] 2026-04-23 01:52:51 step=14000/67071 (20.87%) epoch=1/3 epoch_step=14000/22357 (62.62%) loss=0.117346 lr=0.000964406 elapsed=39:11 eta=02:28:33 val_mrr=0.714840
[STAGE] 2026-04-23 01:52:51 epoch completed epoch=1/3
[STAGE] 2026-04-23 01:52:53 test prep subsets global=1425681 art_art=2083 art_any=357035
[STAGE] 2026-04-23 01:52:57 test prep negatives global=1425681 art_art=2083 art_any=357035
[STAGE] 2026-04-23 01:52:58 test prep unique_entities=1442699
[STAGE] 2026-04-23 01:53:23 test prep entity_bank_ready unique_entities=1442699 emb_dim=512
[STAGE] 2026-04-23 01:53:23 test start step=14000 epoch=1 task=relation_ranking subset=global triples=1425681 batches=2785 eval_batch_size=512
[STAGE] 2026-04-23 01:54:04 test start step=14000 epoch=1 task=triple_scoring subset=global triples=1425681 batches=2785 eval_batch_size=512
[STAGE] 2026-04-23 01:54:13 test start step=14000 epoch=1 task=relation_ranking subset=art_art triples=2083 batches=5 eval_batch_size=512
[STAGE] 2026-04-23 01:54:13 test start step=14000 epoch=1 task=triple_scoring subset=art_art triples=2083 batches=5 eval_batch_size=512
[STAGE] 2026-04-23 01:54:13 test start step=14000 epoch=1 task=relation_ranking subset=art_any triples=357035 batches=698 eval_batch_size=512
[STAGE] 2026-04-23 01:54:23 test start step=14000 epoch=1 task=triple_scoring subset=art_any triples=357035 batches=698 eval_batch_size=512
[TEST] 2026-04-23 01:54:25 step=14000 epoch=1 mrr=0.463139 aucpr=0.986820 art_art_mrr=0.371287 art_art_aucpr=0.934895 art_any_mrr=0.661269 art_any_aucpr=0.954820
[STAGE] 2026-04-23 01:54:25 DONE train (2445.17s)
[RESULT] 2026-04-23 01:54:25 {"best_metric": 0.714839596326031, "early_stopped": true, "stopped_epoch": 1, "stopped_step": 14000, "val_mrr": 0.6563943957597673, "val_hits1": 0.4874, "val_hits3": 0.78592, "val_hits10": 0.96092, "val_top1_acc": 0.4874, "val_auc": 0.9884380412, "val_aucpr": 0.9852917461036627, "val_art_art_mrr": 0.36649244721876373, "val_art_art_hits1": 0.26686807653575023, "val_art_art_hits3": 0.365055387713998, "val_art_art_hits10": 0.6268882175226587, "val_art_art_top1_acc": 0.26686807653575023, "val_art_art_auc": 0.9392517511807222, "val_art_art_aucpr": 0.9398209186486938, "val_art_any_mrr": 0.6563935624264339, "val_art_any_hits1": 0.4874, "val_art_any_hits3": 0.78592, "val_art_any_hits10": 0.9609, "val_art_any_top1_acc": 0.4874, "val_art_any_auc": 0.961729077, "val_art_any_aucpr": 0.9518616187454118, "test_mrr": 0.46313923150778297, "test_hits1": 0.3132173326291085, "test_hits3": 0.5372036240926266, "test_hits10": 0.7684685424018416, "test_top1_acc": 0.3132173326291085, "test_auc": 0.9898626950513247, "test_aucpr": 0.98681987034462, "test_art_art_mrr": 0.3712871636648081, "test_art_art_hits1": 0.27364378300528086, "test_art_art_hits3": 0.3638982237157945, "test_art_art_hits10": 0.6101776284205472, "test_art_art_top1_acc": 0.27364378300528086, "test_art_art_auc": 0.9373261219634796, "test_art_art_aucpr": 0.9348950645231637, "test_art_any_mrr": 0.6612691654075882, "test_art_any_hits1": 0.491607265394149, "test_art_any_hits3": 0.7944067108266697, "test_art_any_hits10": 0.9633649362107356, "test_art_any_top1_acc": 0.491607265394149, "test_art_any_auc": 0.963677357004321, "test_art_any_aucpr": 0.9548197120760039}
