nohup: ignoring input
[STAGE] 2026-04-22 11:56:15 START build experiment
[CONFIG] 2026-04-22 11:56:15 paths graph_dir=/root/autodl-tmp/个人项目2/操作数据库/full_graph_export text_dir=/root/autodl-tmp/个人项目2/操作数据库/full_graph_export/text_chunks image_dir=/root/autodl-tmp/个人项目2/图片/64 local_model_root=/root/autodl-tmp/个人项目2/链路预测实验/local_models
[CONFIG] 2026-04-22 11:56:15 models text_encoder=albert_frozen text_model=albert-base-v2 text_model_dir=/root/autodl-tmp/个人项目2/链路预测实验/local_models/text/albert-base-v2 image_encoder=inception_resnet_v2 image_model=inception_resnet_v2.tf_ens_adv_in1k image_model_dir=/root/autodl-tmp/个人项目2/链路预测实验/local_models/image/inception_resnet_v2.tf_ens_adv_in1k kge_scorer=complex
[CONFIG] 2026-04-22 11:56:15 cache_root=/root/autodl-tmp/个人项目2/边类型纯KGE/cache/full cache_session=20260422_115615_mm_kge_complex_albert_inception_resnet_v2_frozen raw_cache_root=/root/autodl-tmp/个人项目2/边类型纯KGE/cache/full/shared_raw
[DATA] 2026-04-22 11:56:17 catalog entities=1706516 art_entities=431773 chunks=85 triples=14297782 relations=353
[DATA] 2026-04-22 11:56:17 splits train=11446322 val=1425779 test=1425681 sample_chunks=0
[EVAL] 2026-04-22 11:56:17 validation_max_triples=50000 final_test_max_triples=FULL
[STAGE] 2026-04-22 11:56:21 image index cache loaded: /root/autodl-tmp/个人项目2/边类型纯KGE/cache/full/image_index/image_index.pkl entries=430969
[STAGE] 2026-04-22 11:56:22 DONE build experiment (7.63s)
[CONFIG] 2026-04-22 11:56:22 training run_dir=/root/autodl-tmp/个人项目2/边类型纯KGE/runs/20260422_115615_mm_kge_complex_albert_inception_resnet_v2_frozen cache_session=20260422_115615_mm_kge_complex_albert_inception_resnet_v2_frozen
[STAGE] 2026-04-22 11:56:22 START prebuild raw caches
[STAGE] 2026-04-22 11:58:58 prebuild text cache: chunk=1/85 missing=20077
[STAGE] 2026-04-22 12:00:44 prebuild text cache: chunk=2/85 missing=20077
[STAGE] 2026-04-22 12:02:59 prebuild text cache: chunk=3/85 missing=20077
[STAGE] 2026-04-22 12:05:15 prebuild text cache: chunk=4/85 missing=20077
[STAGE] 2026-04-22 12:06:50 prebuild text cache: chunk=5/85 missing=20077
[STAGE] 2026-04-22 12:09:04 prebuild text cache: chunk=6/85 missing=20077
[STAGE] 2026-04-22 12:10:48 prebuild text cache: chunk=7/85 missing=20077
[STAGE] 2026-04-22 12:12:47 prebuild text cache: chunk=8/85 missing=20077
[STAGE] 2026-04-22 12:15:23 prebuild text cache: chunk=9/85 missing=20077
[STAGE] 2026-04-22 12:16:57 prebuild text cache: chunk=10/85 missing=20077
[STAGE] 2026-04-22 12:19:09 prebuild text cache: chunk=11/85 missing=20077
[STAGE] 2026-04-22 12:21:29 prebuild text cache: chunk=12/85 missing=20077
[STAGE] 2026-04-22 12:23:07 prebuild text cache: chunk=13/85 missing=20077
[STAGE] 2026-04-22 12:25:22 prebuild text cache: chunk=14/85 missing=20077
[STAGE] 2026-04-22 12:27:09 prebuild text cache: chunk=15/85 missing=20077
[STAGE] 2026-04-22 12:29:02 prebuild text cache: chunk=16/85 missing=20077
[STAGE] 2026-04-22 12:31:36 prebuild text cache: chunk=17/85 missing=20077
[STAGE] 2026-04-22 12:33:16 prebuild text cache: chunk=18/85 missing=20077
[STAGE] 2026-04-22 12:35:22 prebuild text cache: chunk=19/85 missing=20077
[STAGE] 2026-04-22 12:37:38 prebuild text cache: chunk=20/85 missing=20077
[STAGE] 2026-04-22 12:39:24 prebuild text cache: chunk=21/85 missing=20077
[STAGE] 2026-04-22 12:41:57 prebuild text cache: chunk=22/85 missing=20077
[STAGE] 2026-04-22 12:45:07 prebuild text cache: chunk=23/85 missing=20077
[STAGE] 2026-04-22 12:48:24 prebuild text cache: chunk=24/85 missing=20077
[STAGE] 2026-04-22 12:51:31 prebuild text cache: chunk=25/85 missing=20077
[STAGE] 2026-04-22 12:54:49 prebuild text cache: chunk=26/85 missing=20077
[STAGE] 2026-04-22 12:57:56 prebuild text cache: chunk=27/85 missing=20077
[STAGE] 2026-04-22 13:00:44 prebuild text cache: chunk=28/85 missing=20077
[STAGE] 2026-04-22 13:03:27 prebuild text cache: chunk=29/85 missing=20077
[STAGE] 2026-04-22 13:06:22 prebuild text cache: chunk=30/85 missing=20077
[STAGE] 2026-04-22 13:09:20 prebuild text cache: chunk=31/85 missing=20077
[STAGE] 2026-04-22 13:12:01 prebuild text cache: chunk=32/85 missing=20077
[STAGE] 2026-04-22 13:15:15 prebuild text cache: chunk=33/85 missing=20077
[STAGE] 2026-04-22 13:17:53 prebuild text cache: chunk=34/85 missing=20077
[STAGE] 2026-04-22 13:20:58 prebuild text cache: chunk=35/85 missing=20077
[STAGE] 2026-04-22 13:23:50 prebuild text cache: chunk=36/85 missing=20077
[STAGE] 2026-04-22 13:26:36 prebuild text cache: chunk=37/85 missing=20077
[STAGE] 2026-04-22 13:29:53 prebuild text cache: chunk=38/85 missing=20077
[STAGE] 2026-04-22 13:32:29 prebuild text cache: chunk=39/85 missing=20077
[STAGE] 2026-04-22 13:35:38 prebuild text cache: chunk=40/85 missing=20077
[STAGE] 2026-04-22 13:38:22 prebuild text cache: chunk=41/85 missing=20077
[STAGE] 2026-04-22 13:41:18 prebuild text cache: chunk=42/85 missing=20077
[STAGE] 2026-04-22 13:44:11 prebuild text cache: chunk=43/85 missing=20077
[STAGE] 2026-04-22 13:46:53 prebuild text cache: chunk=44/85 missing=20077
[STAGE] 2026-04-22 13:50:06 prebuild text cache: chunk=45/85 missing=20077
[STAGE] 2026-04-22 13:52:43 prebuild text cache: chunk=46/85 missing=20077
[STAGE] 2026-04-22 13:55:33 prebuild text cache: chunk=47/85 missing=20077
[STAGE] 2026-04-22 13:58:33 prebuild text cache: chunk=48/85 missing=20077
[STAGE] 2026-04-22 14:00:47 prebuild text cache: chunk=49/85 missing=20077
[STAGE] 2026-04-22 14:03:28 prebuild text cache: chunk=50/85 missing=20077
[STAGE] 2026-04-22 14:06:09 prebuild text cache: chunk=51/85 missing=20077
[STAGE] 2026-04-22 14:09:14 prebuild text cache: chunk=52/85 missing=20077
[STAGE] 2026-04-22 14:12:13 prebuild text cache: chunk=53/85 missing=20077
[STAGE] 2026-04-22 14:14:22 prebuild text cache: chunk=54/85 missing=20077
[STAGE] 2026-04-22 14:17:00 prebuild text cache: chunk=55/85 missing=20077
[STAGE] 2026-04-22 14:19:41 prebuild text cache: chunk=56/85 missing=20077
[STAGE] 2026-04-22 14:22:49 prebuild text cache: chunk=57/85 missing=20076
[STAGE] 2026-04-22 14:25:43 prebuild text cache: chunk=58/85 missing=20076
[STAGE] 2026-04-22 14:27:54 prebuild text cache: chunk=59/85 missing=20076
[STAGE] 2026-04-22 14:30:33 prebuild text cache: chunk=60/85 missing=20076
[STAGE] 2026-04-22 14:33:14 prebuild text cache: chunk=61/85 missing=20076
[STAGE] 2026-04-22 14:36:23 prebuild text cache: chunk=62/85 missing=20076
[STAGE] 2026-04-22 14:39:08 prebuild text cache: chunk=63/85 missing=20076
[STAGE] 2026-04-22 14:41:23 prebuild text cache: chunk=64/85 missing=20076
[STAGE] 2026-04-22 14:44:02 prebuild text cache: chunk=65/85 missing=20076
[STAGE] 2026-04-22 14:46:53 prebuild text cache: chunk=66/85 missing=20076
[STAGE] 2026-04-22 14:49:58 prebuild text cache: chunk=67/85 missing=20076
[STAGE] 2026-04-22 14:52:22 prebuild text cache: chunk=68/85 missing=20076
[STAGE] 2026-04-22 14:54:53 prebuild text cache: chunk=69/85 missing=20076
[STAGE] 2026-04-22 14:57:33 prebuild text cache: chunk=70/85 missing=20076
[STAGE] 2026-04-22 15:00:33 prebuild text cache: chunk=71/85 missing=20076
[STAGE] 2026-04-22 15:03:37 prebuild text cache: chunk=72/85 missing=20076
[STAGE] 2026-04-22 15:05:51 prebuild text cache: chunk=73/85 missing=20076
[STAGE] 2026-04-22 15:08:30 prebuild text cache: chunk=74/85 missing=20076
[STAGE] 2026-04-22 15:11:09 prebuild text cache: chunk=75/85 missing=20076
[STAGE] 2026-04-22 15:14:13 prebuild text cache: chunk=76/85 missing=20076
[STAGE] 2026-04-22 15:17:14 prebuild text cache: chunk=77/85 missing=20076
[STAGE] 2026-04-22 15:19:28 prebuild text cache: chunk=78/85 missing=20076
[STAGE] 2026-04-22 15:22:07 prebuild text cache: chunk=79/85 missing=20076
[STAGE] 2026-04-22 15:24:47 prebuild text cache: chunk=80/85 missing=20076
[STAGE] 2026-04-22 15:27:56 prebuild text cache: chunk=81/85 missing=20076
[STAGE] 2026-04-22 15:30:51 prebuild text cache: chunk=82/85 missing=20076
[STAGE] 2026-04-22 15:33:03 prebuild text cache: chunk=83/85 missing=20076
[STAGE] 2026-04-22 15:35:42 prebuild text cache: chunk=84/85 missing=20076
[STAGE] 2026-04-22 15:38:18 prebuild text cache: chunk=85/85 missing=20076
[STAGE] 2026-04-22 15:38:18 text cache prebuild done missing=1706516
[STAGE] 2026-04-22 15:39:44 prebuild image raw cache: chunk=1/85 missing=20077
[STAGE] 2026-04-22 15:41:03 prebuild image raw cache: chunk=2/85 missing=20077
[STAGE] 2026-04-22 15:42:19 prebuild image raw cache: chunk=3/85 missing=20076
[STAGE] 2026-04-22 15:43:35 prebuild image raw cache: chunk=4/85 missing=20077
[STAGE] 2026-04-22 15:44:48 prebuild image raw cache: chunk=5/85 missing=20076
[STAGE] 2026-04-22 15:46:00 prebuild image raw cache: chunk=6/85 missing=20076
[STAGE] 2026-04-22 15:47:14 prebuild image raw cache: chunk=7/85 missing=20077
[STAGE] 2026-04-22 15:48:28 prebuild image raw cache: chunk=8/85 missing=20076
[STAGE] 2026-04-22 15:49:40 prebuild image raw cache: chunk=9/85 missing=20076
[STAGE] 2026-04-22 15:50:53 prebuild image raw cache: chunk=10/85 missing=20077
[STAGE] 2026-04-22 15:52:07 prebuild image raw cache: chunk=11/85 missing=20076
[STAGE] 2026-04-22 15:53:23 prebuild image raw cache: chunk=12/85 missing=20077
[STAGE] 2026-04-22 15:54:38 prebuild image raw cache: chunk=13/85 missing=20076
[STAGE] 2026-04-22 15:55:54 prebuild image raw cache: chunk=14/85 missing=20077
[STAGE] 2026-04-22 15:57:06 prebuild image raw cache: chunk=15/85 missing=20076
[STAGE] 2026-04-22 15:58:17 prebuild image raw cache: chunk=16/85 missing=20077
[STAGE] 2026-04-22 15:59:28 prebuild image raw cache: chunk=17/85 missing=20075
[STAGE] 2026-04-22 16:00:39 prebuild image raw cache: chunk=18/85 missing=20077
[STAGE] 2026-04-22 16:01:54 prebuild image raw cache: chunk=19/85 missing=20074
[STAGE] 2026-04-22 16:03:06 prebuild image raw cache: chunk=20/85 missing=20077
[STAGE] 2026-04-22 16:04:19 prebuild image raw cache: chunk=21/85 missing=20077
[STAGE] 2026-04-22 16:04:55 prebuild image raw cache: chunk=22/85 missing=18029
[STAGE] 2026-04-22 16:05:25 image raw cache prebuild done missing=847340 loaded=430883
[STAGE] 2026-04-22 16:05:25 DONE prebuild raw caches (14942.43s)
[STAGE] 2026-04-22 16:05:25 START train
[STAGE] 2026-04-22 16:05:25 epoch start epoch=1/3 steps_per_epoch=22357 global_step=0/67071
[TRAIN] 2026-04-22 16:05:27 step=1/67071 (0.00%) epoch=1/3 epoch_step=1/22357 (0.00%) loss=0.693239 lr=4.00001e-05 elapsed=00:03 eta=50:54:39 val_mrr=NA
[TRAIN] 2026-04-22 16:05:28 step=2/67071 (0.00%) epoch=1/3 epoch_step=2/22357 (0.01%) loss=0.693112 lr=4.00002e-05 elapsed=00:03 eta=32:02:03 val_mrr=NA
[TRAIN] 2026-04-22 16:05:28 step=3/67071 (0.00%) epoch=1/3 epoch_step=3/22357 (0.01%) loss=0.693130 lr=4.00005e-05 elapsed=00:04 eta=23:53:55 val_mrr=NA
[TRAIN] 2026-04-22 16:05:29 step=4/67071 (0.01%) epoch=1/3 epoch_step=4/22357 (0.02%) loss=0.692948 lr=4.00008e-05 elapsed=00:04 eta=19:22:47 val_mrr=NA
[TRAIN] 2026-04-22 16:05:29 step=5/67071 (0.01%) epoch=1/3 epoch_step=5/22357 (0.02%) loss=0.693005 lr=4.00013e-05 elapsed=00:04 eta=16:21:52 val_mrr=NA
[TRAIN] 2026-04-22 16:05:30 step=10/67071 (0.01%) epoch=1/3 epoch_step=10/22357 (0.04%) loss=0.692689 lr=4.00053e-05 elapsed=00:05 eta=09:51:30 val_mrr=NA
[TRAIN] 2026-04-22 16:05:31 step=20/67071 (0.03%) epoch=1/3 epoch_step=20/22357 (0.09%) loss=0.691557 lr=4.00211e-05 elapsed=00:07 eta=06:21:36 val_mrr=NA
[TRAIN] 2026-04-22 16:05:33 step=30/67071 (0.04%) epoch=1/3 epoch_step=30/22357 (0.13%) loss=0.689838 lr=4.00474e-05 elapsed=00:08 eta=05:05:13 val_mrr=NA
[TRAIN] 2026-04-22 16:05:34 step=40/67071 (0.06%) epoch=1/3 epoch_step=40/22357 (0.18%) loss=0.685973 lr=4.00843e-05 elapsed=00:10 eta=04:28:05 val_mrr=NA
[TRAIN] 2026-04-22 16:05:36 step=50/67071 (0.07%) epoch=1/3 epoch_step=50/22357 (0.22%) loss=0.677218 lr=4.01317e-05 elapsed=00:11 eta=04:04:51 val_mrr=NA
[TRAIN] 2026-04-22 16:05:37 step=60/67071 (0.09%) epoch=1/3 epoch_step=60/22357 (0.27%) loss=0.662812 lr=4.01896e-05 elapsed=00:13 eta=03:59:12 val_mrr=NA
[TRAIN] 2026-04-22 16:05:39 step=70/67071 (0.10%) epoch=1/3 epoch_step=70/22357 (0.31%) loss=0.655757 lr=4.02581e-05 elapsed=00:14 eta=03:46:35 val_mrr=NA
[TRAIN] 2026-04-22 16:05:40 step=80/67071 (0.12%) epoch=1/3 epoch_step=80/22357 (0.36%) loss=0.632608 lr=4.03371e-05 elapsed=00:16 eta=03:38:12 val_mrr=NA
[TRAIN] 2026-04-22 16:05:42 step=90/67071 (0.13%) epoch=1/3 epoch_step=90/22357 (0.40%) loss=0.643246 lr=4.04266e-05 elapsed=00:17 eta=03:32:14 val_mrr=NA
[TRAIN] 2026-04-22 16:05:44 step=100/67071 (0.15%) epoch=1/3 epoch_step=100/22357 (0.45%) loss=0.619739 lr=4.05266e-05 elapsed=00:19 eta=03:31:06 val_mrr=NA
[TRAIN] 2026-04-22 16:05:45 step=110/67071 (0.16%) epoch=1/3 epoch_step=110/22357 (0.49%) loss=0.618854 lr=4.06372e-05 elapsed=00:20 eta=03:25:20 val_mrr=NA
[TRAIN] 2026-04-22 16:05:46 step=120/67071 (0.18%) epoch=1/3 epoch_step=120/22357 (0.54%) loss=0.601751 lr=4.07583e-05 elapsed=00:22 eta=03:20:51 val_mrr=NA
[TRAIN] 2026-04-22 16:05:48 step=130/67071 (0.19%) epoch=1/3 epoch_step=130/22357 (0.58%) loss=0.609078 lr=4.08899e-05 elapsed=00:23 eta=03:16:36 val_mrr=NA
[TRAIN] 2026-04-22 16:05:49 step=140/67071 (0.21%) epoch=1/3 epoch_step=140/22357 (0.63%) loss=0.601174 lr=4.1032e-05 elapsed=00:24 eta=03:13:15 val_mrr=NA
[TRAIN] 2026-04-22 16:05:50 step=150/67071 (0.22%) epoch=1/3 epoch_step=150/22357 (0.67%) loss=0.592612 lr=4.11846e-05 elapsed=00:26 eta=03:10:26 val_mrr=NA
[TRAIN] 2026-04-22 16:05:52 step=160/67071 (0.24%) epoch=1/3 epoch_step=160/22357 (0.72%) loss=0.596603 lr=4.13477e-05 elapsed=00:27 eta=03:09:06 val_mrr=NA
[TRAIN] 2026-04-22 16:05:54 step=170/67071 (0.25%) epoch=1/3 epoch_step=170/22357 (0.76%) loss=0.571974 lr=4.15214e-05 elapsed=00:29 eta=03:11:33 val_mrr=NA
[TRAIN] 2026-04-22 16:05:55 step=180/67071 (0.27%) epoch=1/3 epoch_step=180/22357 (0.81%) loss=0.582981 lr=4.17055e-05 elapsed=00:31 eta=03:10:27 val_mrr=NA
[TRAIN] 2026-04-22 16:05:57 step=190/67071 (0.28%) epoch=1/3 epoch_step=190/22357 (0.85%) loss=0.575134 lr=4.19002e-05 elapsed=00:32 eta=03:09:24 val_mrr=NA
[TRAIN] 2026-04-22 16:05:59 step=200/67071 (0.30%) epoch=1/3 epoch_step=200/22357 (0.89%) loss=0.551192 lr=4.21053e-05 elapsed=00:35 eta=03:13:19 val_mrr=NA
[TRAIN] 2026-04-22 16:06:01 step=210/67071 (0.31%) epoch=1/3 epoch_step=210/22357 (0.94%) loss=0.570116 lr=4.23209e-05 elapsed=00:36 eta=03:12:01 val_mrr=NA
[TRAIN] 2026-04-22 16:06:02 step=220/67071 (0.33%) epoch=1/3 epoch_step=220/22357 (0.98%) loss=0.556691 lr=4.2547e-05 elapsed=00:38 eta=03:10:45 val_mrr=NA
[TRAIN] 2026-04-22 16:06:04 step=230/67071 (0.34%) epoch=1/3 epoch_step=230/22357 (1.03%) loss=0.526420 lr=4.27836e-05 elapsed=00:39 eta=03:09:27 val_mrr=NA
[TRAIN] 2026-04-22 16:06:05 step=240/67071 (0.36%) epoch=1/3 epoch_step=240/22357 (1.07%) loss=0.563928 lr=4.30307e-05 elapsed=00:41 eta=03:08:19 val_mrr=NA
[TRAIN] 2026-04-22 16:06:07 step=250/67071 (0.37%) epoch=1/3 epoch_step=250/22357 (1.12%) loss=0.563134 lr=4.32882e-05 elapsed=00:42 eta=03:06:59 val_mrr=NA
[TRAIN] 2026-04-22 16:06:08 step=260/67071 (0.39%) epoch=1/3 epoch_step=260/22357 (1.16%) loss=0.547639 lr=4.35562e-05 elapsed=00:43 eta=03:05:40 val_mrr=NA
[TRAIN] 2026-04-22 16:06:10 step=270/67071 (0.40%) epoch=1/3 epoch_step=270/22357 (1.21%) loss=0.550212 lr=4.38346e-05 elapsed=00:45 eta=03:06:51 val_mrr=NA
[TRAIN] 2026-04-22 16:06:11 step=280/67071 (0.42%) epoch=1/3 epoch_step=280/22357 (1.25%) loss=0.542501 lr=4.41235e-05 elapsed=00:47 eta=03:05:52 val_mrr=NA
[TRAIN] 2026-04-22 16:06:13 step=290/67071 (0.43%) epoch=1/3 epoch_step=290/22357 (1.30%) loss=0.541738 lr=4.44228e-05 elapsed=00:48 eta=03:04:47 val_mrr=NA
[TRAIN] 2026-04-22 16:06:15 step=300/67071 (0.45%) epoch=1/3 epoch_step=300/22357 (1.34%) loss=0.551303 lr=4.47326e-05 elapsed=00:50 eta=03:06:13 val_mrr=NA
[TRAIN] 2026-04-22 16:06:16 step=310/67071 (0.46%) epoch=1/3 epoch_step=310/22357 (1.39%) loss=0.530661 lr=4.50528e-05 elapsed=00:52 eta=03:04:51 val_mrr=NA
[TRAIN] 2026-04-22 16:06:17 step=320/67071 (0.48%) epoch=1/3 epoch_step=320/22357 (1.43%) loss=0.540908 lr=4.53834e-05 elapsed=00:53 eta=03:03:38 val_mrr=NA
[TRAIN] 2026-04-22 16:06:19 step=330/67071 (0.49%) epoch=1/3 epoch_step=330/22357 (1.48%) loss=0.541605 lr=4.57244e-05 elapsed=00:54 eta=03:02:30 val_mrr=NA
[TRAIN] 2026-04-22 16:06:20 step=340/67071 (0.51%) epoch=1/3 epoch_step=340/22357 (1.52%) loss=0.516646 lr=4.60759e-05 elapsed=00:55 eta=03:01:19 val_mrr=NA
[TRAIN] 2026-04-22 16:06:21 step=350/67071 (0.52%) epoch=1/3 epoch_step=350/22357 (1.57%) loss=0.553736 lr=4.64377e-05 elapsed=00:57 eta=03:00:17 val_mrr=NA
[TRAIN] 2026-04-22 16:06:23 step=360/67071 (0.54%) epoch=1/3 epoch_step=360/22357 (1.61%) loss=0.537681 lr=4.681e-05 elapsed=00:58 eta=02:59:17 val_mrr=NA
[TRAIN] 2026-04-22 16:06:24 step=370/67071 (0.55%) epoch=1/3 epoch_step=370/22357 (1.65%) loss=0.527815 lr=4.71926e-05 elapsed=01:00 eta=02:59:40 val_mrr=NA
[TRAIN] 2026-04-22 16:06:26 step=380/67071 (0.57%) epoch=1/3 epoch_step=380/22357 (1.70%) loss=0.529130 lr=4.75856e-05 elapsed=01:01 eta=02:58:45 val_mrr=NA
[TRAIN] 2026-04-22 16:06:27 step=390/67071 (0.58%) epoch=1/3 epoch_step=390/22357 (1.74%) loss=0.519874 lr=4.7989e-05 elapsed=01:03 eta=02:58:09 val_mrr=NA
[TRAIN] 2026-04-22 16:06:29 step=400/67071 (0.60%) epoch=1/3 epoch_step=400/22357 (1.79%) loss=0.536820 lr=4.84027e-05 elapsed=01:04 eta=02:59:10 val_mrr=NA
[TRAIN] 2026-04-22 16:06:31 step=410/67071 (0.61%) epoch=1/3 epoch_step=410/22357 (1.83%) loss=0.508106 lr=4.88268e-05 elapsed=01:06 eta=02:58:51 val_mrr=NA
[TRAIN] 2026-04-22 16:06:32 step=420/67071 (0.63%) epoch=1/3 epoch_step=420/22357 (1.88%) loss=0.510643 lr=4.92612e-05 elapsed=01:07 eta=02:58:15 val_mrr=NA
[TRAIN] 2026-04-22 16:06:33 step=430/67071 (0.64%) epoch=1/3 epoch_step=430/22357 (1.92%) loss=0.514783 lr=4.9706e-05 elapsed=01:09 eta=02:57:45 val_mrr=NA
[TRAIN] 2026-04-22 16:06:35 step=440/67071 (0.66%) epoch=1/3 epoch_step=440/22357 (1.97%) loss=0.525718 lr=5.0161e-05 elapsed=01:10 eta=02:57:05 val_mrr=NA
[TRAIN] 2026-04-22 16:06:36 step=450/67071 (0.67%) epoch=1/3 epoch_step=450/22357 (2.01%) loss=0.501683 lr=5.06264e-05 elapsed=01:11 eta=02:56:24 val_mrr=NA
[TRAIN] 2026-04-22 16:06:37 step=460/67071 (0.69%) epoch=1/3 epoch_step=460/22357 (2.06%) loss=0.510193 lr=5.11021e-05 elapsed=01:13 eta=02:55:53 val_mrr=NA
[TRAIN] 2026-04-22 16:06:39 step=470/67071 (0.70%) epoch=1/3 epoch_step=470/22357 (2.10%) loss=0.503206 lr=5.15881e-05 elapsed=01:14 eta=02:55:44 val_mrr=NA
[TRAIN] 2026-04-22 16:06:41 step=480/67071 (0.72%) epoch=1/3 epoch_step=480/22357 (2.15%) loss=0.495113 lr=5.20843e-05 elapsed=01:16 eta=02:56:21 val_mrr=NA
[TRAIN] 2026-04-22 16:06:42 step=490/67071 (0.73%) epoch=1/3 epoch_step=490/22357 (2.19%) loss=0.532220 lr=5.25909e-05 elapsed=01:18 eta=02:55:43 val_mrr=NA
[STAGE] 2026-04-22 16:06:44 val prep subsets global=50000 art_art=1986 art_any=50000
[STAGE] 2026-04-22 16:06:44 val prep negatives global=50000 art_art=1986 art_any=50000
[STAGE] 2026-04-22 16:06:44 val prep unique_entities=136259
[STAGE] 2026-04-22 16:06:48 val prep entity_bank_ready unique_entities=136259 emb_dim=512
[STAGE] 2026-04-22 16:06:48 val start step=500 epoch=0 task=relation_ranking subset=global triples=50000 batches=98 eval_batch_size=512
[STAGE] 2026-04-22 16:06:50 val start step=500 epoch=0 task=triple_scoring subset=global triples=50000 batches=98 eval_batch_size=512
[STAGE] 2026-04-22 16:06:50 val start step=500 epoch=0 task=relation_ranking subset=art_art triples=1986 batches=4 eval_batch_size=512
[STAGE] 2026-04-22 16:06:50 val start step=500 epoch=0 task=triple_scoring subset=art_art triples=1986 batches=4 eval_batch_size=512
[STAGE] 2026-04-22 16:06:50 val start step=500 epoch=0 task=relation_ranking subset=art_any triples=50000 batches=98 eval_batch_size=512
[STAGE] 2026-04-22 16:06:52 val start step=500 epoch=0 task=triple_scoring subset=art_any triples=50000 batches=98 eval_batch_size=512
[VAL] 2026-04-22 16:06:52 step=500 epoch=0 mrr=0.092177 aucpr=0.864655 art_art_mrr=0.009639 art_art_aucpr=0.544556 art_any_mrr=0.092177 art_any_aucpr=0.674545
[TRAIN] 2026-04-22 16:06:54 step=500/67071 (0.75%) epoch=1/3 epoch_step=500/22357 (2.24%) loss=0.524695 lr=5.31076e-05 elapsed=01:29 eta=03:17:22 val_mrr=0.092177
[TRAIN] 2026-04-22 16:06:55 step=510/67071 (0.76%) epoch=1/3 epoch_step=510/22357 (2.28%) loss=0.499199 lr=5.36347e-05 elapsed=01:30 eta=03:16:41 val_mrr=0.092177
[TRAIN] 2026-04-22 16:06:57 step=520/67071 (0.78%) epoch=1/3 epoch_step=520/22357 (2.33%) loss=0.491153 lr=5.41719e-05 elapsed=01:32 eta=03:16:09 val_mrr=0.092177
[TRAIN] 2026-04-22 16:06:58 step=530/67071 (0.79%) epoch=1/3 epoch_step=530/22357 (2.37%) loss=0.506794 lr=5.47194e-05 elapsed=01:33 eta=03:15:09 val_mrr=0.092177
[TRAIN] 2026-04-22 16:06:59 step=540/67071 (0.81%) epoch=1/3 epoch_step=540/22357 (2.42%) loss=0.488810 lr=5.52771e-05 elapsed=01:35 eta=03:14:15 val_mrr=0.092177
[TRAIN] 2026-04-22 16:07:01 step=550/67071 (0.82%) epoch=1/3 epoch_step=550/22357 (2.46%) loss=0.501310 lr=5.5845e-05 elapsed=01:36 eta=03:13:37 val_mrr=0.092177
[TRAIN] 2026-04-22 16:07:02 step=560/67071 (0.83%) epoch=1/3 epoch_step=560/22357 (2.50%) loss=0.489239 lr=5.64231e-05 elapsed=01:37 eta=03:12:56 val_mrr=0.092177
[TRAIN] 2026-04-22 16:07:04 step=570/67071 (0.85%) epoch=1/3 epoch_step=570/22357 (2.55%) loss=0.501506 lr=5.70113e-05 elapsed=01:39 eta=03:13:02 val_mrr=0.092177
[TRAIN] 2026-04-22 16:07:05 step=580/67071 (0.86%) epoch=1/3 epoch_step=580/22357 (2.59%) loss=0.486517 lr=5.76098e-05 elapsed=01:41 eta=03:12:21 val_mrr=0.092177
[TRAIN] 2026-04-22 16:07:07 step=590/67071 (0.88%) epoch=1/3 epoch_step=590/22357 (2.64%) loss=0.501960 lr=5.82183e-05 elapsed=01:42 eta=03:11:37 val_mrr=0.092177
[TRAIN] 2026-04-22 16:07:09 step=600/67071 (0.89%) epoch=1/3 epoch_step=600/22357 (2.68%) loss=0.519632 lr=5.8837e-05 elapsed=01:44 eta=03:12:12 val_mrr=0.092177
[TRAIN] 2026-04-22 16:07:10 step=610/67071 (0.91%) epoch=1/3 epoch_step=610/22357 (2.73%) loss=0.492694 lr=5.94658e-05 elapsed=01:45 eta=03:11:34 val_mrr=0.092177
[TRAIN] 2026-04-22 16:07:12 step=620/67071 (0.92%) epoch=1/3 epoch_step=620/22357 (2.77%) loss=0.474368 lr=6.01048e-05 elapsed=01:47 eta=03:11:03 val_mrr=0.092177
[TRAIN] 2026-04-22 16:07:13 step=630/67071 (0.94%) epoch=1/3 epoch_step=630/22357 (2.82%) loss=0.481616 lr=6.07538e-05 elapsed=01:48 eta=03:10:28 val_mrr=0.092177
[TRAIN] 2026-04-22 16:07:14 step=640/67071 (0.95%) epoch=1/3 epoch_step=640/22357 (2.86%) loss=0.520310 lr=6.14129e-05 elapsed=01:50 eta=03:09:49 val_mrr=0.092177
[TRAIN] 2026-04-22 16:07:16 step=650/67071 (0.97%) epoch=1/3 epoch_step=650/22357 (2.91%) loss=0.476074 lr=6.2082e-05 elapsed=01:51 eta=03:09:15 val_mrr=0.092177
[TRAIN] 2026-04-22 16:07:17 step=660/67071 (0.98%) epoch=1/3 epoch_step=660/22357 (2.95%) loss=0.501506 lr=6.27613e-05 elapsed=01:53 eta=03:08:55 val_mrr=0.092177
[TRAIN] 2026-04-22 16:07:19 step=670/67071 (1.00%) epoch=1/3 epoch_step=670/22357 (3.00%) loss=0.485192 lr=6.34505e-05 elapsed=01:54 eta=03:08:12 val_mrr=0.092177
[TRAIN] 2026-04-22 16:07:20 step=680/67071 (1.01%) epoch=1/3 epoch_step=680/22357 (3.04%) loss=0.480986 lr=6.41498e-05 elapsed=01:56 eta=03:08:27 val_mrr=0.092177
[TRAIN] 2026-04-22 16:07:22 step=690/67071 (1.03%) epoch=1/3 epoch_step=690/22357 (3.09%) loss=0.492657 lr=6.4859e-05 elapsed=01:57 eta=03:07:52 val_mrr=0.092177
[TRAIN] 2026-04-22 16:07:24 step=700/67071 (1.04%) epoch=1/3 epoch_step=700/22357 (3.13%) loss=0.458797 lr=6.55783e-05 elapsed=01:59 eta=03:08:35 val_mrr=0.092177
[TRAIN] 2026-04-22 16:07:25 step=710/67071 (1.06%) epoch=1/3 epoch_step=710/22357 (3.18%) loss=0.472412 lr=6.63075e-05 elapsed=02:01 eta=03:08:00 val_mrr=0.092177
[TRAIN] 2026-04-22 16:07:27 step=720/67071 (1.07%) epoch=1/3 epoch_step=720/22357 (3.22%) loss=0.467779 lr=6.70467e-05 elapsed=02:02 eta=03:07:28 val_mrr=0.092177
[TRAIN] 2026-04-22 16:07:28 step=730/67071 (1.09%) epoch=1/3 epoch_step=730/22357 (3.27%) loss=0.454585 lr=6.77958e-05 elapsed=02:03 eta=03:06:54 val_mrr=0.092177
[TRAIN] 2026-04-22 16:07:29 step=740/67071 (1.10%) epoch=1/3 epoch_step=740/22357 (3.31%) loss=0.480538 lr=6.85549e-05 elapsed=02:05 eta=03:06:28 val_mrr=0.092177
[TRAIN] 2026-04-22 16:07:31 step=750/67071 (1.12%) epoch=1/3 epoch_step=750/22357 (3.35%) loss=0.453105 lr=6.93239e-05 elapsed=02:06 eta=03:06:03 val_mrr=0.092177
[TRAIN] 2026-04-22 16:07:32 step=760/67071 (1.13%) epoch=1/3 epoch_step=760/22357 (3.40%) loss=0.475826 lr=7.01027e-05 elapsed=02:08 eta=03:05:34 val_mrr=0.092177
[TRAIN] 2026-04-22 16:07:34 step=770/67071 (1.15%) epoch=1/3 epoch_step=770/22357 (3.44%) loss=0.446570 lr=7.08914e-05 elapsed=02:09 eta=03:05:07 val_mrr=0.092177
[TRAIN] 2026-04-22 16:07:35 step=780/67071 (1.16%) epoch=1/3 epoch_step=780/22357 (3.49%) loss=0.442966 lr=7.169e-05 elapsed=02:11 eta=03:05:12 val_mrr=0.092177
[TRAIN] 2026-04-22 16:07:37 step=790/67071 (1.18%) epoch=1/3 epoch_step=790/22357 (3.53%) loss=0.459644 lr=7.24984e-05 elapsed=02:12 eta=03:04:43 val_mrr=0.092177
[TRAIN] 2026-04-22 16:07:39 step=800/67071 (1.19%) epoch=1/3 epoch_step=800/22357 (3.58%) loss=0.436555 lr=7.33167e-05 elapsed=02:14 eta=03:05:15 val_mrr=0.092177
[TRAIN] 2026-04-22 16:07:40 step=810/67071 (1.21%) epoch=1/3 epoch_step=810/22357 (3.62%) loss=0.438128 lr=7.41447e-05 elapsed=02:16 eta=03:04:49 val_mrr=0.092177
[TRAIN] 2026-04-22 16:07:42 step=820/67071 (1.22%) epoch=1/3 epoch_step=820/22357 (3.67%) loss=0.460715 lr=7.49825e-05 elapsed=02:17 eta=03:04:20 val_mrr=0.092177
[TRAIN] 2026-04-22 16:07:43 step=830/67071 (1.24%) epoch=1/3 epoch_step=830/22357 (3.71%) loss=0.428139 lr=7.58301e-05 elapsed=02:18 eta=03:03:55 val_mrr=0.092177
[TRAIN] 2026-04-22 16:07:44 step=840/67071 (1.25%) epoch=1/3 epoch_step=840/22357 (3.76%) loss=0.446353 lr=7.66875e-05 elapsed=02:20 eta=03:03:32 val_mrr=0.092177
[TRAIN] 2026-04-22 16:07:46 step=850/67071 (1.27%) epoch=1/3 epoch_step=850/22357 (3.80%) loss=0.454433 lr=7.75546e-05 elapsed=02:21 eta=03:03:15 val_mrr=0.092177
[TRAIN] 2026-04-22 16:07:47 step=860/67071 (1.28%) epoch=1/3 epoch_step=860/22357 (3.85%) loss=0.447463 lr=7.84313e-05 elapsed=02:23 eta=03:02:53 val_mrr=0.092177
[TRAIN] 2026-04-22 16:07:49 step=870/67071 (1.30%) epoch=1/3 epoch_step=870/22357 (3.89%) loss=0.436797 lr=7.93178e-05 elapsed=02:24 eta=03:02:32 val_mrr=0.092177
[TRAIN] 2026-04-22 16:07:50 step=880/67071 (1.31%) epoch=1/3 epoch_step=880/22357 (3.94%) loss=0.454020 lr=8.0214e-05 elapsed=02:25 eta=03:02:10 val_mrr=0.092177
[TRAIN] 2026-04-22 16:07:52 step=890/67071 (1.33%) epoch=1/3 epoch_step=890/22357 (3.98%) loss=0.441312 lr=8.11198e-05 elapsed=02:27 eta=03:02:22 val_mrr=0.092177
[TRAIN] 2026-04-22 16:07:54 step=900/67071 (1.34%) epoch=1/3 epoch_step=900/22357 (4.03%) loss=0.443799 lr=8.20352e-05 elapsed=02:29 eta=03:02:58 val_mrr=0.092177
[TRAIN] 2026-04-22 16:07:55 step=910/67071 (1.36%) epoch=1/3 epoch_step=910/22357 (4.07%) loss=0.438274 lr=8.29602e-05 elapsed=02:31 eta=03:02:35 val_mrr=0.092177
[TRAIN] 2026-04-22 16:07:57 step=920/67071 (1.37%) epoch=1/3 epoch_step=920/22357 (4.12%) loss=0.459473 lr=8.38948e-05 elapsed=02:32 eta=03:02:13 val_mrr=0.092177
[TRAIN] 2026-04-22 16:07:58 step=930/67071 (1.39%) epoch=1/3 epoch_step=930/22357 (4.16%) loss=0.436183 lr=8.4839e-05 elapsed=02:33 eta=03:01:54 val_mrr=0.092177
[TRAIN] 2026-04-22 16:07:59 step=940/67071 (1.40%) epoch=1/3 epoch_step=940/22357 (4.20%) loss=0.409853 lr=8.57928e-05 elapsed=02:35 eta=03:01:29 val_mrr=0.092177
[TRAIN] 2026-04-22 16:08:01 step=950/67071 (1.42%) epoch=1/3 epoch_step=950/22357 (4.25%) loss=0.415962 lr=8.67561e-05 elapsed=02:36 eta=03:01:08 val_mrr=0.092177
[TRAIN] 2026-04-22 16:08:02 step=960/67071 (1.43%) epoch=1/3 epoch_step=960/22357 (4.29%) loss=0.411022 lr=8.77289e-05 elapsed=02:38 eta=03:00:50 val_mrr=0.092177
[TRAIN] 2026-04-22 16:08:04 step=970/67071 (1.45%) epoch=1/3 epoch_step=970/22357 (4.34%) loss=0.433154 lr=8.87111e-05 elapsed=02:39 eta=03:00:41 val_mrr=0.092177
[TRAIN] 2026-04-22 16:08:05 step=980/67071 (1.46%) epoch=1/3 epoch_step=980/22357 (4.38%) loss=0.399634 lr=8.97029e-05 elapsed=02:40 eta=03:00:21 val_mrr=0.092177
[TRAIN] 2026-04-22 16:08:07 step=990/67071 (1.48%) epoch=1/3 epoch_step=990/22357 (4.43%) loss=0.419773 lr=9.07041e-05 elapsed=02:42 eta=03:00:07 val_mrr=0.092177
[STAGE] 2026-04-22 16:08:09 val prep subsets global=50000 art_art=1986 art_any=50000
[STAGE] 2026-04-22 16:08:09 val prep negatives global=50000 art_art=1986 art_any=50000
[STAGE] 2026-04-22 16:08:09 val prep unique_entities=136196
[STAGE] 2026-04-22 16:08:13 val prep entity_bank_ready unique_entities=136196 emb_dim=512
[STAGE] 2026-04-22 16:08:13 val start step=1000 epoch=0 task=relation_ranking subset=global triples=50000 batches=98 eval_batch_size=512
[STAGE] 2026-04-22 16:08:14 val start step=1000 epoch=0 task=triple_scoring subset=global triples=50000 batches=98 eval_batch_size=512
[STAGE] 2026-04-22 16:08:15 val start step=1000 epoch=0 task=relation_ranking subset=art_art triples=1986 batches=4 eval_batch_size=512
[STAGE] 2026-04-22 16:08:15 val start step=1000 epoch=0 task=triple_scoring subset=art_art triples=1986 batches=4 eval_batch_size=512
[STAGE] 2026-04-22 16:08:15 val start step=1000 epoch=0 task=relation_ranking subset=art_any triples=50000 batches=98 eval_batch_size=512
[STAGE] 2026-04-22 16:08:17 val start step=1000 epoch=0 task=triple_scoring subset=art_any triples=50000 batches=98 eval_batch_size=512
[VAL] 2026-04-22 16:08:17 step=1000 epoch=0 mrr=0.185820 aucpr=0.884241 art_art_mrr=0.025440 art_art_aucpr=0.603434 art_any_mrr=0.185825 art_any_aucpr=0.686853
[TRAIN] 2026-04-22 16:08:18 step=1000/67071 (1.49%) epoch=1/3 epoch_step=1000/22357 (4.47%) loss=0.386804 lr=9.17147e-05 elapsed=02:54 eta=03:11:28 val_mrr=0.185820
[TRAIN] 2026-04-22 16:08:20 step=1010/67071 (1.51%) epoch=1/3 epoch_step=1010/22357 (4.52%) loss=0.408689 lr=9.27347e-05 elapsed=02:55 eta=03:11:10 val_mrr=0.185820
[TRAIN] 2026-04-22 16:08:21 step=1020/67071 (1.52%) epoch=1/3 epoch_step=1020/22357 (4.56%) loss=0.404473 lr=9.37641e-05 elapsed=02:57 eta=03:10:44 val_mrr=0.185820
[TRAIN] 2026-04-22 16:08:23 step=1030/67071 (1.54%) epoch=1/3 epoch_step=1030/22357 (4.61%) loss=0.413124 lr=9.48028e-05 elapsed=02:58 eta=03:10:23 val_mrr=0.185820
[TRAIN] 2026-04-22 16:08:24 step=1040/67071 (1.55%) epoch=1/3 epoch_step=1040/22357 (4.65%) loss=0.426300 lr=9.58509e-05 elapsed=03:00 eta=03:10:01 val_mrr=0.185820
[TRAIN] 2026-04-22 16:08:26 step=1050/67071 (1.57%) epoch=1/3 epoch_step=1050/22357 (4.70%) loss=0.397398 lr=9.69082e-05 elapsed=03:01 eta=03:09:40 val_mrr=0.185820
[TRAIN] 2026-04-22 16:08:27 step=1060/67071 (1.58%) epoch=1/3 epoch_step=1060/22357 (4.74%) loss=0.370885 lr=9.79749e-05 elapsed=03:02 eta=03:09:16 val_mrr=0.185820
[TRAIN] 2026-04-22 16:08:28 step=1070/67071 (1.60%) epoch=1/3 epoch_step=1070/22357 (4.79%) loss=0.409881 lr=9.90508e-05 elapsed=03:04 eta=03:08:56 val_mrr=0.185820
[TRAIN] 2026-04-22 16:08:30 step=1080/67071 (1.61%) epoch=1/3 epoch_step=1080/22357 (4.83%) loss=0.407879 lr=0.000100136 elapsed=03:05 eta=03:08:36 val_mrr=0.185820
[TRAIN] 2026-04-22 16:08:31 step=1090/67071 (1.63%) epoch=1/3 epoch_step=1090/22357 (4.88%) loss=0.399990 lr=0.00010123 elapsed=03:07 eta=03:08:11 val_mrr=0.185820
[TRAIN] 2026-04-22 16:08:34 step=1100/67071 (1.64%) epoch=1/3 epoch_step=1100/22357 (4.92%) loss=0.400891 lr=0.000102334 elapsed=03:09 eta=03:09:08 val_mrr=0.185820
[TRAIN] 2026-04-22 16:08:35 step=1110/67071 (1.65%) epoch=1/3 epoch_step=1110/22357 (4.96%) loss=0.397567 lr=0.000103447 elapsed=03:11 eta=03:08:53 val_mrr=0.185820
[TRAIN] 2026-04-22 16:08:37 step=1120/67071 (1.67%) epoch=1/3 epoch_step=1120/22357 (5.01%) loss=0.385545 lr=0.000104569 elapsed=03:12 eta=03:08:29 val_mrr=0.185820
[TRAIN] 2026-04-22 16:08:38 step=1130/67071 (1.68%) epoch=1/3 epoch_step=1130/22357 (5.05%) loss=0.387237 lr=0.0001057 elapsed=03:13 eta=03:08:08 val_mrr=0.185820
[TRAIN] 2026-04-22 16:08:39 step=1140/67071 (1.70%) epoch=1/3 epoch_step=1140/22357 (5.10%) loss=0.387641 lr=0.00010684 elapsed=03:15 eta=03:07:46 val_mrr=0.185820
[TRAIN] 2026-04-22 16:08:41 step=1150/67071 (1.71%) epoch=1/3 epoch_step=1150/22357 (5.14%) loss=0.367329 lr=0.000107989 elapsed=03:16 eta=03:07:24 val_mrr=0.185820
[TRAIN] 2026-04-22 16:08:42 step=1160/67071 (1.73%) epoch=1/3 epoch_step=1160/22357 (5.19%) loss=0.389523 lr=0.000109147 elapsed=03:17 eta=03:06:59 val_mrr=0.185820
[TRAIN] 2026-04-22 16:08:43 step=1170/67071 (1.74%) epoch=1/3 epoch_step=1170/22357 (5.23%) loss=0.369615 lr=0.000110314 elapsed=03:19 eta=03:06:37 val_mrr=0.185820
[TRAIN] 2026-04-22 16:08:45 step=1180/67071 (1.76%) epoch=1/3 epoch_step=1180/22357 (5.28%) loss=0.391976 lr=0.00011149 elapsed=03:20 eta=03:06:17 val_mrr=0.185820
[TRAIN] 2026-04-22 16:08:46 step=1190/67071 (1.77%) epoch=1/3 epoch_step=1190/22357 (5.32%) loss=0.381956 lr=0.000112676 elapsed=03:22 eta=03:05:57 val_mrr=0.185820
[TRAIN] 2026-04-22 16:08:49 step=1200/67071 (1.79%) epoch=1/3 epoch_step=1200/22357 (5.37%) loss=0.355617 lr=0.00011387 elapsed=03:24 eta=03:06:43 val_mrr=0.185820
[TRAIN] 2026-04-22 16:08:50 step=1210/67071 (1.80%) epoch=1/3 epoch_step=1210/22357 (5.41%) loss=0.363482 lr=0.000115073 elapsed=03:25 eta=03:06:24 val_mrr=0.185820
[TRAIN] 2026-04-22 16:08:51 step=1220/67071 (1.82%) epoch=1/3 epoch_step=1220/22357 (5.46%) loss=0.381730 lr=0.000116285 elapsed=03:27 eta=03:06:00 val_mrr=0.185820
[TRAIN] 2026-04-22 16:08:53 step=1230/67071 (1.83%) epoch=1/3 epoch_step=1230/22357 (5.50%) loss=0.367019 lr=0.000117505 elapsed=03:28 eta=03:05:37 val_mrr=0.185820
[TRAIN] 2026-04-22 16:08:54 step=1240/67071 (1.85%) epoch=1/3 epoch_step=1240/22357 (5.55%) loss=0.365737 lr=0.000118735 elapsed=03:29 eta=03:05:14 val_mrr=0.185820
[TRAIN] 2026-04-22 16:08:55 step=1250/67071 (1.86%) epoch=1/3 epoch_step=1250/22357 (5.59%) loss=0.384927 lr=0.000119973 elapsed=03:31 eta=03:04:53 val_mrr=0.185820
[TRAIN] 2026-04-22 16:08:57 step=1260/67071 (1.88%) epoch=1/3 epoch_step=1260/22357 (5.64%) loss=0.364256 lr=0.00012122 elapsed=03:32 eta=03:04:31 val_mrr=0.185820
[TRAIN] 2026-04-22 16:08:58 step=1270/67071 (1.89%) epoch=1/3 epoch_step=1270/22357 (5.68%) loss=0.384058 lr=0.000122476 elapsed=03:33 eta=03:04:11 val_mrr=0.185820
[TRAIN] 2026-04-22 16:08:59 step=1280/67071 (1.91%) epoch=1/3 epoch_step=1280/22357 (5.73%) loss=0.359221 lr=0.000123741 elapsed=03:35 eta=03:03:49 val_mrr=0.185820
[TRAIN] 2026-04-22 16:09:00 step=1290/67071 (1.92%) epoch=1/3 epoch_step=1290/22357 (5.77%) loss=0.358836 lr=0.000125014 elapsed=03:36 eta=03:03:28 val_mrr=0.185820
[TRAIN] 2026-04-22 16:09:03 step=1300/67071 (1.94%) epoch=1/3 epoch_step=1300/22357 (5.81%) loss=0.348807 lr=0.000126296 elapsed=03:38 eta=03:04:12 val_mrr=0.185820
[TRAIN] 2026-04-22 16:09:04 step=1310/67071 (1.95%) epoch=1/3 epoch_step=1310/22357 (5.86%) loss=0.363212 lr=0.000127587 elapsed=03:40 eta=03:03:54 val_mrr=0.185820
[TRAIN] 2026-04-22 16:09:06 step=1320/67071 (1.97%) epoch=1/3 epoch_step=1320/22357 (5.90%) loss=0.330345 lr=0.000128886 elapsed=03:41 eta=03:03:33 val_mrr=0.185820
[TRAIN] 2026-04-22 16:09:07 step=1330/67071 (1.98%) epoch=1/3 epoch_step=1330/22357 (5.95%) loss=0.358808 lr=0.000130194 elapsed=03:42 eta=03:03:13 val_mrr=0.185820
[TRAIN] 2026-04-22 16:09:08 step=1340/67071 (2.00%) epoch=1/3 epoch_step=1340/22357 (5.99%) loss=0.337655 lr=0.000131511 elapsed=03:44 eta=03:02:53 val_mrr=0.185820
[TRAIN] 2026-04-22 16:09:10 step=1350/67071 (2.01%) epoch=1/3 epoch_step=1350/22357 (6.04%) loss=0.341809 lr=0.000132836 elapsed=03:45 eta=03:02:35 val_mrr=0.185820
[TRAIN] 2026-04-22 16:09:11 step=1360/67071 (2.03%) epoch=1/3 epoch_step=1360/22357 (6.08%) loss=0.363342 lr=0.000134169 elapsed=03:46 eta=03:02:17 val_mrr=0.185820
[TRAIN] 2026-04-22 16:09:12 step=1370/67071 (2.04%) epoch=1/3 epoch_step=1370/22357 (6.13%) loss=0.353492 lr=0.000135511 elapsed=03:48 eta=03:01:57 val_mrr=0.185820
[TRAIN] 2026-04-22 16:09:14 step=1380/67071 (2.06%) epoch=1/3 epoch_step=1380/22357 (6.17%) loss=0.345040 lr=0.000136861 elapsed=03:49 eta=03:01:39 val_mrr=0.185820
[TRAIN] 2026-04-22 16:09:15 step=1390/67071 (2.07%) epoch=1/3 epoch_step=1390/22357 (6.22%) loss=0.335248 lr=0.00013822 elapsed=03:50 eta=03:01:21 val_mrr=0.185820
[TRAIN] 2026-04-22 16:09:17 step=1400/67071 (2.09%) epoch=1/3 epoch_step=1400/22357 (6.26%) loss=0.329719 lr=0.000139587 elapsed=03:52 eta=03:01:41 val_mrr=0.185820
[TRAIN] 2026-04-22 16:09:19 step=1410/67071 (2.10%) epoch=1/3 epoch_step=1410/22357 (6.31%) loss=0.350583 lr=0.000140963 elapsed=03:54 eta=03:01:52 val_mrr=0.185820
[TRAIN] 2026-04-22 16:09:20 step=1420/67071 (2.12%) epoch=1/3 epoch_step=1420/22357 (6.35%) loss=0.333663 lr=0.000142346 elapsed=03:56 eta=03:01:37 val_mrr=0.185820
[TRAIN] 2026-04-22 16:09:22 step=1430/67071 (2.13%) epoch=1/3 epoch_step=1430/22357 (6.40%) loss=0.321159 lr=0.000143739 elapsed=03:57 eta=03:01:19 val_mrr=0.185820
[TRAIN] 2026-04-22 16:09:23 step=1440/67071 (2.15%) epoch=1/3 epoch_step=1440/22357 (6.44%) loss=0.354986 lr=0.000145139 elapsed=03:58 eta=03:01:05 val_mrr=0.185820
[TRAIN] 2026-04-22 16:09:24 step=1450/67071 (2.16%) epoch=1/3 epoch_step=1450/22357 (6.49%) loss=0.358044 lr=0.000146547 elapsed=04:00 eta=03:00:49 val_mrr=0.185820
[TRAIN] 2026-04-22 16:09:26 step=1460/67071 (2.18%) epoch=1/3 epoch_step=1460/22357 (6.53%) loss=0.344517 lr=0.000147964 elapsed=04:01 eta=03:00:32 val_mrr=0.185820
[TRAIN] 2026-04-22 16:09:27 step=1470/67071 (2.19%) epoch=1/3 epoch_step=1470/22357 (6.58%) loss=0.363652 lr=0.000149389 elapsed=04:02 eta=03:00:16 val_mrr=0.185820
[TRAIN] 2026-04-22 16:09:28 step=1480/67071 (2.21%) epoch=1/3 epoch_step=1480/22357 (6.62%) loss=0.314426 lr=0.000150822 elapsed=04:04 eta=03:00:01 val_mrr=0.185820
[TRAIN] 2026-04-22 16:09:30 step=1490/67071 (2.22%) epoch=1/3 epoch_step=1490/22357 (6.66%) loss=0.329434 lr=0.000152263 elapsed=04:05 eta=02:59:45 val_mrr=0.185820
[STAGE] 2026-04-22 16:09:31 val prep subsets global=50000 art_art=1986 art_any=50000
[STAGE] 2026-04-22 16:09:31 val prep negatives global=50000 art_art=1986 art_any=50000
[STAGE] 2026-04-22 16:09:31 val prep unique_entities=136219
[STAGE] 2026-04-22 16:09:36 val prep entity_bank_ready unique_entities=136219 emb_dim=512
[STAGE] 2026-04-22 16:09:36 val start step=1500 epoch=0 task=relation_ranking subset=global triples=50000 batches=98 eval_batch_size=512
[STAGE] 2026-04-22 16:09:38 val start step=1500 epoch=0 task=triple_scoring subset=global triples=50000 batches=98 eval_batch_size=512
[STAGE] 2026-04-22 16:09:38 val start step=1500 epoch=0 task=relation_ranking subset=art_art triples=1986 batches=4 eval_batch_size=512
[STAGE] 2026-04-22 16:09:38 val start step=1500 epoch=0 task=triple_scoring subset=art_art triples=1986 batches=4 eval_batch_size=512
[STAGE] 2026-04-22 16:09:38 val start step=1500 epoch=0 task=relation_ranking subset=art_any triples=50000 batches=98 eval_batch_size=512
[STAGE] 2026-04-22 16:09:40 val start step=1500 epoch=0 task=triple_scoring subset=art_any triples=50000 batches=98 eval_batch_size=512
[VAL] 2026-04-22 16:09:40 step=1500 epoch=0 mrr=0.316228 aucpr=0.888775 art_art_mrr=0.029946 art_art_aucpr=0.601384 art_any_mrr=0.316248 art_any_aucpr=0.688807
[TRAIN] 2026-04-22 16:09:41 step=1500/67071 (2.24%) epoch=1/3 epoch_step=1500/22357 (6.71%) loss=0.353408 lr=0.000153713 elapsed=04:17 eta=03:07:02 val_mrr=0.316228
[TRAIN] 2026-04-22 16:09:43 step=1510/67071 (2.25%) epoch=1/3 epoch_step=1510/22357 (6.75%) loss=0.367430 lr=0.00015517 elapsed=04:18 eta=03:06:47 val_mrr=0.316228
[TRAIN] 2026-04-22 16:09:44 step=1520/67071 (2.27%) epoch=1/3 epoch_step=1520/22357 (6.80%) loss=0.327118 lr=0.000156635 elapsed=04:20 eta=03:06:38 val_mrr=0.316228
[TRAIN] 2026-04-22 16:09:46 step=1530/67071 (2.28%) epoch=1/3 epoch_step=1530/22357 (6.84%) loss=0.315664 lr=0.000158108 elapsed=04:21 eta=03:06:24 val_mrr=0.316228
[TRAIN] 2026-04-22 16:09:47 step=1540/67071 (2.30%) epoch=1/3 epoch_step=1540/22357 (6.89%) loss=0.347574 lr=0.00015959 elapsed=04:23 eta=03:06:14 val_mrr=0.316228
[TRAIN] 2026-04-22 16:09:49 step=1550/67071 (2.31%) epoch=1/3 epoch_step=1550/22357 (6.93%) loss=0.300679 lr=0.000161079 elapsed=04:24 eta=03:05:58 val_mrr=0.316228
[TRAIN] 2026-04-22 16:09:50 step=1560/67071 (2.33%) epoch=1/3 epoch_step=1560/22357 (6.98%) loss=0.337278 lr=0.000162576 elapsed=04:25 eta=03:05:46 val_mrr=0.316228
[TRAIN] 2026-04-22 16:09:51 step=1570/67071 (2.34%) epoch=1/3 epoch_step=1570/22357 (7.02%) loss=0.350984 lr=0.00016408 elapsed=04:27 eta=03:05:30 val_mrr=0.316228
[TRAIN] 2026-04-22 16:09:53 step=1580/67071 (2.36%) epoch=1/3 epoch_step=1580/22357 (7.07%) loss=0.326414 lr=0.000165593 elapsed=04:28 eta=03:05:15 val_mrr=0.316228
[TRAIN] 2026-04-22 16:09:54 step=1590/67071 (2.37%) epoch=1/3 epoch_step=1590/22357 (7.11%) loss=0.316062 lr=0.000167114 elapsed=04:30 eta=03:05:00 val_mrr=0.316228
[TRAIN] 2026-04-22 16:09:57 step=1600/67071 (2.39%) epoch=1/3 epoch_step=1600/22357 (7.16%) loss=0.334379 lr=0.000168642 elapsed=04:33 eta=03:05:53 val_mrr=0.316228
[TRAIN] 2026-04-22 16:09:59 step=1610/67071 (2.40%) epoch=1/3 epoch_step=1610/22357 (7.20%) loss=0.359370 lr=0.000170178 elapsed=04:34 eta=03:05:37 val_mrr=0.316228
[TRAIN] 2026-04-22 16:10:00 step=1620/67071 (2.42%) epoch=1/3 epoch_step=1620/22357 (7.25%) loss=0.321999 lr=0.000171721 elapsed=04:35 eta=03:05:23 val_mrr=0.316228
[TRAIN] 2026-04-22 16:10:01 step=1630/67071 (2.43%) epoch=1/3 epoch_step=1630/22357 (7.29%) loss=0.319228 lr=0.000173272 elapsed=04:37 eta=03:05:10 val_mrr=0.316228
[TRAIN] 2026-04-22 16:10:03 step=1640/67071 (2.45%) epoch=1/3 epoch_step=1640/22357 (7.34%) loss=0.327717 lr=0.000174831 elapsed=04:38 eta=03:04:56 val_mrr=0.316228
[TRAIN] 2026-04-22 16:10:04 step=1650/67071 (2.46%) epoch=1/3 epoch_step=1650/22357 (7.38%) loss=0.336157 lr=0.000176397 elapsed=04:39 eta=03:04:41 val_mrr=0.316228
[TRAIN] 2026-04-22 16:10:05 step=1660/67071 (2.47%) epoch=1/3 epoch_step=1660/22357 (7.42%) loss=0.338885 lr=0.000177971 elapsed=04:41 eta=03:04:27 val_mrr=0.316228
[TRAIN] 2026-04-22 16:10:07 step=1670/67071 (2.49%) epoch=1/3 epoch_step=1670/22357 (7.47%) loss=0.330716 lr=0.000179553 elapsed=04:42 eta=03:04:17 val_mrr=0.316228
[TRAIN] 2026-04-22 16:10:09 step=1680/67071 (2.50%) epoch=1/3 epoch_step=1680/22357 (7.51%) loss=0.344417 lr=0.000181142 elapsed=04:44 eta=03:04:12 val_mrr=0.316228
[TRAIN] 2026-04-22 16:10:10 step=1690/67071 (2.52%) epoch=1/3 epoch_step=1690/22357 (7.56%) loss=0.330280 lr=0.000182738 elapsed=04:45 eta=03:03:57 val_mrr=0.316228
[TRAIN] 2026-04-22 16:10:12 step=1700/67071 (2.53%) epoch=1/3 epoch_step=1700/22357 (7.60%) loss=0.325625 lr=0.000184342 elapsed=04:48 eta=03:04:21 val_mrr=0.316228
[TRAIN] 2026-04-22 16:10:14 step=1710/67071 (2.55%) epoch=1/3 epoch_step=1710/22357 (7.65%) loss=0.345574 lr=0.000185953 elapsed=04:50 eta=03:04:29 val_mrr=0.316228
[TRAIN] 2026-04-22 16:10:16 step=1720/67071 (2.56%) epoch=1/3 epoch_step=1720/22357 (7.69%) loss=0.323497 lr=0.000187571 elapsed=04:51 eta=03:04:17 val_mrr=0.316228
[TRAIN] 2026-04-22 16:10:17 step=1730/67071 (2.58%) epoch=1/3 epoch_step=1730/22357 (7.74%) loss=0.337377 lr=0.000189197 elapsed=04:52 eta=03:04:06 val_mrr=0.316228
[TRAIN] 2026-04-22 16:10:19 step=1740/67071 (2.59%) epoch=1/3 epoch_step=1740/22357 (7.78%) loss=0.323080 lr=0.00019083 elapsed=04:54 eta=03:03:55 val_mrr=0.316228
[TRAIN] 2026-04-22 16:10:20 step=1750/67071 (2.61%) epoch=1/3 epoch_step=1750/22357 (7.83%) loss=0.318494 lr=0.00019247 elapsed=04:55 eta=03:03:42 val_mrr=0.316228
[TRAIN] 2026-04-22 16:10:21 step=1760/67071 (2.62%) epoch=1/3 epoch_step=1760/22357 (7.87%) loss=0.319315 lr=0.000194118 elapsed=04:57 eta=03:03:30 val_mrr=0.316228
[TRAIN] 2026-04-22 16:10:23 step=1770/67071 (2.64%) epoch=1/3 epoch_step=1770/22357 (7.92%) loss=0.318259 lr=0.000195772 elapsed=04:58 eta=03:03:20 val_mrr=0.316228
[TRAIN] 2026-04-22 16:10:24 step=1780/67071 (2.65%) epoch=1/3 epoch_step=1780/22357 (7.96%) loss=0.329963 lr=0.000197434 elapsed=05:00 eta=03:03:10 val_mrr=0.316228
[TRAIN] 2026-04-22 16:10:26 step=1790/67071 (2.67%) epoch=1/3 epoch_step=1790/22357 (8.01%) loss=0.289551 lr=0.000199103 elapsed=05:01 eta=03:03:00 val_mrr=0.316228
[TRAIN] 2026-04-22 16:10:28 step=1800/67071 (2.68%) epoch=1/3 epoch_step=1800/22357 (8.05%) loss=0.330931 lr=0.000200778 elapsed=05:03 eta=03:03:18 val_mrr=0.316228
[TRAIN] 2026-04-22 16:10:29 step=1810/67071 (2.70%) epoch=1/3 epoch_step=1810/22357 (8.10%) loss=0.347039 lr=0.000202461 elapsed=05:05 eta=03:03:05 val_mrr=0.316228
[TRAIN] 2026-04-22 16:10:31 step=1820/67071 (2.71%) epoch=1/3 epoch_step=1820/22357 (8.14%) loss=0.296696 lr=0.000204151 elapsed=05:06 eta=03:03:07 val_mrr=0.316228
[TRAIN] 2026-04-22 16:10:32 step=1830/67071 (2.73%) epoch=1/3 epoch_step=1830/22357 (8.19%) loss=0.307585 lr=0.000205848 elapsed=05:08 eta=03:02:55 val_mrr=0.316228
[TRAIN] 2026-04-22 16:10:34 step=1840/67071 (2.74%) epoch=1/3 epoch_step=1840/22357 (8.23%) loss=0.300759 lr=0.000207551 elapsed=05:09 eta=03:02:44 val_mrr=0.316228
[TRAIN] 2026-04-22 16:10:35 step=1850/67071 (2.76%) epoch=1/3 epoch_step=1850/22357 (8.27%) loss=0.318749 lr=0.000209262 elapsed=05:11 eta=03:02:30 val_mrr=0.316228
[TRAIN] 2026-04-22 16:10:37 step=1860/67071 (2.77%) epoch=1/3 epoch_step=1860/22357 (8.32%) loss=0.307803 lr=0.000210979 elapsed=05:12 eta=03:02:16 val_mrr=0.316228
[TRAIN] 2026-04-22 16:10:38 step=1870/67071 (2.79%) epoch=1/3 epoch_step=1870/22357 (8.36%) loss=0.318680 lr=0.000212703 elapsed=05:13 eta=03:02:01 val_mrr=0.316228
[TRAIN] 2026-04-22 16:10:39 step=1880/67071 (2.80%) epoch=1/3 epoch_step=1880/22357 (8.41%) loss=0.303656 lr=0.000214434 elapsed=05:15 eta=03:01:49 val_mrr=0.316228
[TRAIN] 2026-04-22 16:10:41 step=1890/67071 (2.82%) epoch=1/3 epoch_step=1890/22357 (8.45%) loss=0.326629 lr=0.000216171 elapsed=05:16 eta=03:01:36 val_mrr=0.316228
[TRAIN] 2026-04-22 16:10:43 step=1900/67071 (2.83%) epoch=1/3 epoch_step=1900/22357 (8.50%) loss=0.312219 lr=0.000217915 elapsed=05:18 eta=03:01:50 val_mrr=0.316228
[TRAIN] 2026-04-22 16:10:44 step=1910/67071 (2.85%) epoch=1/3 epoch_step=1910/22357 (8.54%) loss=0.295982 lr=0.000219666 elapsed=05:19 eta=03:01:35 val_mrr=0.316228
[TRAIN] 2026-04-22 16:10:45 step=1920/67071 (2.86%) epoch=1/3 epoch_step=1920/22357 (8.59%) loss=0.287376 lr=0.000221424 elapsed=05:21 eta=03:01:25 val_mrr=0.316228
[TRAIN] 2026-04-22 16:10:47 step=1930/67071 (2.88%) epoch=1/3 epoch_step=1930/22357 (8.63%) loss=0.328161 lr=0.000223188 elapsed=05:23 eta=03:01:32 val_mrr=0.316228
[TRAIN] 2026-04-22 16:10:49 step=1940/67071 (2.89%) epoch=1/3 epoch_step=1940/22357 (8.68%) loss=0.286082 lr=0.000224958 elapsed=05:24 eta=03:01:22 val_mrr=0.316228
[TRAIN] 2026-04-22 16:10:50 step=1950/67071 (2.91%) epoch=1/3 epoch_step=1950/22357 (8.72%) loss=0.293720 lr=0.000226735 elapsed=05:25 eta=03:01:10 val_mrr=0.316228
[TRAIN] 2026-04-22 16:10:52 step=1960/67071 (2.92%) epoch=1/3 epoch_step=1960/22357 (8.77%) loss=0.309112 lr=0.000228518 elapsed=05:27 eta=03:01:01 val_mrr=0.316228
[TRAIN] 2026-04-22 16:10:53 step=1970/67071 (2.94%) epoch=1/3 epoch_step=1970/22357 (8.81%) loss=0.331290 lr=0.000230308 elapsed=05:28 eta=03:00:50 val_mrr=0.316228
[TRAIN] 2026-04-22 16:10:54 step=1980/67071 (2.95%) epoch=1/3 epoch_step=1980/22357 (8.86%) loss=0.332316 lr=0.000232104 elapsed=05:30 eta=03:00:37 val_mrr=0.316228
[TRAIN] 2026-04-22 16:10:56 step=1990/67071 (2.97%) epoch=1/3 epoch_step=1990/22357 (8.90%) loss=0.321573 lr=0.000233907 elapsed=05:31 eta=03:00:29 val_mrr=0.316228
[STAGE] 2026-04-22 16:10:57 val prep subsets global=50000 art_art=1986 art_any=50000
[STAGE] 2026-04-22 16:10:58 val prep negatives global=50000 art_art=1986 art_any=50000
[STAGE] 2026-04-22 16:10:58 val prep unique_entities=136107
[STAGE] 2026-04-22 16:11:02 val prep entity_bank_ready unique_entities=136107 emb_dim=512
[STAGE] 2026-04-22 16:11:02 val start step=2000 epoch=0 task=relation_ranking subset=global triples=50000 batches=98 eval_batch_size=512
[STAGE] 2026-04-22 16:11:03 val start step=2000 epoch=0 task=triple_scoring subset=global triples=50000 batches=98 eval_batch_size=512
[STAGE] 2026-04-22 16:11:03 val start step=2000 epoch=0 task=relation_ranking subset=art_art triples=1986 batches=4 eval_batch_size=512
[STAGE] 2026-04-22 16:11:03 val start step=2000 epoch=0 task=triple_scoring subset=art_art triples=1986 batches=4 eval_batch_size=512
[STAGE] 2026-04-22 16:11:03 val start step=2000 epoch=0 task=relation_ranking subset=art_any triples=50000 batches=98 eval_batch_size=512
[STAGE] 2026-04-22 16:11:05 val start step=2000 epoch=0 task=triple_scoring subset=art_any triples=50000 batches=98 eval_batch_size=512
[VAL] 2026-04-22 16:11:05 step=2000 epoch=0 mrr=0.508559 aucpr=0.913279 art_art_mrr=0.201086 art_art_aucpr=0.676147 art_any_mrr=0.508579 art_any_aucpr=0.727202
[TRAIN] 2026-04-22 16:11:07 step=2000/67071 (2.98%) epoch=1/3 epoch_step=2000/22357 (8.95%) loss=0.292890 lr=0.000235715 elapsed=05:42 eta=03:05:32 val_mrr=0.508559
[TRAIN] 2026-04-22 16:11:09 step=2010/67071 (3.00%) epoch=1/3 epoch_step=2010/22357 (8.99%) loss=0.294890 lr=0.00023753 elapsed=05:44 eta=03:05:36 val_mrr=0.508559
[TRAIN] 2026-04-22 16:11:10 step=2020/67071 (3.01%) epoch=1/3 epoch_step=2020/22357 (9.04%) loss=0.315395 lr=0.000239351 elapsed=05:45 eta=03:05:22 val_mrr=0.508559
[TRAIN] 2026-04-22 16:11:11 step=2030/67071 (3.03%) epoch=1/3 epoch_step=2030/22357 (9.08%) loss=0.322534 lr=0.000241179 elapsed=05:47 eta=03:05:09 val_mrr=0.508559
[TRAIN] 2026-04-22 16:11:13 step=2040/67071 (3.04%) epoch=1/3 epoch_step=2040/22357 (9.12%) loss=0.289764 lr=0.000243012 elapsed=05:48 eta=03:04:54 val_mrr=0.508559
[TRAIN] 2026-04-22 16:11:14 step=2050/67071 (3.06%) epoch=1/3 epoch_step=2050/22357 (9.17%) loss=0.317721 lr=0.000244852 elapsed=05:49 eta=03:04:41 val_mrr=0.508559
[TRAIN] 2026-04-22 16:11:15 step=2060/67071 (3.07%) epoch=1/3 epoch_step=2060/22357 (9.21%) loss=0.285809 lr=0.000246697 elapsed=05:51 eta=03:04:26 val_mrr=0.508559
[TRAIN] 2026-04-22 16:11:17 step=2070/67071 (3.09%) epoch=1/3 epoch_step=2070/22357 (9.26%) loss=0.302575 lr=0.000248549 elapsed=05:52 eta=03:04:14 val_mrr=0.508559
[TRAIN] 2026-04-22 16:11:18 step=2080/67071 (3.10%) epoch=1/3 epoch_step=2080/22357 (9.30%) loss=0.273202 lr=0.000250406 elapsed=05:53 eta=03:04:01 val_mrr=0.508559
[TRAIN] 2026-04-22 16:11:19 step=2090/67071 (3.12%) epoch=1/3 epoch_step=2090/22357 (9.35%) loss=0.300233 lr=0.00025227 elapsed=05:55 eta=03:03:48 val_mrr=0.508559
[TRAIN] 2026-04-22 16:11:21 step=2100/67071 (3.13%) epoch=1/3 epoch_step=2100/22357 (9.39%) loss=0.308895 lr=0.000254139 elapsed=05:57 eta=03:03:58 val_mrr=0.508559
[TRAIN] 2026-04-22 16:11:23 step=2110/67071 (3.15%) epoch=1/3 epoch_step=2110/22357 (9.44%) loss=0.312571 lr=0.000256014 elapsed=05:58 eta=03:03:45 val_mrr=0.508559
[TRAIN] 2026-04-22 16:11:25 step=2120/67071 (3.16%) epoch=1/3 epoch_step=2120/22357 (9.48%) loss=0.295073 lr=0.000257895 elapsed=06:00 eta=03:03:57 val_mrr=0.508559
[TRAIN] 2026-04-22 16:11:26 step=2130/67071 (3.18%) epoch=1/3 epoch_step=2130/22357 (9.53%) loss=0.307567 lr=0.000259782 elapsed=06:02 eta=03:03:46 val_mrr=0.508559
[TRAIN] 2026-04-22 16:11:28 step=2140/67071 (3.19%) epoch=1/3 epoch_step=2140/22357 (9.57%) loss=0.295161 lr=0.000261674 elapsed=06:03 eta=03:03:33 val_mrr=0.508559
[TRAIN] 2026-04-22 16:11:29 step=2150/67071 (3.21%) epoch=1/3 epoch_step=2150/22357 (9.62%) loss=0.316184 lr=0.000263572 elapsed=06:04 eta=03:03:20 val_mrr=0.508559
[TRAIN] 2026-04-22 16:11:30 step=2160/67071 (3.22%) epoch=1/3 epoch_step=2160/22357 (9.66%) loss=0.312735 lr=0.000265476 elapsed=06:06 eta=03:03:09 val_mrr=0.508559
[TRAIN] 2026-04-22 16:11:32 step=2170/67071 (3.24%) epoch=1/3 epoch_step=2170/22357 (9.71%) loss=0.296782 lr=0.000267385 elapsed=06:07 eta=03:02:59 val_mrr=0.508559
[TRAIN] 2026-04-22 16:11:33 step=2180/67071 (3.25%) epoch=1/3 epoch_step=2180/22357 (9.75%) loss=0.320540 lr=0.0002693 elapsed=06:08 eta=03:02:47 val_mrr=0.508559
[TRAIN] 2026-04-22 16:11:35 step=2190/67071 (3.27%) epoch=1/3 epoch_step=2190/22357 (9.80%) loss=0.302867 lr=0.00027122 elapsed=06:10 eta=03:02:39 val_mrr=0.508559
[TRAIN] 2026-04-22 16:11:37 step=2200/67071 (3.28%) epoch=1/3 epoch_step=2200/22357 (9.84%) loss=0.310532 lr=0.000273146 elapsed=06:12 eta=03:02:54 val_mrr=0.508559
[TRAIN] 2026-04-22 16:11:38 step=2210/67071 (3.30%) epoch=1/3 epoch_step=2210/22357 (9.89%) loss=0.292037 lr=0.000275077 elapsed=06:14 eta=03:02:44 val_mrr=0.508559
[TRAIN] 2026-04-22 16:11:40 step=2220/67071 (3.31%) epoch=1/3 epoch_step=2220/22357 (9.93%) loss=0.307819 lr=0.000277014 elapsed=06:15 eta=03:02:36 val_mrr=0.508559
[TRAIN] 2026-04-22 16:11:42 step=2230/67071 (3.32%) epoch=1/3 epoch_step=2230/22357 (9.97%) loss=0.269073 lr=0.000278956 elapsed=06:17 eta=03:02:41 val_mrr=0.508559
[TRAIN] 2026-04-22 16:11:43 step=2240/67071 (3.34%) epoch=1/3 epoch_step=2240/22357 (10.02%) loss=0.293428 lr=0.000280903 elapsed=06:18 eta=03:02:30 val_mrr=0.508559
[TRAIN] 2026-04-22 16:11:44 step=2250/67071 (3.35%) epoch=1/3 epoch_step=2250/22357 (10.06%) loss=0.315127 lr=0.000282855 elapsed=06:20 eta=03:02:20 val_mrr=0.508559
[TRAIN] 2026-04-22 16:11:46 step=2260/67071 (3.37%) epoch=1/3 epoch_step=2260/22357 (10.11%) loss=0.318708 lr=0.000284813 elapsed=06:21 eta=03:02:10 val_mrr=0.508559
[TRAIN] 2026-04-22 16:11:47 step=2270/67071 (3.38%) epoch=1/3 epoch_step=2270/22357 (10.15%) loss=0.292012 lr=0.000286776 elapsed=06:23 eta=03:02:01 val_mrr=0.508559
[TRAIN] 2026-04-22 16:11:49 step=2280/67071 (3.40%) epoch=1/3 epoch_step=2280/22357 (10.20%) loss=0.293648 lr=0.000288744 elapsed=06:24 eta=03:01:51 val_mrr=0.508559
[TRAIN] 2026-04-22 16:11:50 step=2290/67071 (3.41%) epoch=1/3 epoch_step=2290/22357 (10.24%) loss=0.275366 lr=0.000290717 elapsed=06:25 eta=03:01:39 val_mrr=0.508559
[TRAIN] 2026-04-22 16:11:52 step=2300/67071 (3.43%) epoch=1/3 epoch_step=2300/22357 (10.29%) loss=0.271843 lr=0.000292695 elapsed=06:27 eta=03:01:51 val_mrr=0.508559
[TRAIN] 2026-04-22 16:11:53 step=2310/67071 (3.44%) epoch=1/3 epoch_step=2310/22357 (10.33%) loss=0.285868 lr=0.000294678 elapsed=06:29 eta=03:01:41 val_mrr=0.508559
[TRAIN] 2026-04-22 16:11:55 step=2320/67071 (3.46%) epoch=1/3 epoch_step=2320/22357 (10.38%) loss=0.266810 lr=0.000296666 elapsed=06:30 eta=03:01:32 val_mrr=0.508559
[TRAIN] 2026-04-22 16:11:56 step=2330/67071 (3.47%) epoch=1/3 epoch_step=2330/22357 (10.42%) loss=0.292300 lr=0.000298659 elapsed=06:32 eta=03:01:27 val_mrr=0.508559
[TRAIN] 2026-04-22 16:11:58 step=2340/67071 (3.49%) epoch=1/3 epoch_step=2340/22357 (10.47%) loss=0.265525 lr=0.000300656 elapsed=06:34 eta=03:01:32 val_mrr=0.508559
[TRAIN] 2026-04-22 16:12:00 step=2350/67071 (3.50%) epoch=1/3 epoch_step=2350/22357 (10.51%) loss=0.282636 lr=0.000302659 elapsed=06:35 eta=03:01:21 val_mrr=0.508559
[TRAIN] 2026-04-22 16:12:01 step=2360/67071 (3.52%) epoch=1/3 epoch_step=2360/22357 (10.56%) loss=0.298040 lr=0.000304666 elapsed=06:36 eta=03:01:11 val_mrr=0.508559
[TRAIN] 2026-04-22 16:12:02 step=2370/67071 (3.53%) epoch=1/3 epoch_step=2370/22357 (10.60%) loss=0.298070 lr=0.000306678 elapsed=06:38 eta=03:01:02 val_mrr=0.508559
[TRAIN] 2026-04-22 16:12:04 step=2380/67071 (3.55%) epoch=1/3 epoch_step=2380/22357 (10.65%) loss=0.293598 lr=0.000308695 elapsed=06:39 eta=03:00:52 val_mrr=0.508559
[TRAIN] 2026-04-22 16:12:05 step=2390/67071 (3.56%) epoch=1/3 epoch_step=2390/22357 (10.69%) loss=0.265682 lr=0.000310716 elapsed=06:41 eta=03:00:42 val_mrr=0.508559
[TRAIN] 2026-04-22 16:12:07 step=2400/67071 (3.58%) epoch=1/3 epoch_step=2400/22357 (10.73%) loss=0.307177 lr=0.000312742 elapsed=06:43 eta=03:00:52 val_mrr=0.508559
[TRAIN] 2026-04-22 16:12:09 step=2410/67071 (3.59%) epoch=1/3 epoch_step=2410/22357 (10.78%) loss=0.287823 lr=0.000314773 elapsed=06:44 eta=03:00:43 val_mrr=0.508559
[TRAIN] 2026-04-22 16:12:10 step=2420/67071 (3.61%) epoch=1/3 epoch_step=2420/22357 (10.82%) loss=0.312151 lr=0.000316808 elapsed=06:46 eta=03:00:37 val_mrr=0.508559
[TRAIN] 2026-04-22 16:12:12 step=2430/67071 (3.62%) epoch=1/3 epoch_step=2430/22357 (10.87%) loss=0.304542 lr=0.000318847 elapsed=06:47 eta=03:00:30 val_mrr=0.508559
[TRAIN] 2026-04-22 16:12:14 step=2440/67071 (3.64%) epoch=1/3 epoch_step=2440/22357 (10.91%) loss=0.281742 lr=0.000320891 elapsed=06:49 eta=03:00:37 val_mrr=0.508559
[TRAIN] 2026-04-22 16:12:15 step=2450/67071 (3.65%) epoch=1/3 epoch_step=2450/22357 (10.96%) loss=0.299452 lr=0.000322939 elapsed=06:50 eta=03:00:27 val_mrr=0.508559
[TRAIN] 2026-04-22 16:12:16 step=2460/67071 (3.67%) epoch=1/3 epoch_step=2460/22357 (11.00%) loss=0.299794 lr=0.000324992 elapsed=06:52 eta=03:00:17 val_mrr=0.508559
[TRAIN] 2026-04-22 16:12:18 step=2470/67071 (3.68%) epoch=1/3 epoch_step=2470/22357 (11.05%) loss=0.294868 lr=0.000327049 elapsed=06:53 eta=03:00:09 val_mrr=0.508559
[TRAIN] 2026-04-22 16:12:19 step=2480/67071 (3.70%) epoch=1/3 epoch_step=2480/22357 (11.09%) loss=0.278907 lr=0.00032911 elapsed=06:55 eta=03:00:05 val_mrr=0.508559
[TRAIN] 2026-04-22 16:12:21 step=2490/67071 (3.71%) epoch=1/3 epoch_step=2490/22357 (11.14%) loss=0.307684 lr=0.000331175 elapsed=06:56 eta=02:59:56 val_mrr=0.508559
[STAGE] 2026-04-22 16:12:23 val prep subsets global=50000 art_art=1986 art_any=50000
[STAGE] 2026-04-22 16:12:23 val prep negatives global=50000 art_art=1986 art_any=50000
[STAGE] 2026-04-22 16:12:23 val prep unique_entities=136236
[STAGE] 2026-04-22 16:12:27 val prep entity_bank_ready unique_entities=136236 emb_dim=512
[STAGE] 2026-04-22 16:12:27 val start step=2500 epoch=0 task=relation_ranking subset=global triples=50000 batches=98 eval_batch_size=512
[STAGE] 2026-04-22 16:12:29 val start step=2500 epoch=0 task=triple_scoring subset=global triples=50000 batches=98 eval_batch_size=512
[STAGE] 2026-04-22 16:12:29 val start step=2500 epoch=0 task=relation_ranking subset=art_art triples=1986 batches=4 eval_batch_size=512
[STAGE] 2026-04-22 16:12:29 val start step=2500 epoch=0 task=triple_scoring subset=art_art triples=1986 batches=4 eval_batch_size=512
[STAGE] 2026-04-22 16:12:29 val start step=2500 epoch=0 task=relation_ranking subset=art_any triples=50000 batches=98 eval_batch_size=512
[STAGE] 2026-04-22 16:12:31 val start step=2500 epoch=0 task=triple_scoring subset=art_any triples=50000 batches=98 eval_batch_size=512
[VAL] 2026-04-22 16:12:31 step=2500 epoch=0 mrr=0.371218 aucpr=0.916095 art_art_mrr=0.089123 art_art_aucpr=0.645443 art_any_mrr=0.371238 art_any_aucpr=0.753114
[TRAIN] 2026-04-22 16:12:32 step=2500/67071 (3.73%) epoch=1/3 epoch_step=2500/22357 (11.18%) loss=0.281233 lr=0.000333244 elapsed=07:07 eta=03:04:01 val_mrr=0.508559
[TRAIN] 2026-04-22 16:12:33 step=2510/67071 (3.74%) epoch=1/3 epoch_step=2510/22357 (11.23%) loss=0.289538 lr=0.000335318 elapsed=07:09 eta=03:03:52 val_mrr=0.508559
[TRAIN] 2026-04-22 16:12:35 step=2520/67071 (3.76%) epoch=1/3 epoch_step=2520/22357 (11.27%) loss=0.273266 lr=0.000337395 elapsed=07:10 eta=03:03:44 val_mrr=0.508559
[TRAIN] 2026-04-22 16:12:37 step=2530/67071 (3.77%) epoch=1/3 epoch_step=2530/22357 (11.32%) loss=0.264647 lr=0.000339477 elapsed=07:12 eta=03:03:47 val_mrr=0.508559
[TRAIN] 2026-04-22 16:12:38 step=2540/67071 (3.79%) epoch=1/3 epoch_step=2540/22357 (11.36%) loss=0.273220 lr=0.000341562 elapsed=07:14 eta=03:03:37 val_mrr=0.508559
[TRAIN] 2026-04-22 16:12:40 step=2550/67071 (3.80%) epoch=1/3 epoch_step=2550/22357 (11.41%) loss=0.288282 lr=0.000343652 elapsed=07:15 eta=03:03:27 val_mrr=0.508559
[TRAIN] 2026-04-22 16:12:41 step=2560/67071 (3.82%) epoch=1/3 epoch_step=2560/22357 (11.45%) loss=0.248278 lr=0.000345745 elapsed=07:16 eta=03:03:18 val_mrr=0.508559
[TRAIN] 2026-04-22 16:12:42 step=2570/67071 (3.83%) epoch=1/3 epoch_step=2570/22357 (11.50%) loss=0.267204 lr=0.000347842 elapsed=07:18 eta=03:03:07 val_mrr=0.508559
[TRAIN] 2026-04-22 16:12:44 step=2580/67071 (3.85%) epoch=1/3 epoch_step=2580/22357 (11.54%) loss=0.295477 lr=0.000349943 elapsed=07:19 eta=03:02:56 val_mrr=0.508559
[TRAIN] 2026-04-22 16:12:45 step=2590/67071 (3.86%) epoch=1/3 epoch_step=2590/22357 (11.58%) loss=0.260612 lr=0.000352048 elapsed=07:20 eta=03:02:45 val_mrr=0.508559
[TRAIN] 2026-04-22 16:12:47 step=2600/67071 (3.88%) epoch=1/3 epoch_step=2600/22357 (11.63%) loss=0.272807 lr=0.000354156 elapsed=07:23 eta=03:02:54 val_mrr=0.508559
[TRAIN] 2026-04-22 16:12:49 step=2610/67071 (3.89%) epoch=1/3 epoch_step=2610/22357 (11.67%) loss=0.249732 lr=0.000356268 elapsed=07:24 eta=03:02:45 val_mrr=0.508559
[TRAIN] 2026-04-22 16:12:50 step=2620/67071 (3.91%) epoch=1/3 epoch_step=2620/22357 (11.72%) loss=0.271616 lr=0.000358384 elapsed=07:25 eta=03:02:36 val_mrr=0.508559
[TRAIN] 2026-04-22 16:12:51 step=2630/67071 (3.92%) epoch=1/3 epoch_step=2630/22357 (11.76%) loss=0.270457 lr=0.000360503 elapsed=07:27 eta=03:02:26 val_mrr=0.508559
[TRAIN] 2026-04-22 16:12:53 step=2640/67071 (3.94%) epoch=1/3 epoch_step=2640/22357 (11.81%) loss=0.279518 lr=0.000362626 elapsed=07:29 eta=03:02:31 val_mrr=0.508559
[TRAIN] 2026-04-22 16:12:55 step=2650/67071 (3.95%) epoch=1/3 epoch_step=2650/22357 (11.85%) loss=0.290225 lr=0.000364752 elapsed=07:30 eta=03:02:21 val_mrr=0.508559
[TRAIN] 2026-04-22 16:12:56 step=2660/67071 (3.97%) epoch=1/3 epoch_step=2660/22357 (11.90%) loss=0.264673 lr=0.000366881 elapsed=07:31 eta=03:02:12 val_mrr=0.508559
[TRAIN] 2026-04-22 16:12:57 step=2670/67071 (3.98%) epoch=1/3 epoch_step=2670/22357 (11.94%) loss=0.272463 lr=0.000369014 elapsed=07:33 eta=03:02:01 val_mrr=0.508559
[TRAIN] 2026-04-22 16:12:59 step=2680/67071 (4.00%) epoch=1/3 epoch_step=2680/22357 (11.99%) loss=0.300371 lr=0.00037115 elapsed=07:34 eta=03:01:49 val_mrr=0.508559
[TRAIN] 2026-04-22 16:13:00 step=2690/67071 (4.01%) epoch=1/3 epoch_step=2690/22357 (12.03%) loss=0.243446 lr=0.00037329 elapsed=07:35 eta=03:01:41 val_mrr=0.508559
[TRAIN] 2026-04-22 16:13:02 step=2700/67071 (4.03%) epoch=1/3 epoch_step=2700/22357 (12.08%) loss=0.250988 lr=0.000375432 elapsed=07:38 eta=03:01:50 val_mrr=0.508559
[TRAIN] 2026-04-22 16:13:04 step=2710/67071 (4.04%) epoch=1/3 epoch_step=2710/22357 (12.12%) loss=0.247051 lr=0.000377578 elapsed=07:39 eta=03:01:40 val_mrr=0.508559
[TRAIN] 2026-04-22 16:13:05 step=2720/67071 (4.06%) epoch=1/3 epoch_step=2720/22357 (12.17%) loss=0.282513 lr=0.000379727 elapsed=07:40 eta=03:01:31 val_mrr=0.508559
[TRAIN] 2026-04-22 16:13:06 step=2730/67071 (4.07%) epoch=1/3 epoch_step=2730/22357 (12.21%) loss=0.273248 lr=0.000381879 elapsed=07:42 eta=03:01:22 val_mrr=0.508559
[TRAIN] 2026-04-22 16:13:08 step=2740/67071 (4.09%) epoch=1/3 epoch_step=2740/22357 (12.26%) loss=0.267143 lr=0.000384034 elapsed=07:43 eta=03:01:11 val_mrr=0.508559
[TRAIN] 2026-04-22 16:13:09 step=2750/67071 (4.10%) epoch=1/3 epoch_step=2750/22357 (12.30%) loss=0.279211 lr=0.000386192 elapsed=07:45 eta=03:01:13 val_mrr=0.508559
[TRAIN] 2026-04-22 16:13:11 step=2760/67071 (4.12%) epoch=1/3 epoch_step=2760/22357 (12.35%) loss=0.266677 lr=0.000388353 elapsed=07:46 eta=03:01:07 val_mrr=0.508559
[TRAIN] 2026-04-22 16:13:12 step=2770/67071 (4.13%) epoch=1/3 epoch_step=2770/22357 (12.39%) loss=0.255399 lr=0.000390517 elapsed=07:48 eta=03:00:58 val_mrr=0.508559
[TRAIN] 2026-04-22 16:13:14 step=2780/67071 (4.14%) epoch=1/3 epoch_step=2780/22357 (12.43%) loss=0.260088 lr=0.000392684 elapsed=07:49 eta=03:00:49 val_mrr=0.508559
[TRAIN] 2026-04-22 16:13:15 step=2790/67071 (4.16%) epoch=1/3 epoch_step=2790/22357 (12.48%) loss=0.298631 lr=0.000394853 elapsed=07:50 eta=03:00:39 val_mrr=0.508559
[TRAIN] 2026-04-22 16:13:17 step=2800/67071 (4.17%) epoch=1/3 epoch_step=2800/22357 (12.52%) loss=0.281041 lr=0.000397025 elapsed=07:53 eta=03:00:46 val_mrr=0.508559
[TRAIN] 2026-04-22 16:13:18 step=2810/67071 (4.19%) epoch=1/3 epoch_step=2810/22357 (12.57%) loss=0.285583 lr=0.0003992 elapsed=07:54 eta=03:00:37 val_mrr=0.508559
[TRAIN] 2026-04-22 16:13:20 step=2820/67071 (4.20%) epoch=1/3 epoch_step=2820/22357 (12.61%) loss=0.256519 lr=0.000401378 elapsed=07:55 eta=03:00:27 val_mrr=0.508559
[TRAIN] 2026-04-22 16:13:21 step=2830/67071 (4.22%) epoch=1/3 epoch_step=2830/22357 (12.66%) loss=0.249966 lr=0.000403558 elapsed=07:57 eta=03:00:17 val_mrr=0.508559
[TRAIN] 2026-04-22 16:13:23 step=2840/67071 (4.23%) epoch=1/3 epoch_step=2840/22357 (12.70%) loss=0.270932 lr=0.000405741 elapsed=07:58 eta=03:00:09 val_mrr=0.508559
[TRAIN] 2026-04-22 16:13:24 step=2850/67071 (4.25%) epoch=1/3 epoch_step=2850/22357 (12.75%) loss=0.252049 lr=0.000407926 elapsed=08:00 eta=03:00:11 val_mrr=0.508559
[TRAIN] 2026-04-22 16:13:26 step=2860/67071 (4.26%) epoch=1/3 epoch_step=2860/22357 (12.79%) loss=0.258993 lr=0.000410114 elapsed=08:01 eta=03:00:02 val_mrr=0.508559
[TRAIN] 2026-04-22 16:13:27 step=2870/67071 (4.28%) epoch=1/3 epoch_step=2870/22357 (12.84%) loss=0.256729 lr=0.000412304 elapsed=08:03 eta=02:59:55 val_mrr=0.508559
[TRAIN] 2026-04-22 16:13:29 step=2880/67071 (4.29%) epoch=1/3 epoch_step=2880/22357 (12.88%) loss=0.267316 lr=0.000414496 elapsed=08:04 eta=02:59:48 val_mrr=0.508559
[TRAIN] 2026-04-22 16:13:30 step=2890/67071 (4.31%) epoch=1/3 epoch_step=2890/22357 (12.93%) loss=0.268583 lr=0.000416691 elapsed=08:05 eta=02:59:40 val_mrr=0.508559
[TRAIN] 2026-04-22 16:13:32 step=2900/67071 (4.32%) epoch=1/3 epoch_step=2900/22357 (12.97%) loss=0.250438 lr=0.000418888 elapsed=08:08 eta=02:59:50 val_mrr=0.508559
[TRAIN] 2026-04-22 16:13:34 step=2910/67071 (4.34%) epoch=1/3 epoch_step=2910/22357 (13.02%) loss=0.288316 lr=0.000421088 elapsed=08:09 eta=02:59:44 val_mrr=0.508559
[TRAIN] 2026-04-22 16:13:35 step=2920/67071 (4.35%) epoch=1/3 epoch_step=2920/22357 (13.06%) loss=0.250128 lr=0.000423289 elapsed=08:10 eta=02:59:35 val_mrr=0.508559
[TRAIN] 2026-04-22 16:13:36 step=2930/67071 (4.37%) epoch=1/3 epoch_step=2930/22357 (13.11%) loss=0.285136 lr=0.000425493 elapsed=08:12 eta=02:59:27 val_mrr=0.508559
[TRAIN] 2026-04-22 16:13:38 step=2940/67071 (4.38%) epoch=1/3 epoch_step=2940/22357 (13.15%) loss=0.243363 lr=0.000427698 elapsed=08:13 eta=02:59:20 val_mrr=0.508559
[TRAIN] 2026-04-22 16:13:40 step=2950/67071 (4.40%) epoch=1/3 epoch_step=2950/22357 (13.19%) loss=0.276994 lr=0.000429906 elapsed=08:15 eta=02:59:23 val_mrr=0.508559
[TRAIN] 2026-04-22 16:13:41 step=2960/67071 (4.41%) epoch=1/3 epoch_step=2960/22357 (13.24%) loss=0.270775 lr=0.000432116 elapsed=08:17 eta=02:59:15 val_mrr=0.508559
[TRAIN] 2026-04-22 16:13:43 step=2970/67071 (4.43%) epoch=1/3 epoch_step=2970/22357 (13.28%) loss=0.266848 lr=0.000434327 elapsed=08:18 eta=02:59:06 val_mrr=0.508559
[TRAIN] 2026-04-22 16:13:44 step=2980/67071 (4.44%) epoch=1/3 epoch_step=2980/22357 (13.33%) loss=0.308578 lr=0.000436541 elapsed=08:19 eta=02:58:58 val_mrr=0.508559
[TRAIN] 2026-04-22 16:13:45 step=2990/67071 (4.46%) epoch=1/3 epoch_step=2990/22357 (13.37%) loss=0.294219 lr=0.000438756 elapsed=08:21 eta=02:58:50 val_mrr=0.508559
[STAGE] 2026-04-22 16:13:47 val prep subsets global=50000 art_art=1986 art_any=50000
[STAGE] 2026-04-22 16:13:47 val prep negatives global=50000 art_art=1986 art_any=50000
[STAGE] 2026-04-22 16:13:47 val prep unique_entities=136072
[STAGE] 2026-04-22 16:13:52 val prep entity_bank_ready unique_entities=136072 emb_dim=512
[STAGE] 2026-04-22 16:13:52 val start step=3000 epoch=0 task=relation_ranking subset=global triples=50000 batches=98 eval_batch_size=512
[STAGE] 2026-04-22 16:13:53 val start step=3000 epoch=0 task=triple_scoring subset=global triples=50000 batches=98 eval_batch_size=512
[STAGE] 2026-04-22 16:13:53 val start step=3000 epoch=0 task=relation_ranking subset=art_art triples=1986 batches=4 eval_batch_size=512
[STAGE] 2026-04-22 16:13:54 val start step=3000 epoch=0 task=triple_scoring subset=art_art triples=1986 batches=4 eval_batch_size=512
[STAGE] 2026-04-22 16:13:54 val start step=3000 epoch=0 task=relation_ranking subset=art_any triples=50000 batches=98 eval_batch_size=512
[STAGE] 2026-04-22 16:13:55 val start step=3000 epoch=0 task=triple_scoring subset=art_any triples=50000 batches=98 eval_batch_size=512
[VAL] 2026-04-22 16:13:56 step=3000 epoch=0 mrr=0.524650 aucpr=0.926803 art_art_mrr=0.204822 art_art_aucpr=0.683848 art_any_mrr=0.524670 art_any_aucpr=0.775565
[TRAIN] 2026-04-22 16:13:57 step=3000/67071 (4.47%) epoch=1/3 epoch_step=3000/22357 (13.42%) loss=0.280329 lr=0.000440973 elapsed=08:33 eta=03:02:30 val_mrr=0.524650
[TRAIN] 2026-04-22 16:13:59 step=3010/67071 (4.49%) epoch=1/3 epoch_step=3010/22357 (13.46%) loss=0.249515 lr=0.000443192 elapsed=08:34 eta=03:02:25 val_mrr=0.524650
[TRAIN] 2026-04-22 16:14:00 step=3020/67071 (4.50%) epoch=1/3 epoch_step=3020/22357 (13.51%) loss=0.249347 lr=0.000445412 elapsed=08:36 eta=03:02:18 val_mrr=0.524650
[TRAIN] 2026-04-22 16:14:02 step=3030/67071 (4.52%) epoch=1/3 epoch_step=3030/22357 (13.55%) loss=0.254955 lr=0.000447634 elapsed=08:37 eta=03:02:13 val_mrr=0.524650
[TRAIN] 2026-04-22 16:14:04 step=3040/67071 (4.53%) epoch=1/3 epoch_step=3040/22357 (13.60%) loss=0.277423 lr=0.000449858 elapsed=08:39 eta=03:02:18 val_mrr=0.524650
[TRAIN] 2026-04-22 16:14:05 step=3050/67071 (4.55%) epoch=1/3 epoch_step=3050/22357 (13.64%) loss=0.267551 lr=0.000452083 elapsed=08:41 eta=03:02:10 val_mrr=0.524650
[TRAIN] 2026-04-22 16:14:07 step=3060/67071 (4.56%) epoch=1/3 epoch_step=3060/22357 (13.69%) loss=0.229027 lr=0.00045431 elapsed=08:42 eta=03:02:01 val_mrr=0.524650
[TRAIN] 2026-04-22 16:14:08 step=3070/67071 (4.58%) epoch=1/3 epoch_step=3070/22357 (13.73%) loss=0.255042 lr=0.000456538 elapsed=08:43 eta=03:01:53 val_mrr=0.524650
[TRAIN] 2026-04-22 16:14:10 step=3080/67071 (4.59%) epoch=1/3 epoch_step=3080/22357 (13.78%) loss=0.250056 lr=0.000458768 elapsed=08:45 eta=03:01:47 val_mrr=0.524650
[TRAIN] 2026-04-22 16:14:11 step=3090/67071 (4.61%) epoch=1/3 epoch_step=3090/22357 (13.82%) loss=0.243274 lr=0.000460999 elapsed=08:46 eta=03:01:39 val_mrr=0.524650
[TRAIN] 2026-04-22 16:14:13 step=3100/67071 (4.62%) epoch=1/3 epoch_step=3100/22357 (13.87%) loss=0.264041 lr=0.000463231 elapsed=08:49 eta=03:01:48 val_mrr=0.524650
[TRAIN] 2026-04-22 16:14:15 step=3110/67071 (4.64%) epoch=1/3 epoch_step=3110/22357 (13.91%) loss=0.253581 lr=0.000465465 elapsed=08:50 eta=03:01:41 val_mrr=0.524650
[TRAIN] 2026-04-22 16:14:16 step=3120/67071 (4.65%) epoch=1/3 epoch_step=3120/22357 (13.96%) loss=0.284949 lr=0.000467699 elapsed=08:51 eta=03:01:34 val_mrr=0.524650
[TRAIN] 2026-04-22 16:14:18 step=3130/67071 (4.67%) epoch=1/3 epoch_step=3130/22357 (14.00%) loss=0.252120 lr=0.000469935 elapsed=08:53 eta=03:01:26 val_mrr=0.524650
[TRAIN] 2026-04-22 16:14:19 step=3140/67071 (4.68%) epoch=1/3 epoch_step=3140/22357 (14.04%) loss=0.272865 lr=0.000472172 elapsed=08:54 eta=03:01:21 val_mrr=0.524650
[TRAIN] 2026-04-22 16:14:21 step=3150/67071 (4.70%) epoch=1/3 epoch_step=3150/22357 (14.09%) loss=0.255037 lr=0.00047441 elapsed=08:57 eta=03:01:29 val_mrr=0.524650
[TRAIN] 2026-04-22 16:14:23 step=3160/67071 (4.71%) epoch=1/3 epoch_step=3160/22357 (14.13%) loss=0.271100 lr=0.000476649 elapsed=08:58 eta=03:01:22 val_mrr=0.524650
[TRAIN] 2026-04-22 16:14:24 step=3170/67071 (4.73%) epoch=1/3 epoch_step=3170/22357 (14.18%) loss=0.253343 lr=0.000478889 elapsed=08:59 eta=03:01:15 val_mrr=0.524650
[TRAIN] 2026-04-22 16:14:25 step=3180/67071 (4.74%) epoch=1/3 epoch_step=3180/22357 (14.22%) loss=0.235822 lr=0.00048113 elapsed=09:01 eta=03:01:06 val_mrr=0.524650
[TRAIN] 2026-04-22 16:14:27 step=3190/67071 (4.76%) epoch=1/3 epoch_step=3190/22357 (14.27%) loss=0.241230 lr=0.000483371 elapsed=09:02 eta=03:00:59 val_mrr=0.524650
[TRAIN] 2026-04-22 16:14:29 step=3200/67071 (4.77%) epoch=1/3 epoch_step=3200/22357 (14.31%) loss=0.279025 lr=0.000485614 elapsed=09:04 eta=03:01:08 val_mrr=0.524650
[TRAIN] 2026-04-22 16:14:31 step=3210/67071 (4.79%) epoch=1/3 epoch_step=3210/22357 (14.36%) loss=0.267923 lr=0.000487857 elapsed=09:06 eta=03:01:03 val_mrr=0.524650
[TRAIN] 2026-04-22 16:14:32 step=3220/67071 (4.80%) epoch=1/3 epoch_step=3220/22357 (14.40%) loss=0.254522 lr=0.000490101 elapsed=09:07 eta=03:00:57 val_mrr=0.524650
[TRAIN] 2026-04-22 16:14:34 step=3230/67071 (4.82%) epoch=1/3 epoch_step=3230/22357 (14.45%) loss=0.250046 lr=0.000492346 elapsed=09:09 eta=03:00:50 val_mrr=0.524650
[TRAIN] 2026-04-22 16:14:35 step=3240/67071 (4.83%) epoch=1/3 epoch_step=3240/22357 (14.49%) loss=0.275033 lr=0.000494591 elapsed=09:10 eta=03:00:44 val_mrr=0.524650
[TRAIN] 2026-04-22 16:14:36 step=3250/67071 (4.85%) epoch=1/3 epoch_step=3250/22357 (14.54%) loss=0.275969 lr=0.000496837 elapsed=09:12 eta=03:00:37 val_mrr=0.524650
[TRAIN] 2026-04-22 16:14:38 step=3260/67071 (4.86%) epoch=1/3 epoch_step=3260/22357 (14.58%) loss=0.257080 lr=0.000499083 elapsed=09:14 eta=03:00:41 val_mrr=0.524650
[TRAIN] 2026-04-22 16:14:40 step=3270/67071 (4.88%) epoch=1/3 epoch_step=3270/22357 (14.63%) loss=0.274506 lr=0.00050133 elapsed=09:15 eta=03:00:34 val_mrr=0.524650
[TRAIN] 2026-04-22 16:14:41 step=3280/67071 (4.89%) epoch=1/3 epoch_step=3280/22357 (14.67%) loss=0.277386 lr=0.000503577 elapsed=09:17 eta=03:00:28 val_mrr=0.524650
[TRAIN] 2026-04-22 16:14:43 step=3290/67071 (4.91%) epoch=1/3 epoch_step=3290/22357 (14.72%) loss=0.227625 lr=0.000505824 elapsed=09:18 eta=03:00:20 val_mrr=0.524650
[TRAIN] 2026-04-22 16:14:45 step=3300/67071 (4.92%) epoch=1/3 epoch_step=3300/22357 (14.76%) loss=0.265132 lr=0.000508072 elapsed=09:20 eta=03:00:29 val_mrr=0.524650
[TRAIN] 2026-04-22 16:14:46 step=3310/67071 (4.94%) epoch=1/3 epoch_step=3310/22357 (14.81%) loss=0.272056 lr=0.00051032 elapsed=09:22 eta=03:00:23 val_mrr=0.524650
[TRAIN] 2026-04-22 16:14:48 step=3320/67071 (4.95%) epoch=1/3 epoch_step=3320/22357 (14.85%) loss=0.271681 lr=0.000512569 elapsed=09:23 eta=03:00:15 val_mrr=0.524650
[TRAIN] 2026-04-22 16:14:49 step=3330/67071 (4.96%) epoch=1/3 epoch_step=3330/22357 (14.89%) loss=0.285001 lr=0.000514817 elapsed=09:25 eta=03:00:07 val_mrr=0.524650
[TRAIN] 2026-04-22 16:14:51 step=3340/67071 (4.98%) epoch=1/3 epoch_step=3340/22357 (14.94%) loss=0.275489 lr=0.000517066 elapsed=09:26 eta=03:00:00 val_mrr=0.524650
[TRAIN] 2026-04-22 16:14:52 step=3350/67071 (4.99%) epoch=1/3 epoch_step=3350/22357 (14.98%) loss=0.237992 lr=0.000519314 elapsed=09:27 eta=02:59:54 val_mrr=0.524650
[TRAIN] 2026-04-22 16:14:54 step=3360/67071 (5.01%) epoch=1/3 epoch_step=3360/22357 (15.03%) loss=0.270613 lr=0.000521563 elapsed=09:29 eta=02:59:48 val_mrr=0.524650
[TRAIN] 2026-04-22 16:14:56 step=3370/67071 (5.02%) epoch=1/3 epoch_step=3370/22357 (15.07%) loss=0.233235 lr=0.000523811 elapsed=09:31 eta=02:59:52 val_mrr=0.524650
[TRAIN] 2026-04-22 16:14:57 step=3380/67071 (5.04%) epoch=1/3 epoch_step=3380/22357 (15.12%) loss=0.257040 lr=0.00052606 elapsed=09:32 eta=02:59:47 val_mrr=0.524650
[TRAIN] 2026-04-22 16:14:59 step=3390/67071 (5.05%) epoch=1/3 epoch_step=3390/22357 (15.16%) loss=0.261831 lr=0.000528308 elapsed=09:34 eta=02:59:41 val_mrr=0.524650
[TRAIN] 2026-04-22 16:15:01 step=3400/67071 (5.07%) epoch=1/3 epoch_step=3400/22357 (15.21%) loss=0.302039 lr=0.000530557 elapsed=09:36 eta=02:59:49 val_mrr=0.524650
[TRAIN] 2026-04-22 16:15:02 step=3410/67071 (5.08%) epoch=1/3 epoch_step=3410/22357 (15.25%) loss=0.232288 lr=0.000532805 elapsed=09:38 eta=02:59:42 val_mrr=0.524650
[TRAIN] 2026-04-22 16:15:04 step=3420/67071 (5.10%) epoch=1/3 epoch_step=3420/22357 (15.30%) loss=0.279423 lr=0.000535052 elapsed=09:39 eta=02:59:35 val_mrr=0.524650
[TRAIN] 2026-04-22 16:15:05 step=3430/67071 (5.11%) epoch=1/3 epoch_step=3430/22357 (15.34%) loss=0.251557 lr=0.0005373 elapsed=09:41 eta=02:59:33 val_mrr=0.524650
[TRAIN] 2026-04-22 16:15:07 step=3440/67071 (5.13%) epoch=1/3 epoch_step=3440/22357 (15.39%) loss=0.248234 lr=0.000539547 elapsed=09:42 eta=02:59:26 val_mrr=0.524650
[TRAIN] 2026-04-22 16:15:08 step=3450/67071 (5.14%) epoch=1/3 epoch_step=3450/22357 (15.43%) loss=0.264169 lr=0.000541793 elapsed=09:43 eta=02:59:20 val_mrr=0.524650
[TRAIN] 2026-04-22 16:15:09 step=3460/67071 (5.16%) epoch=1/3 epoch_step=3460/22357 (15.48%) loss=0.266834 lr=0.000544039 elapsed=09:45 eta=02:59:13 val_mrr=0.524650
[TRAIN] 2026-04-22 16:15:11 step=3470/67071 (5.17%) epoch=1/3 epoch_step=3470/22357 (15.52%) loss=0.250703 lr=0.000546285 elapsed=09:47 eta=02:59:16 val_mrr=0.524650
[TRAIN] 2026-04-22 16:15:13 step=3480/67071 (5.19%) epoch=1/3 epoch_step=3480/22357 (15.57%) loss=0.251139 lr=0.00054853 elapsed=09:48 eta=02:59:09 val_mrr=0.524650
[TRAIN] 2026-04-22 16:15:14 step=3490/67071 (5.20%) epoch=1/3 epoch_step=3490/22357 (15.61%) loss=0.281812 lr=0.000550774 elapsed=09:50 eta=02:59:02 val_mrr=0.524650
[STAGE] 2026-04-22 16:15:16 val prep subsets global=50000 art_art=1986 art_any=50000
[STAGE] 2026-04-22 16:15:16 val prep negatives global=50000 art_art=1986 art_any=50000
[STAGE] 2026-04-22 16:15:16 val prep unique_entities=136083
[STAGE] 2026-04-22 16:15:21 val prep entity_bank_ready unique_entities=136083 emb_dim=512
[STAGE] 2026-04-22 16:15:21 val start step=3500 epoch=0 task=relation_ranking subset=global triples=50000 batches=98 eval_batch_size=512
[STAGE] 2026-04-22 16:15:22 val start step=3500 epoch=0 task=triple_scoring subset=global triples=50000 batches=98 eval_batch_size=512
[STAGE] 2026-04-22 16:15:22 val start step=3500 epoch=0 task=relation_ranking subset=art_art triples=1986 batches=4 eval_batch_size=512
[STAGE] 2026-04-22 16:15:23 val start step=3500 epoch=0 task=triple_scoring subset=art_art triples=1986 batches=4 eval_batch_size=512
[STAGE] 2026-04-22 16:15:23 val start step=3500 epoch=0 task=relation_ranking subset=art_any triples=50000 batches=98 eval_batch_size=512
[STAGE] 2026-04-22 16:15:24 val start step=3500 epoch=0 task=triple_scoring subset=art_any triples=50000 batches=98 eval_batch_size=512
[VAL] 2026-04-22 16:15:25 step=3500 epoch=0 mrr=0.551819 aucpr=0.932225 art_art_mrr=0.315490 art_art_aucpr=0.772055 art_any_mrr=0.551839 art_any_aucpr=0.796277
[TRAIN] 2026-04-22 16:15:26 step=3500/67071 (5.22%) epoch=1/3 epoch_step=3500/22357 (15.66%) loss=0.264461 lr=0.000553018 elapsed=10:02 eta=03:02:07 val_mrr=0.551819
[TRAIN] 2026-04-22 16:15:28 step=3510/67071 (5.23%) epoch=1/3 epoch_step=3510/22357 (15.70%) loss=0.262191 lr=0.000555261 elapsed=10:03 eta=03:01:59 val_mrr=0.551819
[TRAIN] 2026-04-22 16:15:29 step=3520/67071 (5.25%) epoch=1/3 epoch_step=3520/22357 (15.74%) loss=0.269760 lr=0.000557503 elapsed=10:04 eta=03:01:51 val_mrr=0.551819
[TRAIN] 2026-04-22 16:15:30 step=3530/67071 (5.26%) epoch=1/3 epoch_step=3530/22357 (15.79%) loss=0.278614 lr=0.000559744 elapsed=10:06 eta=03:01:44 val_mrr=0.551819
[TRAIN] 2026-04-22 16:15:32 step=3540/67071 (5.28%) epoch=1/3 epoch_step=3540/22357 (15.83%) loss=0.263982 lr=0.000561985 elapsed=10:07 eta=03:01:37 val_mrr=0.551819
[TRAIN] 2026-04-22 16:15:33 step=3550/67071 (5.29%) epoch=1/3 epoch_step=3550/22357 (15.88%) loss=0.246760 lr=0.000564224 elapsed=10:09 eta=03:01:29 val_mrr=0.551819
[TRAIN] 2026-04-22 16:15:35 step=3560/67071 (5.31%) epoch=1/3 epoch_step=3560/22357 (15.92%) loss=0.261853 lr=0.000566463 elapsed=10:10 eta=03:01:31 val_mrr=0.551819
[TRAIN] 2026-04-22 16:15:36 step=3570/67071 (5.32%) epoch=1/3 epoch_step=3570/22357 (15.97%) loss=0.261957 lr=0.0005687 elapsed=10:12 eta=03:01:23 val_mrr=0.551819
[TRAIN] 2026-04-22 16:15:38 step=3580/67071 (5.34%) epoch=1/3 epoch_step=3580/22357 (16.01%) loss=0.275467 lr=0.000570937 elapsed=10:13 eta=03:01:15 val_mrr=0.551819
[TRAIN] 2026-04-22 16:15:39 step=3590/67071 (5.35%) epoch=1/3 epoch_step=3590/22357 (16.06%) loss=0.242623 lr=0.000573172 elapsed=10:15 eta=03:01:08 val_mrr=0.551819
[TRAIN] 2026-04-22 16:15:41 step=3600/67071 (5.37%) epoch=1/3 epoch_step=3600/22357 (16.10%) loss=0.264795 lr=0.000575407 elapsed=10:17 eta=03:01:15 val_mrr=0.551819
[TRAIN] 2026-04-22 16:15:43 step=3610/67071 (5.38%) epoch=1/3 epoch_step=3610/22357 (16.15%) loss=0.260107 lr=0.00057764 elapsed=10:18 eta=03:01:07 val_mrr=0.551819
[TRAIN] 2026-04-22 16:15:44 step=3620/67071 (5.40%) epoch=1/3 epoch_step=3620/22357 (16.19%) loss=0.258764 lr=0.000579871 elapsed=10:20 eta=03:01:00 val_mrr=0.551819
[TRAIN] 2026-04-22 16:15:46 step=3630/67071 (5.41%) epoch=1/3 epoch_step=3630/22357 (16.24%) loss=0.245117 lr=0.000582102 elapsed=10:21 eta=03:00:54 val_mrr=0.551819
[TRAIN] 2026-04-22 16:15:47 step=3640/67071 (5.43%) epoch=1/3 epoch_step=3640/22357 (16.28%) loss=0.237246 lr=0.000584331 elapsed=10:23 eta=03:00:50 val_mrr=0.551819
[TRAIN] 2026-04-22 16:15:49 step=3650/67071 (5.44%) epoch=1/3 epoch_step=3650/22357 (16.33%) loss=0.258017 lr=0.000586558 elapsed=10:24 eta=03:00:43 val_mrr=0.551819
[TRAIN] 2026-04-22 16:15:50 step=3660/67071 (5.46%) epoch=1/3 epoch_step=3660/22357 (16.37%) loss=0.287365 lr=0.000588785 elapsed=10:25 eta=03:00:36 val_mrr=0.551819
[TRAIN] 2026-04-22 16:15:52 step=3670/67071 (5.47%) epoch=1/3 epoch_step=3670/22357 (16.42%) loss=0.254700 lr=0.000591009 elapsed=10:27 eta=03:00:38 val_mrr=0.551819
[TRAIN] 2026-04-22 16:15:53 step=3680/67071 (5.49%) epoch=1/3 epoch_step=3680/22357 (16.46%) loss=0.239655 lr=0.000593232 elapsed=10:29 eta=03:00:32 val_mrr=0.551819
[TRAIN] 2026-04-22 16:15:55 step=3690/67071 (5.50%) epoch=1/3 epoch_step=3690/22357 (16.50%) loss=0.258453 lr=0.000595454 elapsed=10:30 eta=03:00:25 val_mrr=0.551819
[TRAIN] 2026-04-22 16:15:57 step=3700/67071 (5.52%) epoch=1/3 epoch_step=3700/22357 (16.55%) loss=0.261642 lr=0.000597674 elapsed=10:32 eta=03:00:30 val_mrr=0.551819
[TRAIN] 2026-04-22 16:15:58 step=3710/67071 (5.53%) epoch=1/3 epoch_step=3710/22357 (16.59%) loss=0.261291 lr=0.000599892 elapsed=10:34 eta=03:00:23 val_mrr=0.551819
[TRAIN] 2026-04-22 16:16:00 step=3720/67071 (5.55%) epoch=1/3 epoch_step=3720/22357 (16.64%) loss=0.300696 lr=0.000602108 elapsed=10:35 eta=03:00:17 val_mrr=0.551819
[TRAIN] 2026-04-22 16:16:01 step=3730/67071 (5.56%) epoch=1/3 epoch_step=3730/22357 (16.68%) loss=0.230185 lr=0.000604323 elapsed=10:37 eta=03:00:10 val_mrr=0.551819
[TRAIN] 2026-04-22 16:16:03 step=3740/67071 (5.58%) epoch=1/3 epoch_step=3740/22357 (16.73%) loss=0.258478 lr=0.000606536 elapsed=10:38 eta=03:00:02 val_mrr=0.551819
[TRAIN] 2026-04-22 16:16:04 step=3750/67071 (5.59%) epoch=1/3 epoch_step=3750/22357 (16.77%) loss=0.272423 lr=0.000608746 elapsed=10:40 eta=02:59:58 val_mrr=0.551819
[TRAIN] 2026-04-22 16:16:06 step=3760/67071 (5.61%) epoch=1/3 epoch_step=3760/22357 (16.82%) loss=0.241479 lr=0.000610955 elapsed=10:41 eta=02:59:53 val_mrr=0.551819
[TRAIN] 2026-04-22 16:16:07 step=3770/67071 (5.62%) epoch=1/3 epoch_step=3770/22357 (16.86%) loss=0.258510 lr=0.000613162 elapsed=10:42 eta=02:59:48 val_mrr=0.551819
[TRAIN] 2026-04-22 16:16:09 step=3780/67071 (5.64%) epoch=1/3 epoch_step=3780/22357 (16.91%) loss=0.295627 lr=0.000615367 elapsed=10:44 eta=02:59:49 val_mrr=0.551819
[TRAIN] 2026-04-22 16:16:10 step=3790/67071 (5.65%) epoch=1/3 epoch_step=3790/22357 (16.95%) loss=0.228829 lr=0.00061757 elapsed=10:46 eta=02:59:43 val_mrr=0.551819
[TRAIN] 2026-04-22 16:16:13 step=3800/67071 (5.67%) epoch=1/3 epoch_step=3800/22357 (17.00%) loss=0.255138 lr=0.00061977 elapsed=10:48 eta=02:59:50 val_mrr=0.551819
[TRAIN] 2026-04-22 16:16:14 step=3810/67071 (5.68%) epoch=1/3 epoch_step=3810/22357 (17.04%) loss=0.250729 lr=0.000621969 elapsed=10:49 eta=02:59:44 val_mrr=0.551819
[TRAIN] 2026-04-22 16:16:16 step=3820/67071 (5.70%) epoch=1/3 epoch_step=3820/22357 (17.09%) loss=0.311600 lr=0.000624165 elapsed=10:51 eta=02:59:40 val_mrr=0.551819
[TRAIN] 2026-04-22 16:16:17 step=3830/67071 (5.71%) epoch=1/3 epoch_step=3830/22357 (17.13%) loss=0.234800 lr=0.000626359 elapsed=10:52 eta=02:59:34 val_mrr=0.551819
[TRAIN] 2026-04-22 16:16:18 step=3840/67071 (5.73%) epoch=1/3 epoch_step=3840/22357 (17.18%) loss=0.249346 lr=0.000628551 elapsed=10:54 eta=02:59:27 val_mrr=0.551819
[TRAIN] 2026-04-22 16:16:20 step=3850/67071 (5.74%) epoch=1/3 epoch_step=3850/22357 (17.22%) loss=0.281034 lr=0.00063074 elapsed=10:55 eta=02:59:20 val_mrr=0.551819
[TRAIN] 2026-04-22 16:16:21 step=3860/67071 (5.76%) epoch=1/3 epoch_step=3860/22357 (17.27%) loss=0.268099 lr=0.000632927 elapsed=10:57 eta=02:59:14 val_mrr=0.551819
[TRAIN] 2026-04-22 16:16:23 step=3870/67071 (5.77%) epoch=1/3 epoch_step=3870/22357 (17.31%) loss=0.310006 lr=0.000635111 elapsed=10:58 eta=02:59:08 val_mrr=0.551819
[TRAIN] 2026-04-22 16:16:25 step=3880/67071 (5.78%) epoch=1/3 epoch_step=3880/22357 (17.35%) loss=0.241352 lr=0.000637293 elapsed=11:00 eta=02:59:10 val_mrr=0.551819
[TRAIN] 2026-04-22 16:16:26 step=3890/67071 (5.80%) epoch=1/3 epoch_step=3890/22357 (17.40%) loss=0.244159 lr=0.000639472 elapsed=11:02 eta=02:59:05 val_mrr=0.551819
[TRAIN] 2026-04-22 16:16:28 step=3900/67071 (5.81%) epoch=1/3 epoch_step=3900/22357 (17.44%) loss=0.252581 lr=0.000641648 elapsed=11:04 eta=02:59:13 val_mrr=0.551819
[TRAIN] 2026-04-22 16:16:30 step=3910/67071 (5.83%) epoch=1/3 epoch_step=3910/22357 (17.49%) loss=0.251298 lr=0.000643822 elapsed=11:05 eta=02:59:07 val_mrr=0.551819
[TRAIN] 2026-04-22 16:16:31 step=3920/67071 (5.84%) epoch=1/3 epoch_step=3920/22357 (17.53%) loss=0.252992 lr=0.000645993 elapsed=11:07 eta=02:59:03 val_mrr=0.551819
[TRAIN] 2026-04-22 16:16:33 step=3930/67071 (5.86%) epoch=1/3 epoch_step=3930/22357 (17.58%) loss=0.257554 lr=0.000648162 elapsed=11:08 eta=02:58:57 val_mrr=0.551819
[TRAIN] 2026-04-22 16:16:34 step=3940/67071 (5.87%) epoch=1/3 epoch_step=3940/22357 (17.62%) loss=0.267612 lr=0.000650327 elapsed=11:10 eta=02:58:50 val_mrr=0.551819
[TRAIN] 2026-04-22 16:16:36 step=3950/67071 (5.89%) epoch=1/3 epoch_step=3950/22357 (17.67%) loss=0.283070 lr=0.00065249 elapsed=11:11 eta=02:58:46 val_mrr=0.551819
[TRAIN] 2026-04-22 16:16:37 step=3960/67071 (5.90%) epoch=1/3 epoch_step=3960/22357 (17.71%) loss=0.277077 lr=0.00065465 elapsed=11:13 eta=02:58:40 val_mrr=0.551819
[TRAIN] 2026-04-22 16:16:39 step=3970/67071 (5.92%) epoch=1/3 epoch_step=3970/22357 (17.76%) loss=0.284654 lr=0.000656807 elapsed=11:14 eta=02:58:34 val_mrr=0.551819
[TRAIN] 2026-04-22 16:16:40 step=3980/67071 (5.93%) epoch=1/3 epoch_step=3980/22357 (17.80%) loss=0.270205 lr=0.000658961 elapsed=11:16 eta=02:58:30 val_mrr=0.551819
[TRAIN] 2026-04-22 16:16:42 step=3990/67071 (5.95%) epoch=1/3 epoch_step=3990/22357 (17.85%) loss=0.263723 lr=0.000661112 elapsed=11:18 eta=02:58:35 val_mrr=0.551819
[STAGE] 2026-04-22 16:16:44 val prep subsets global=50000 art_art=1986 art_any=50000
[STAGE] 2026-04-22 16:16:44 val prep negatives global=50000 art_art=1986 art_any=50000
[STAGE] 2026-04-22 16:16:44 val prep unique_entities=136030
[STAGE] 2026-04-22 16:16:49 val prep entity_bank_ready unique_entities=136030 emb_dim=512
[STAGE] 2026-04-22 16:16:49 val start step=4000 epoch=0 task=relation_ranking subset=global triples=50000 batches=98 eval_batch_size=512
[STAGE] 2026-04-22 16:16:50 val start step=4000 epoch=0 task=triple_scoring subset=global triples=50000 batches=98 eval_batch_size=512
[STAGE] 2026-04-22 16:16:51 val start step=4000 epoch=0 task=relation_ranking subset=art_art triples=1986 batches=4 eval_batch_size=512
[STAGE] 2026-04-22 16:16:51 val start step=4000 epoch=0 task=triple_scoring subset=art_art triples=1986 batches=4 eval_batch_size=512
[STAGE] 2026-04-22 16:16:51 val start step=4000 epoch=0 task=relation_ranking subset=art_any triples=50000 batches=98 eval_batch_size=512
[STAGE] 2026-04-22 16:16:52 val start step=4000 epoch=0 task=triple_scoring subset=art_any triples=50000 batches=98 eval_batch_size=512
[VAL] 2026-04-22 16:16:53 step=4000 epoch=0 mrr=0.504609 aucpr=0.939198 art_art_mrr=0.280946 art_art_aucpr=0.780502 art_any_mrr=0.504619 art_any_aucpr=0.823640
[TRAIN] 2026-04-22 16:16:54 step=4000/67071 (5.96%) epoch=1/3 epoch_step=4000/22357 (17.89%) loss=0.226460 lr=0.000663259 elapsed=11:29 eta=03:01:04 val_mrr=0.551819
[TRAIN] 2026-04-22 16:16:55 step=4010/67071 (5.98%) epoch=1/3 epoch_step=4010/22357 (17.94%) loss=0.269551 lr=0.000665404 elapsed=11:31 eta=03:01:00 val_mrr=0.551819
[TRAIN] 2026-04-22 16:16:57 step=4020/67071 (5.99%) epoch=1/3 epoch_step=4020/22357 (17.98%) loss=0.253529 lr=0.000667545 elapsed=11:32 eta=03:00:53 val_mrr=0.551819
[TRAIN] 2026-04-22 16:16:58 step=4030/67071 (6.01%) epoch=1/3 epoch_step=4030/22357 (18.03%) loss=0.246488 lr=0.000669683 elapsed=11:33 eta=03:00:45 val_mrr=0.551819
[TRAIN] 2026-04-22 16:16:59 step=4040/67071 (6.02%) epoch=1/3 epoch_step=4040/22357 (18.07%) loss=0.268447 lr=0.000671818 elapsed=11:35 eta=03:00:39 val_mrr=0.551819
[TRAIN] 2026-04-22 16:17:01 step=4050/67071 (6.04%) epoch=1/3 epoch_step=4050/22357 (18.12%) loss=0.211194 lr=0.00067395 elapsed=11:36 eta=03:00:31 val_mrr=0.551819
[TRAIN] 2026-04-22 16:17:02 step=4060/67071 (6.05%) epoch=1/3 epoch_step=4060/22357 (18.16%) loss=0.256405 lr=0.000676078 elapsed=11:38 eta=03:00:26 val_mrr=0.551819
[TRAIN] 2026-04-22 16:17:04 step=4070/67071 (6.07%) epoch=1/3 epoch_step=4070/22357 (18.20%) loss=0.242173 lr=0.000678203 elapsed=11:39 eta=03:00:19 val_mrr=0.551819
[TRAIN] 2026-04-22 16:17:06 step=4080/67071 (6.08%) epoch=1/3 epoch_step=4080/22357 (18.25%) loss=0.230525 lr=0.000680324 elapsed=11:41 eta=03:00:22 val_mrr=0.551819
[TRAIN] 2026-04-22 16:17:07 step=4090/67071 (6.10%) epoch=1/3 epoch_step=4090/22357 (18.29%) loss=0.261106 lr=0.000682442 elapsed=11:42 eta=03:00:15 val_mrr=0.551819
[TRAIN] 2026-04-22 16:17:09 step=4100/67071 (6.11%) epoch=1/3 epoch_step=4100/22357 (18.34%) loss=0.238853 lr=0.000684556 elapsed=11:44 eta=03:00:20 val_mrr=0.551819
[TRAIN] 2026-04-22 16:17:10 step=4110/67071 (6.13%) epoch=1/3 epoch_step=4110/22357 (18.38%) loss=0.238614 lr=0.000686666 elapsed=11:46 eta=03:00:12 val_mrr=0.551819
[TRAIN] 2026-04-22 16:17:12 step=4120/67071 (6.14%) epoch=1/3 epoch_step=4120/22357 (18.43%) loss=0.281218 lr=0.000688773 elapsed=11:47 eta=03:00:05 val_mrr=0.551819
[TRAIN] 2026-04-22 16:17:13 step=4130/67071 (6.16%) epoch=1/3 epoch_step=4130/22357 (18.47%) loss=0.232495 lr=0.000690876 elapsed=11:49 eta=02:59:58 val_mrr=0.551819
[TRAIN] 2026-04-22 16:17:15 step=4140/67071 (6.17%) epoch=1/3 epoch_step=4140/22357 (18.52%) loss=0.245329 lr=0.000692976 elapsed=11:50 eta=02:59:51 val_mrr=0.551819
[TRAIN] 2026-04-22 16:17:16 step=4150/67071 (6.19%) epoch=1/3 epoch_step=4150/22357 (18.56%) loss=0.264569 lr=0.000695072 elapsed=11:51 eta=02:59:45 val_mrr=0.551819
[TRAIN] 2026-04-22 16:17:17 step=4160/67071 (6.20%) epoch=1/3 epoch_step=4160/22357 (18.61%) loss=0.220850 lr=0.000697163 elapsed=11:53 eta=02:59:38 val_mrr=0.551819
[TRAIN] 2026-04-22 16:17:19 step=4170/67071 (6.22%) epoch=1/3 epoch_step=4170/22357 (18.65%) loss=0.279053 lr=0.000699251 elapsed=11:54 eta=02:59:32 val_mrr=0.551819
[TRAIN] 2026-04-22 16:17:21 step=4180/67071 (6.23%) epoch=1/3 epoch_step=4180/22357 (18.70%) loss=0.260472 lr=0.000701335 elapsed=11:56 eta=02:59:34 val_mrr=0.551819
[TRAIN] 2026-04-22 16:17:22 step=4190/67071 (6.25%) epoch=1/3 epoch_step=4190/22357 (18.74%) loss=0.236698 lr=0.000703415 elapsed=11:58 eta=02:59:29 val_mrr=0.551819
[TRAIN] 2026-04-22 16:17:24 step=4200/67071 (6.26%) epoch=1/3 epoch_step=4200/22357 (18.79%) loss=0.213789 lr=0.000705491 elapsed=12:00 eta=02:59:35 val_mrr=0.551819
[TRAIN] 2026-04-22 16:17:26 step=4210/67071 (6.28%) epoch=1/3 epoch_step=4210/22357 (18.83%) loss=0.252303 lr=0.000707563 elapsed=12:01 eta=02:59:29 val_mrr=0.551819
[TRAIN] 2026-04-22 16:17:27 step=4220/67071 (6.29%) epoch=1/3 epoch_step=4220/22357 (18.88%) loss=0.282715 lr=0.000709631 elapsed=12:03 eta=02:59:23 val_mrr=0.551819
[TRAIN] 2026-04-22 16:17:29 step=4230/67071 (6.31%) epoch=1/3 epoch_step=4230/22357 (18.92%) loss=0.269739 lr=0.000711695 elapsed=12:04 eta=02:59:16 val_mrr=0.551819
[TRAIN] 2026-04-22 16:17:30 step=4240/67071 (6.32%) epoch=1/3 epoch_step=4240/22357 (18.96%) loss=0.224843 lr=0.000713754 elapsed=12:05 eta=02:59:10 val_mrr=0.551819
[TRAIN] 2026-04-22 16:17:31 step=4250/67071 (6.34%) epoch=1/3 epoch_step=4250/22357 (19.01%) loss=0.260711 lr=0.000715809 elapsed=12:07 eta=02:59:03 val_mrr=0.551819
[TRAIN] 2026-04-22 16:17:33 step=4260/67071 (6.35%) epoch=1/3 epoch_step=4260/22357 (19.05%) loss=0.236663 lr=0.00071786 elapsed=12:08 eta=02:58:58 val_mrr=0.551819
[TRAIN] 2026-04-22 16:17:34 step=4270/67071 (6.37%) epoch=1/3 epoch_step=4270/22357 (19.10%) loss=0.248066 lr=0.000719907 elapsed=12:10 eta=02:58:51 val_mrr=0.551819
[TRAIN] 2026-04-22 16:17:36 step=4280/67071 (6.38%) epoch=1/3 epoch_step=4280/22357 (19.14%) loss=0.268796 lr=0.000721949 elapsed=12:11 eta=02:58:45 val_mrr=0.551819
[TRAIN] 2026-04-22 16:17:38 step=4290/67071 (6.40%) epoch=1/3 epoch_step=4290/22357 (19.19%) loss=0.247507 lr=0.000723987 elapsed=12:13 eta=02:58:48 val_mrr=0.551819
[TRAIN] 2026-04-22 16:17:40 step=4300/67071 (6.41%) epoch=1/3 epoch_step=4300/22357 (19.23%) loss=0.266464 lr=0.00072602 elapsed=12:15 eta=02:58:51 val_mrr=0.551819
[TRAIN] 2026-04-22 16:17:41 step=4310/67071 (6.43%) epoch=1/3 epoch_step=4310/22357 (19.28%) loss=0.238040 lr=0.000728049 elapsed=12:16 eta=02:58:45 val_mrr=0.551819
[TRAIN] 2026-04-22 16:17:43 step=4320/67071 (6.44%) epoch=1/3 epoch_step=4320/22357 (19.32%) loss=0.225221 lr=0.000730073 elapsed=12:18 eta=02:58:39 val_mrr=0.551819
[TRAIN] 2026-04-22 16:17:44 step=4330/67071 (6.46%) epoch=1/3 epoch_step=4330/22357 (19.37%) loss=0.248431 lr=0.000732092 elapsed=12:19 eta=02:58:32 val_mrr=0.551819
[TRAIN] 2026-04-22 16:17:45 step=4340/67071 (6.47%) epoch=1/3 epoch_step=4340/22357 (19.41%) loss=0.231440 lr=0.000734107 elapsed=12:21 eta=02:58:25 val_mrr=0.551819
[TRAIN] 2026-04-22 16:17:47 step=4350/67071 (6.49%) epoch=1/3 epoch_step=4350/22357 (19.46%) loss=0.249714 lr=0.000736117 elapsed=12:22 eta=02:58:18 val_mrr=0.551819
[TRAIN] 2026-04-22 16:17:48 step=4360/67071 (6.50%) epoch=1/3 epoch_step=4360/22357 (19.50%) loss=0.260419 lr=0.000738123 elapsed=12:23 eta=02:58:11 val_mrr=0.551819
[TRAIN] 2026-04-22 16:17:49 step=4370/67071 (6.52%) epoch=1/3 epoch_step=4370/22357 (19.55%) loss=0.238893 lr=0.000740123 elapsed=12:25 eta=02:58:06 val_mrr=0.551819
[TRAIN] 2026-04-22 16:17:51 step=4380/67071 (6.53%) epoch=1/3 epoch_step=4380/22357 (19.59%) loss=0.252331 lr=0.000742119 elapsed=12:26 eta=02:58:00 val_mrr=0.551819
[TRAIN] 2026-04-22 16:17:52 step=4390/67071 (6.55%) epoch=1/3 epoch_step=4390/22357 (19.64%) loss=0.243932 lr=0.00074411 elapsed=12:28 eta=02:57:53 val_mrr=0.551819
[TRAIN] 2026-04-22 16:17:55 step=4400/67071 (6.56%) epoch=1/3 epoch_step=4400/22357 (19.68%) loss=0.254519 lr=0.000746096 elapsed=12:30 eta=02:58:07 val_mrr=0.551819
[TRAIN] 2026-04-22 16:17:56 step=4410/67071 (6.58%) epoch=1/3 epoch_step=4410/22357 (19.73%) loss=0.243652 lr=0.000748077 elapsed=12:32 eta=02:58:00 val_mrr=0.551819
[TRAIN] 2026-04-22 16:17:58 step=4420/67071 (6.59%) epoch=1/3 epoch_step=4420/22357 (19.77%) loss=0.257313 lr=0.000750053 elapsed=12:33 eta=02:57:54 val_mrr=0.551819
[TRAIN] 2026-04-22 16:17:59 step=4430/67071 (6.60%) epoch=1/3 epoch_step=4430/22357 (19.81%) loss=0.244146 lr=0.000752024 elapsed=12:34 eta=02:57:47 val_mrr=0.551819
[TRAIN] 2026-04-22 16:18:00 step=4440/67071 (6.62%) epoch=1/3 epoch_step=4440/22357 (19.86%) loss=0.276182 lr=0.00075399 elapsed=12:36 eta=02:57:40 val_mrr=0.551819
[TRAIN] 2026-04-22 16:18:02 step=4450/67071 (6.63%) epoch=1/3 epoch_step=4450/22357 (19.90%) loss=0.299284 lr=0.000755951 elapsed=12:37 eta=02:57:33 val_mrr=0.551819
[TRAIN] 2026-04-22 16:18:03 step=4460/67071 (6.65%) epoch=1/3 epoch_step=4460/22357 (19.95%) loss=0.268849 lr=0.000757907 elapsed=12:38 eta=02:57:28 val_mrr=0.551819
[TRAIN] 2026-04-22 16:18:04 step=4470/67071 (6.66%) epoch=1/3 epoch_step=4470/22357 (19.99%) loss=0.252279 lr=0.000759857 elapsed=12:40 eta=02:57:22 val_mrr=0.551819
[TRAIN] 2026-04-22 16:18:06 step=4480/67071 (6.68%) epoch=1/3 epoch_step=4480/22357 (20.04%) loss=0.220622 lr=0.000761802 elapsed=12:41 eta=02:57:16 val_mrr=0.551819
[TRAIN] 2026-04-22 16:18:07 step=4490/67071 (6.69%) epoch=1/3 epoch_step=4490/22357 (20.08%) loss=0.243471 lr=0.000763742 elapsed=12:43 eta=02:57:10 val_mrr=0.551819
[STAGE] 2026-04-22 16:18:09 val prep subsets global=50000 art_art=1986 art_any=50000
[STAGE] 2026-04-22 16:18:09 val prep negatives global=50000 art_art=1986 art_any=50000
[STAGE] 2026-04-22 16:18:09 val prep unique_entities=136331
[STAGE] 2026-04-22 16:18:14 val prep entity_bank_ready unique_entities=136331 emb_dim=512
[STAGE] 2026-04-22 16:18:14 val start step=4500 epoch=0 task=relation_ranking subset=global triples=50000 batches=98 eval_batch_size=512
[STAGE] 2026-04-22 16:18:16 val start step=4500 epoch=0 task=triple_scoring subset=global triples=50000 batches=98 eval_batch_size=512
[STAGE] 2026-04-22 16:18:16 val start step=4500 epoch=0 task=relation_ranking subset=art_art triples=1986 batches=4 eval_batch_size=512
[STAGE] 2026-04-22 16:18:16 val start step=4500 epoch=0 task=triple_scoring subset=art_art triples=1986 batches=4 eval_batch_size=512
[STAGE] 2026-04-22 16:18:16 val start step=4500 epoch=0 task=relation_ranking subset=art_any triples=50000 batches=98 eval_batch_size=512
[STAGE] 2026-04-22 16:18:18 val start step=4500 epoch=0 task=triple_scoring subset=art_any triples=50000 batches=98 eval_batch_size=512
[VAL] 2026-04-22 16:18:18 step=4500 epoch=0 mrr=0.595119 aucpr=0.938220 art_art_mrr=0.294247 art_art_aucpr=0.744079 art_any_mrr=0.595138 art_any_aucpr=0.810100
[TRAIN] 2026-04-22 16:18:20 step=4500/67071 (6.71%) epoch=1/3 epoch_step=4500/22357 (20.13%) loss=0.221512 lr=0.000765677 elapsed=12:55 eta=02:59:37 val_mrr=0.595119
[TRAIN] 2026-04-22 16:18:21 step=4510/67071 (6.72%) epoch=1/3 epoch_step=4510/22357 (20.17%) loss=0.240022 lr=0.000767606 elapsed=12:56 eta=02:59:30 val_mrr=0.595119
[TRAIN] 2026-04-22 16:18:22 step=4520/67071 (6.74%) epoch=1/3 epoch_step=4520/22357 (20.22%) loss=0.217767 lr=0.000769529 elapsed=12:58 eta=02:59:23 val_mrr=0.595119
[TRAIN] 2026-04-22 16:18:24 step=4530/67071 (6.75%) epoch=1/3 epoch_step=4530/22357 (20.26%) loss=0.277209 lr=0.000771448 elapsed=12:59 eta=02:59:16 val_mrr=0.595119
[TRAIN] 2026-04-22 16:18:25 step=4540/67071 (6.77%) epoch=1/3 epoch_step=4540/22357 (20.31%) loss=0.259871 lr=0.00077336 elapsed=13:00 eta=02:59:08 val_mrr=0.595119
[TRAIN] 2026-04-22 16:18:26 step=4550/67071 (6.78%) epoch=1/3 epoch_step=4550/22357 (20.35%) loss=0.218001 lr=0.000775267 elapsed=13:02 eta=02:59:01 val_mrr=0.595119
[TRAIN] 2026-04-22 16:18:28 step=4560/67071 (6.80%) epoch=1/3 epoch_step=4560/22357 (20.40%) loss=0.260251 lr=0.000777169 elapsed=13:03 eta=02:58:53 val_mrr=0.595119
[TRAIN] 2026-04-22 16:18:29 step=4570/67071 (6.81%) epoch=1/3 epoch_step=4570/22357 (20.44%) loss=0.225642 lr=0.000779065 elapsed=13:04 eta=02:58:47 val_mrr=0.595119
[TRAIN] 2026-04-22 16:18:30 step=4580/67071 (6.83%) epoch=1/3 epoch_step=4580/22357 (20.49%) loss=0.237500 lr=0.000780955 elapsed=13:06 eta=02:58:39 val_mrr=0.595119
[TRAIN] 2026-04-22 16:18:32 step=4590/67071 (6.84%) epoch=1/3 epoch_step=4590/22357 (20.53%) loss=0.243064 lr=0.000782839 elapsed=13:07 eta=02:58:32 val_mrr=0.595119
[TRAIN] 2026-04-22 16:18:34 step=4600/67071 (6.86%) epoch=1/3 epoch_step=4600/22357 (20.58%) loss=0.245423 lr=0.000784718 elapsed=13:10 eta=02:58:43 val_mrr=0.595119
[TRAIN] 2026-04-22 16:18:36 step=4610/67071 (6.87%) epoch=1/3 epoch_step=4610/22357 (20.62%) loss=0.246683 lr=0.000786591 elapsed=13:11 eta=02:58:36 val_mrr=0.595119
[TRAIN] 2026-04-22 16:18:37 step=4620/67071 (6.89%) epoch=1/3 epoch_step=4620/22357 (20.66%) loss=0.248217 lr=0.000788458 elapsed=13:12 eta=02:58:29 val_mrr=0.595119
[TRAIN] 2026-04-22 16:18:38 step=4630/67071 (6.90%) epoch=1/3 epoch_step=4630/22357 (20.71%) loss=0.234062 lr=0.000790319 elapsed=13:14 eta=02:58:21 val_mrr=0.595119
[TRAIN] 2026-04-22 16:18:40 step=4640/67071 (6.92%) epoch=1/3 epoch_step=4640/22357 (20.75%) loss=0.248695 lr=0.000792174 elapsed=13:15 eta=02:58:15 val_mrr=0.595119
[TRAIN] 2026-04-22 16:18:41 step=4650/67071 (6.93%) epoch=1/3 epoch_step=4650/22357 (20.80%) loss=0.225644 lr=0.000794023 elapsed=13:16 eta=02:58:09 val_mrr=0.595119
[TRAIN] 2026-04-22 16:18:42 step=4660/67071 (6.95%) epoch=1/3 epoch_step=4660/22357 (20.84%) loss=0.247131 lr=0.000795866 elapsed=13:18 eta=02:58:02 val_mrr=0.595119
[TRAIN] 2026-04-22 16:18:44 step=4670/67071 (6.96%) epoch=1/3 epoch_step=4670/22357 (20.89%) loss=0.236064 lr=0.000797704 elapsed=13:19 eta=02:57:55 val_mrr=0.595119
[TRAIN] 2026-04-22 16:18:45 step=4680/67071 (6.98%) epoch=1/3 epoch_step=4680/22357 (20.93%) loss=0.242255 lr=0.000799535 elapsed=13:20 eta=02:57:50 val_mrr=0.595119
[TRAIN] 2026-04-22 16:18:46 step=4690/67071 (6.99%) epoch=1/3 epoch_step=4690/22357 (20.98%) loss=0.241108 lr=0.00080136 elapsed=13:22 eta=02:57:44 val_mrr=0.595119
[TRAIN] 2026-04-22 16:18:48 step=4700/67071 (7.01%) epoch=1/3 epoch_step=4700/22357 (21.02%) loss=0.234012 lr=0.000803178 elapsed=13:24 eta=02:57:47 val_mrr=0.595119
[TRAIN] 2026-04-22 16:18:50 step=4710/67071 (7.02%) epoch=1/3 epoch_step=4710/22357 (21.07%) loss=0.276619 lr=0.000804991 elapsed=13:26 eta=02:57:48 val_mrr=0.595119
[TRAIN] 2026-04-22 16:18:52 step=4720/67071 (7.04%) epoch=1/3 epoch_step=4720/22357 (21.11%) loss=0.232799 lr=0.000806797 elapsed=13:27 eta=02:57:41 val_mrr=0.595119
[TRAIN] 2026-04-22 16:18:53 step=4730/67071 (7.05%) epoch=1/3 epoch_step=4730/22357 (21.16%) loss=0.244350 lr=0.000808597 elapsed=13:28 eta=02:57:34 val_mrr=0.595119
[TRAIN] 2026-04-22 16:18:54 step=4740/67071 (7.07%) epoch=1/3 epoch_step=4740/22357 (21.20%) loss=0.234592 lr=0.000810391 elapsed=13:30 eta=02:57:27 val_mrr=0.595119
[TRAIN] 2026-04-22 16:18:56 step=4750/67071 (7.08%) epoch=1/3 epoch_step=4750/22357 (21.25%) loss=0.226844 lr=0.000812178 elapsed=13:31 eta=02:57:20 val_mrr=0.595119
[TRAIN] 2026-04-22 16:18:57 step=4760/67071 (7.10%) epoch=1/3 epoch_step=4760/22357 (21.29%) loss=0.251563 lr=0.000813959 elapsed=13:32 eta=02:57:13 val_mrr=0.595119
[TRAIN] 2026-04-22 16:18:58 step=4770/67071 (7.11%) epoch=1/3 epoch_step=4770/22357 (21.34%) loss=0.254083 lr=0.000815733 elapsed=13:34 eta=02:57:06 val_mrr=0.595119
[TRAIN] 2026-04-22 16:19:00 step=4780/67071 (7.13%) epoch=1/3 epoch_step=4780/22357 (21.38%) loss=0.232314 lr=0.000817501 elapsed=13:35 eta=02:57:01 val_mrr=0.595119
[TRAIN] 2026-04-22 16:19:01 step=4790/67071 (7.14%) epoch=1/3 epoch_step=4790/22357 (21.43%) loss=0.222186 lr=0.000819263 elapsed=13:36 eta=02:56:54 val_mrr=0.595119
[TRAIN] 2026-04-22 16:19:03 step=4800/67071 (7.16%) epoch=1/3 epoch_step=4800/22357 (21.47%) loss=0.226179 lr=0.000821017 elapsed=13:38 eta=02:56:56 val_mrr=0.595119
[TRAIN] 2026-04-22 16:19:04 step=4810/67071 (7.17%) epoch=1/3 epoch_step=4810/22357 (21.51%) loss=0.216860 lr=0.000822766 elapsed=13:40 eta=02:56:49 val_mrr=0.595119
[TRAIN] 2026-04-22 16:19:06 step=4820/67071 (7.19%) epoch=1/3 epoch_step=4820/22357 (21.56%) loss=0.248240 lr=0.000824507 elapsed=13:41 eta=02:56:48 val_mrr=0.595119
[TRAIN] 2026-04-22 16:19:07 step=4830/67071 (7.20%) epoch=1/3 epoch_step=4830/22357 (21.60%) loss=0.268012 lr=0.000826242 elapsed=13:43 eta=02:56:40 val_mrr=0.595119
[TRAIN] 2026-04-22 16:19:09 step=4840/67071 (7.22%) epoch=1/3 epoch_step=4840/22357 (21.65%) loss=0.216043 lr=0.00082797 elapsed=13:44 eta=02:56:34 val_mrr=0.595119
[TRAIN] 2026-04-22 16:19:10 step=4850/67071 (7.23%) epoch=1/3 epoch_step=4850/22357 (21.69%) loss=0.250792 lr=0.000829692 elapsed=13:45 eta=02:56:27 val_mrr=0.595119
[TRAIN] 2026-04-22 16:19:11 step=4860/67071 (7.25%) epoch=1/3 epoch_step=4860/22357 (21.74%) loss=0.249309 lr=0.000831406 elapsed=13:47 eta=02:56:20 val_mrr=0.595119
[TRAIN] 2026-04-22 16:19:12 step=4870/67071 (7.26%) epoch=1/3 epoch_step=4870/22357 (21.78%) loss=0.231955 lr=0.000833114 elapsed=13:48 eta=02:56:14 val_mrr=0.595119
[TRAIN] 2026-04-22 16:19:14 step=4880/67071 (7.28%) epoch=1/3 epoch_step=4880/22357 (21.83%) loss=0.247584 lr=0.000834815 elapsed=13:49 eta=02:56:07 val_mrr=0.595119
[TRAIN] 2026-04-22 16:19:15 step=4890/67071 (7.29%) epoch=1/3 epoch_step=4890/22357 (21.87%) loss=0.237049 lr=0.000836509 elapsed=13:50 eta=02:56:00 val_mrr=0.595119
[TRAIN] 2026-04-22 16:19:17 step=4900/67071 (7.31%) epoch=1/3 epoch_step=4900/22357 (21.92%) loss=0.248234 lr=0.000838196 elapsed=13:52 eta=02:56:03 val_mrr=0.595119
[TRAIN] 2026-04-22 16:19:18 step=4910/67071 (7.32%) epoch=1/3 epoch_step=4910/22357 (21.96%) loss=0.242979 lr=0.000839876 elapsed=13:54 eta=02:55:56 val_mrr=0.595119
[TRAIN] 2026-04-22 16:19:20 step=4920/67071 (7.34%) epoch=1/3 epoch_step=4920/22357 (22.01%) loss=0.231478 lr=0.000841549 elapsed=13:55 eta=02:55:49 val_mrr=0.595119
[TRAIN] 2026-04-22 16:19:21 step=4930/67071 (7.35%) epoch=1/3 epoch_step=4930/22357 (22.05%) loss=0.230656 lr=0.000843215 elapsed=13:57 eta=02:55:48 val_mrr=0.595119
[TRAIN] 2026-04-22 16:19:23 step=4940/67071 (7.37%) epoch=1/3 epoch_step=4940/22357 (22.10%) loss=0.247420 lr=0.000844874 elapsed=13:58 eta=02:55:42 val_mrr=0.595119
[TRAIN] 2026-04-22 16:19:24 step=4950/67071 (7.38%) epoch=1/3 epoch_step=4950/22357 (22.14%) loss=0.237105 lr=0.000846526 elapsed=13:59 eta=02:55:35 val_mrr=0.595119
[TRAIN] 2026-04-22 16:19:25 step=4960/67071 (7.40%) epoch=1/3 epoch_step=4960/22357 (22.19%) loss=0.270377 lr=0.00084817 elapsed=14:01 eta=02:55:30 val_mrr=0.595119
[TRAIN] 2026-04-22 16:19:27 step=4970/67071 (7.41%) epoch=1/3 epoch_step=4970/22357 (22.23%) loss=0.231180 lr=0.000849808 elapsed=14:02 eta=02:55:24 val_mrr=0.595119
[TRAIN] 2026-04-22 16:19:28 step=4980/67071 (7.42%) epoch=1/3 epoch_step=4980/22357 (22.27%) loss=0.264300 lr=0.000851438 elapsed=14:04 eta=02:55:17 val_mrr=0.595119
[TRAIN] 2026-04-22 16:19:29 step=4990/67071 (7.44%) epoch=1/3 epoch_step=4990/22357 (22.32%) loss=0.250526 lr=0.000853061 elapsed=14:05 eta=02:55:11 val_mrr=0.595119
[STAGE] 2026-04-22 16:19:31 val prep subsets global=50000 art_art=1986 art_any=50000
[STAGE] 2026-04-22 16:19:31 val prep negatives global=50000 art_art=1986 art_any=50000
[STAGE] 2026-04-22 16:19:31 val prep unique_entities=136014
[STAGE] 2026-04-22 16:19:35 val prep entity_bank_ready unique_entities=136014 emb_dim=512
[STAGE] 2026-04-22 16:19:35 val start step=5000 epoch=0 task=relation_ranking subset=global triples=50000 batches=98 eval_batch_size=512
[STAGE] 2026-04-22 16:19:37 val start step=5000 epoch=0 task=triple_scoring subset=global triples=50000 batches=98 eval_batch_size=512
[STAGE] 2026-04-22 16:19:37 val start step=5000 epoch=0 task=relation_ranking subset=art_art triples=1986 batches=4 eval_batch_size=512
[STAGE] 2026-04-22 16:19:37 val start step=5000 epoch=0 task=triple_scoring subset=art_art triples=1986 batches=4 eval_batch_size=512
[STAGE] 2026-04-22 16:19:37 val start step=5000 epoch=0 task=relation_ranking subset=art_any triples=50000 batches=98 eval_batch_size=512
[STAGE] 2026-04-22 16:19:39 val start step=5000 epoch=0 task=triple_scoring subset=art_any triples=50000 batches=98 eval_batch_size=512
[VAL] 2026-04-22 16:19:39 step=5000 epoch=0 mrr=0.545022 aucpr=0.946127 art_art_mrr=0.298811 art_art_aucpr=0.800760 art_any_mrr=0.545041 art_any_aucpr=0.837668
[TRAIN] 2026-04-22 16:19:40 step=5000/67071 (7.45%) epoch=1/3 epoch_step=5000/22357 (22.36%) loss=0.225845 lr=0.000854676 elapsed=14:15 eta=02:56:57 val_mrr=0.595119
[TRAIN] 2026-04-22 16:19:41 step=5010/67071 (7.47%) epoch=1/3 epoch_step=5010/22357 (22.41%) loss=0.228395 lr=0.000856285 elapsed=14:17 eta=02:56:50 val_mrr=0.595119
[TRAIN] 2026-04-22 16:19:43 step=5020/67071 (7.48%) epoch=1/3 epoch_step=5020/22357 (22.45%) loss=0.266812 lr=0.000857885 elapsed=14:18 eta=02:56:49 val_mrr=0.595119
[TRAIN] 2026-04-22 16:19:44 step=5030/67071 (7.50%) epoch=1/3 epoch_step=5030/22357 (22.50%) loss=0.267718 lr=0.000859479 elapsed=14:20 eta=02:56:43 val_mrr=0.595119
[TRAIN] 2026-04-22 16:19:46 step=5040/67071 (7.51%) epoch=1/3 epoch_step=5040/22357 (22.54%) loss=0.214003 lr=0.000861065 elapsed=14:21 eta=02:56:36 val_mrr=0.595119
[TRAIN] 2026-04-22 16:19:47 step=5050/67071 (7.53%) epoch=1/3 epoch_step=5050/22357 (22.59%) loss=0.276663 lr=0.000862643 elapsed=14:22 eta=02:56:30 val_mrr=0.595119
[TRAIN] 2026-04-22 16:19:48 step=5060/67071 (7.54%) epoch=1/3 epoch_step=5060/22357 (22.63%) loss=0.241306 lr=0.000864214 elapsed=14:24 eta=02:56:24 val_mrr=0.595119
[TRAIN] 2026-04-22 16:19:50 step=5070/67071 (7.56%) epoch=1/3 epoch_step=5070/22357 (22.68%) loss=0.261676 lr=0.000865778 elapsed=14:25 eta=02:56:17 val_mrr=0.595119
[TRAIN] 2026-04-22 16:19:51 step=5080/67071 (7.57%) epoch=1/3 epoch_step=5080/22357 (22.72%) loss=0.228689 lr=0.000867334 elapsed=14:26 eta=02:56:11 val_mrr=0.595119
[TRAIN] 2026-04-22 16:19:52 step=5090/67071 (7.59%) epoch=1/3 epoch_step=5090/22357 (22.77%) loss=0.247660 lr=0.000868882 elapsed=14:28 eta=02:56:05 val_mrr=0.595119
[TRAIN] 2026-04-22 16:19:54 step=5100/67071 (7.60%) epoch=1/3 epoch_step=5100/22357 (22.81%) loss=0.228456 lr=0.000870422 elapsed=14:30 eta=02:56:06 val_mrr=0.595119
[TRAIN] 2026-04-22 16:19:55 step=5110/67071 (7.62%) epoch=1/3 epoch_step=5110/22357 (22.86%) loss=0.239416 lr=0.000871955 elapsed=14:31 eta=02:56:00 val_mrr=0.595119
[TRAIN] 2026-04-22 16:19:57 step=5120/67071 (7.63%) epoch=1/3 epoch_step=5120/22357 (22.90%) loss=0.236868 lr=0.00087348 elapsed=14:32 eta=02:55:54 val_mrr=0.595119
[TRAIN] 2026-04-22 16:19:59 step=5130/67071 (7.65%) epoch=1/3 epoch_step=5130/22357 (22.95%) loss=0.279880 lr=0.000874998 elapsed=14:34 eta=02:55:52 val_mrr=0.595119
[TRAIN] 2026-04-22 16:20:00 step=5140/67071 (7.66%) epoch=1/3 epoch_step=5140/22357 (22.99%) loss=0.232622 lr=0.000876507 elapsed=14:35 eta=02:55:46 val_mrr=0.595119
[TRAIN] 2026-04-22 16:20:01 step=5150/67071 (7.68%) epoch=1/3 epoch_step=5150/22357 (23.04%) loss=0.208027 lr=0.000878009 elapsed=14:37 eta=02:55:39 val_mrr=0.595119
[TRAIN] 2026-04-22 16:20:02 step=5160/67071 (7.69%) epoch=1/3 epoch_step=5160/22357 (23.08%) loss=0.265359 lr=0.000879503 elapsed=14:38 eta=02:55:33 val_mrr=0.595119
[TRAIN] 2026-04-22 16:20:04 step=5170/67071 (7.71%) epoch=1/3 epoch_step=5170/22357 (23.12%) loss=0.248916 lr=0.000880989 elapsed=14:39 eta=02:55:27 val_mrr=0.595119
[TRAIN] 2026-04-22 16:20:05 step=5180/67071 (7.72%) epoch=1/3 epoch_step=5180/22357 (23.17%) loss=0.255217 lr=0.000882467 elapsed=14:41 eta=02:55:21 val_mrr=0.595119
[TRAIN] 2026-04-22 16:20:06 step=5190/67071 (7.74%) epoch=1/3 epoch_step=5190/22357 (23.21%) loss=0.219606 lr=0.000883937 elapsed=14:42 eta=02:55:14 val_mrr=0.595119
[TRAIN] 2026-04-22 16:20:08 step=5200/67071 (7.75%) epoch=1/3 epoch_step=5200/22357 (23.26%) loss=0.256853 lr=0.000885399 elapsed=14:44 eta=02:55:17 val_mrr=0.595119
[TRAIN] 2026-04-22 16:20:10 step=5210/67071 (7.77%) epoch=1/3 epoch_step=5210/22357 (23.30%) loss=0.233464 lr=0.000886854 elapsed=14:45 eta=02:55:10 val_mrr=0.595119
[TRAIN] 2026-04-22 16:20:11 step=5220/67071 (7.78%) epoch=1/3 epoch_step=5220/22357 (23.35%) loss=0.247170 lr=0.0008883 elapsed=14:47 eta=02:55:04 val_mrr=0.595119
[TRAIN] 2026-04-22 16:20:13 step=5230/67071 (7.80%) epoch=1/3 epoch_step=5230/22357 (23.39%) loss=0.222039 lr=0.000889738 elapsed=14:48 eta=02:55:03 val_mrr=0.595119
[TRAIN] 2026-04-22 16:20:14 step=5240/67071 (7.81%) epoch=1/3 epoch_step=5240/22357 (23.44%) loss=0.231534 lr=0.000891168 elapsed=14:50 eta=02:54:57 val_mrr=0.595119
[TRAIN] 2026-04-22 16:20:16 step=5250/67071 (7.83%) epoch=1/3 epoch_step=5250/22357 (23.48%) loss=0.267848 lr=0.000892589 elapsed=14:51 eta=02:54:51 val_mrr=0.595119
[TRAIN] 2026-04-22 16:20:17 step=5260/67071 (7.84%) epoch=1/3 epoch_step=5260/22357 (23.53%) loss=0.234275 lr=0.000894003 elapsed=14:52 eta=02:54:45 val_mrr=0.595119
[TRAIN] 2026-04-22 16:20:18 step=5270/67071 (7.86%) epoch=1/3 epoch_step=5270/22357 (23.57%) loss=0.247486 lr=0.000895408 elapsed=14:54 eta=02:54:39 val_mrr=0.595119
[TRAIN] 2026-04-22 16:20:19 step=5280/67071 (7.87%) epoch=1/3 epoch_step=5280/22357 (23.62%) loss=0.236479 lr=0.000896805 elapsed=14:55 eta=02:54:32 val_mrr=0.595119
[TRAIN] 2026-04-22 16:20:21 step=5290/67071 (7.89%) epoch=1/3 epoch_step=5290/22357 (23.66%) loss=0.202609 lr=0.000898194 elapsed=14:56 eta=02:54:26 val_mrr=0.595119
[TRAIN] 2026-04-22 16:20:23 step=5300/67071 (7.90%) epoch=1/3 epoch_step=5300/22357 (23.71%) loss=0.235336 lr=0.000899575 elapsed=14:58 eta=02:54:29 val_mrr=0.595119
[TRAIN] 2026-04-22 16:20:24 step=5310/67071 (7.92%) epoch=1/3 epoch_step=5310/22357 (23.75%) loss=0.242569 lr=0.000900947 elapsed=15:00 eta=02:54:23 val_mrr=0.595119
[TRAIN] 2026-04-22 16:20:26 step=5320/67071 (7.93%) epoch=1/3 epoch_step=5320/22357 (23.80%) loss=0.255059 lr=0.000902311 elapsed=15:01 eta=02:54:17 val_mrr=0.595119
[TRAIN] 2026-04-22 16:20:27 step=5330/67071 (7.95%) epoch=1/3 epoch_step=5330/22357 (23.84%) loss=0.275246 lr=0.000903666 elapsed=15:03 eta=02:54:16 val_mrr=0.595119
[TRAIN] 2026-04-22 16:20:29 step=5340/67071 (7.96%) epoch=1/3 epoch_step=5340/22357 (23.89%) loss=0.247523 lr=0.000905013 elapsed=15:04 eta=02:54:11 val_mrr=0.595119
[TRAIN] 2026-04-22 16:20:30 step=5350/67071 (7.98%) epoch=1/3 epoch_step=5350/22357 (23.93%) loss=0.227744 lr=0.000906352 elapsed=15:05 eta=02:54:05 val_mrr=0.595119
[TRAIN] 2026-04-22 16:20:31 step=5360/67071 (7.99%) epoch=1/3 epoch_step=5360/22357 (23.97%) loss=0.255242 lr=0.000907682 elapsed=15:07 eta=02:54:00 val_mrr=0.595119
[TRAIN] 2026-04-22 16:20:33 step=5370/67071 (8.01%) epoch=1/3 epoch_step=5370/22357 (24.02%) loss=0.241975 lr=0.000909004 elapsed=15:08 eta=02:53:55 val_mrr=0.595119
[TRAIN] 2026-04-22 16:20:34 step=5380/67071 (8.02%) epoch=1/3 epoch_step=5380/22357 (24.06%) loss=0.245796 lr=0.000910317 elapsed=15:10 eta=02:53:50 val_mrr=0.595119
[TRAIN] 2026-04-22 16:20:35 step=5390/67071 (8.04%) epoch=1/3 epoch_step=5390/22357 (24.11%) loss=0.259729 lr=0.000911621 elapsed=15:11 eta=02:53:43 val_mrr=0.595119
[TRAIN] 2026-04-22 16:20:38 step=5400/67071 (8.05%) epoch=1/3 epoch_step=5400/22357 (24.15%) loss=0.233283 lr=0.000912917 elapsed=15:13 eta=02:53:46 val_mrr=0.595119
[TRAIN] 2026-04-22 16:20:39 step=5410/67071 (8.07%) epoch=1/3 epoch_step=5410/22357 (24.20%) loss=0.244344 lr=0.000914205 elapsed=15:14 eta=02:53:40 val_mrr=0.595119
[TRAIN] 2026-04-22 16:20:40 step=5420/67071 (8.08%) epoch=1/3 epoch_step=5420/22357 (24.24%) loss=0.200206 lr=0.000915483 elapsed=15:16 eta=02:53:34 val_mrr=0.595119
[TRAIN] 2026-04-22 16:20:41 step=5430/67071 (8.10%) epoch=1/3 epoch_step=5430/22357 (24.29%) loss=0.240418 lr=0.000916753 elapsed=15:17 eta=02:53:28 val_mrr=0.595119
[TRAIN] 2026-04-22 16:20:43 step=5440/67071 (8.11%) epoch=1/3 epoch_step=5440/22357 (24.33%) loss=0.228715 lr=0.000918014 elapsed=15:19 eta=02:53:28 val_mrr=0.595119
[TRAIN] 2026-04-22 16:20:45 step=5450/67071 (8.13%) epoch=1/3 epoch_step=5450/22357 (24.38%) loss=0.232663 lr=0.000919267 elapsed=15:20 eta=02:53:22 val_mrr=0.595119
[TRAIN] 2026-04-22 16:20:46 step=5460/67071 (8.14%) epoch=1/3 epoch_step=5460/22357 (24.42%) loss=0.241578 lr=0.000920511 elapsed=15:21 eta=02:53:16 val_mrr=0.595119
[TRAIN] 2026-04-22 16:20:47 step=5470/67071 (8.16%) epoch=1/3 epoch_step=5470/22357 (24.47%) loss=0.226568 lr=0.000921746 elapsed=15:23 eta=02:53:10 val_mrr=0.595119
[TRAIN] 2026-04-22 16:20:49 step=5480/67071 (8.17%) epoch=1/3 epoch_step=5480/22357 (24.51%) loss=0.204325 lr=0.000922972 elapsed=15:24 eta=02:53:04 val_mrr=0.595119
[TRAIN] 2026-04-22 16:20:50 step=5490/67071 (8.19%) epoch=1/3 epoch_step=5490/22357 (24.56%) loss=0.229942 lr=0.000924189 elapsed=15:25 eta=02:52:58 val_mrr=0.595119
[STAGE] 2026-04-22 16:20:51 val prep subsets global=50000 art_art=1986 art_any=50000
[STAGE] 2026-04-22 16:20:52 val prep negatives global=50000 art_art=1986 art_any=50000
[STAGE] 2026-04-22 16:20:52 val prep unique_entities=136242
[STAGE] 2026-04-22 16:20:55 val prep entity_bank_ready unique_entities=136242 emb_dim=512
[STAGE] 2026-04-22 16:20:55 val start step=5500 epoch=0 task=relation_ranking subset=global triples=50000 batches=98 eval_batch_size=512
[STAGE] 2026-04-22 16:20:57 val start step=5500 epoch=0 task=triple_scoring subset=global triples=50000 batches=98 eval_batch_size=512
[STAGE] 2026-04-22 16:20:58 val start step=5500 epoch=0 task=relation_ranking subset=art_art triples=1986 batches=4 eval_batch_size=512
[STAGE] 2026-04-22 16:20:58 val start step=5500 epoch=0 task=triple_scoring subset=art_art triples=1986 batches=4 eval_batch_size=512
[STAGE] 2026-04-22 16:20:58 val start step=5500 epoch=0 task=relation_ranking subset=art_any triples=50000 batches=98 eval_batch_size=512
[STAGE] 2026-04-22 16:20:59 val start step=5500 epoch=0 task=triple_scoring subset=art_any triples=50000 batches=98 eval_batch_size=512
[VAL] 2026-04-22 16:21:00 step=5500 epoch=0 mrr=0.701467 aucpr=0.947907 art_art_mrr=0.431424 art_art_aucpr=0.810596 art_any_mrr=0.701477 art_any_aucpr=0.841534
[TRAIN] 2026-04-22 16:21:01 step=5500/67071 (8.20%) epoch=1/3 epoch_step=5500/22357 (24.60%) loss=0.218198 lr=0.000925398 elapsed=15:36 eta=02:54:43 val_mrr=0.701467
[TRAIN] 2026-04-22 16:21:02 step=5510/67071 (8.22%) epoch=1/3 epoch_step=5510/22357 (24.65%) loss=0.238707 lr=0.000926597 elapsed=15:38 eta=02:54:37 val_mrr=0.701467
[TRAIN] 2026-04-22 16:21:04 step=5520/67071 (8.23%) epoch=1/3 epoch_step=5520/22357 (24.69%) loss=0.261477 lr=0.000927788 elapsed=15:39 eta=02:54:31 val_mrr=0.701467
[TRAIN] 2026-04-22 16:21:05 step=5530/67071 (8.24%) epoch=1/3 epoch_step=5530/22357 (24.73%) loss=0.247907 lr=0.000928969 elapsed=15:40 eta=02:54:25 val_mrr=0.701467
[TRAIN] 2026-04-22 16:21:07 step=5540/67071 (8.26%) epoch=1/3 epoch_step=5540/22357 (24.78%) loss=0.251653 lr=0.000930142 elapsed=15:42 eta=02:54:25 val_mrr=0.701467
[TRAIN] 2026-04-22 16:21:08 step=5550/67071 (8.27%) epoch=1/3 epoch_step=5550/22357 (24.82%) loss=0.224865 lr=0.000931306 elapsed=15:44 eta=02:54:19 val_mrr=0.701467
[TRAIN] 2026-04-22 16:21:09 step=5560/67071 (8.29%) epoch=1/3 epoch_step=5560/22357 (24.87%) loss=0.249058 lr=0.000932461 elapsed=15:45 eta=02:54:13 val_mrr=0.701467
[TRAIN] 2026-04-22 16:21:11 step=5570/67071 (8.30%) epoch=1/3 epoch_step=5570/22357 (24.91%) loss=0.227704 lr=0.000933606 elapsed=15:46 eta=02:54:10 val_mrr=0.701467
[TRAIN] 2026-04-22 16:21:12 step=5580/67071 (8.32%) epoch=1/3 epoch_step=5580/22357 (24.96%) loss=0.253279 lr=0.000934743 elapsed=15:48 eta=02:54:03 val_mrr=0.701467
[TRAIN] 2026-04-22 16:21:14 step=5590/67071 (8.33%) epoch=1/3 epoch_step=5590/22357 (25.00%) loss=0.194494 lr=0.00093587 elapsed=15:49 eta=02:53:57 val_mrr=0.701467
[TRAIN] 2026-04-22 16:21:16 step=5600/67071 (8.35%) epoch=1/3 epoch_step=5600/22357 (25.05%) loss=0.212836 lr=0.000936988 elapsed=15:51 eta=02:54:00 val_mrr=0.701467
[TRAIN] 2026-04-22 16:21:17 step=5610/67071 (8.36%) epoch=1/3 epoch_step=5610/22357 (25.09%) loss=0.238267 lr=0.000938098 elapsed=15:52 eta=02:53:54 val_mrr=0.701467
[TRAIN] 2026-04-22 16:21:18 step=5620/67071 (8.38%) epoch=1/3 epoch_step=5620/22357 (25.14%) loss=0.244571 lr=0.000939198 elapsed=15:54 eta=02:53:48 val_mrr=0.701467
[TRAIN] 2026-04-22 16:21:20 step=5630/67071 (8.39%) epoch=1/3 epoch_step=5630/22357 (25.18%) loss=0.241054 lr=0.000940288 elapsed=15:55 eta=02:53:42 val_mrr=0.701467
[TRAIN] 2026-04-22 16:21:22 step=5640/67071 (8.41%) epoch=1/3 epoch_step=5640/22357 (25.23%) loss=0.248720 lr=0.00094137 elapsed=15:57 eta=02:53:43 val_mrr=0.701467
[TRAIN] 2026-04-22 16:21:23 step=5650/67071 (8.42%) epoch=1/3 epoch_step=5650/22357 (25.27%) loss=0.211552 lr=0.000942442 elapsed=15:58 eta=02:53:38 val_mrr=0.701467
[TRAIN] 2026-04-22 16:21:24 step=5660/67071 (8.44%) epoch=1/3 epoch_step=5660/22357 (25.32%) loss=0.239266 lr=0.000943505 elapsed=16:00 eta=02:53:33 val_mrr=0.701467
[TRAIN] 2026-04-22 16:21:26 step=5670/67071 (8.45%) epoch=1/3 epoch_step=5670/22357 (25.36%) loss=0.234336 lr=0.000944559 elapsed=16:01 eta=02:53:28 val_mrr=0.701467
[TRAIN] 2026-04-22 16:21:27 step=5680/67071 (8.47%) epoch=1/3 epoch_step=5680/22357 (25.41%) loss=0.220627 lr=0.000945603 elapsed=16:02 eta=02:53:22 val_mrr=0.701467
[TRAIN] 2026-04-22 16:21:28 step=5690/67071 (8.48%) epoch=1/3 epoch_step=5690/22357 (25.45%) loss=0.231499 lr=0.000946639 elapsed=16:04 eta=02:53:16 val_mrr=0.701467
[TRAIN] 2026-04-22 16:21:30 step=5700/67071 (8.50%) epoch=1/3 epoch_step=5700/22357 (25.50%) loss=0.232350 lr=0.000947664 elapsed=16:06 eta=02:53:18 val_mrr=0.701467
[TRAIN] 2026-04-22 16:21:32 step=5710/67071 (8.51%) epoch=1/3 epoch_step=5710/22357 (25.54%) loss=0.227406 lr=0.000948681 elapsed=16:07 eta=02:53:13 val_mrr=0.701467
[TRAIN] 2026-04-22 16:21:33 step=5720/67071 (8.53%) epoch=1/3 epoch_step=5720/22357 (25.58%) loss=0.281723 lr=0.000949688 elapsed=16:08 eta=02:53:06 val_mrr=0.701467
[TRAIN] 2026-04-22 16:21:34 step=5730/67071 (8.54%) epoch=1/3 epoch_step=5730/22357 (25.63%) loss=0.248102 lr=0.000950685 elapsed=16:10 eta=02:53:01 val_mrr=0.701467
[TRAIN] 2026-04-22 16:21:36 step=5740/67071 (8.56%) epoch=1/3 epoch_step=5740/22357 (25.67%) loss=0.246091 lr=0.000951673 elapsed=16:11 eta=02:52:55 val_mrr=0.701467
[TRAIN] 2026-04-22 16:21:38 step=5750/67071 (8.57%) epoch=1/3 epoch_step=5750/22357 (25.72%) loss=0.242902 lr=0.000952652 elapsed=16:13 eta=02:52:56 val_mrr=0.701467
[TRAIN] 2026-04-22 16:21:39 step=5760/67071 (8.59%) epoch=1/3 epoch_step=5760/22357 (25.76%) loss=0.236994 lr=0.000953621 elapsed=16:14 eta=02:52:50 val_mrr=0.701467
[TRAIN] 2026-04-22 16:21:40 step=5770/67071 (8.60%) epoch=1/3 epoch_step=5770/22357 (25.81%) loss=0.219395 lr=0.00095458 elapsed=16:16 eta=02:52:44 val_mrr=0.701467
[TRAIN] 2026-04-22 16:21:42 step=5780/67071 (8.62%) epoch=1/3 epoch_step=5780/22357 (25.85%) loss=0.241879 lr=0.00095553 elapsed=16:17 eta=02:52:39 val_mrr=0.701467
[TRAIN] 2026-04-22 16:21:43 step=5790/67071 (8.63%) epoch=1/3 epoch_step=5790/22357 (25.90%) loss=0.236781 lr=0.000956471 elapsed=16:18 eta=02:52:34 val_mrr=0.701467
[TRAIN] 2026-04-22 16:21:45 step=5800/67071 (8.65%) epoch=1/3 epoch_step=5800/22357 (25.94%) loss=0.229547 lr=0.000957402 elapsed=16:20 eta=02:52:36 val_mrr=0.701467
[TRAIN] 2026-04-22 16:21:46 step=5810/67071 (8.66%) epoch=1/3 epoch_step=5810/22357 (25.99%) loss=0.233296 lr=0.000958323 elapsed=16:22 eta=02:52:30 val_mrr=0.701467
[TRAIN] 2026-04-22 16:21:48 step=5820/67071 (8.68%) epoch=1/3 epoch_step=5820/22357 (26.03%) loss=0.225909 lr=0.000959235 elapsed=16:23 eta=02:52:24 val_mrr=0.701467
[TRAIN] 2026-04-22 16:21:49 step=5830/67071 (8.69%) epoch=1/3 epoch_step=5830/22357 (26.08%) loss=0.247671 lr=0.000960137 elapsed=16:24 eta=02:52:18 val_mrr=0.701467
[TRAIN] 2026-04-22 16:21:50 step=5840/67071 (8.71%) epoch=1/3 epoch_step=5840/22357 (26.12%) loss=0.226492 lr=0.000961029 elapsed=16:25 eta=02:52:12 val_mrr=0.701467
[TRAIN] 2026-04-22 16:21:52 step=5850/67071 (8.72%) epoch=1/3 epoch_step=5850/22357 (26.17%) loss=0.235992 lr=0.000961912 elapsed=16:27 eta=02:52:13 val_mrr=0.701467
[TRAIN] 2026-04-22 16:21:53 step=5860/67071 (8.74%) epoch=1/3 epoch_step=5860/22357 (26.21%) loss=0.238501 lr=0.000962785 elapsed=16:29 eta=02:52:07 val_mrr=0.701467
[TRAIN] 2026-04-22 16:21:55 step=5870/67071 (8.75%) epoch=1/3 epoch_step=5870/22357 (26.26%) loss=0.267353 lr=0.000963648 elapsed=16:30 eta=02:52:02 val_mrr=0.701467
[TRAIN] 2026-04-22 16:21:56 step=5880/67071 (8.77%) epoch=1/3 epoch_step=5880/22357 (26.30%) loss=0.255421 lr=0.000964502 elapsed=16:31 eta=02:51:57 val_mrr=0.701467
[TRAIN] 2026-04-22 16:21:57 step=5890/67071 (8.78%) epoch=1/3 epoch_step=5890/22357 (26.35%) loss=0.267254 lr=0.000965345 elapsed=16:33 eta=02:51:51 val_mrr=0.701467
[TRAIN] 2026-04-22 16:21:59 step=5900/67071 (8.80%) epoch=1/3 epoch_step=5900/22357 (26.39%) loss=0.215179 lr=0.000966179 elapsed=16:35 eta=02:51:53 val_mrr=0.701467
[TRAIN] 2026-04-22 16:22:01 step=5910/67071 (8.81%) epoch=1/3 epoch_step=5910/22357 (26.43%) loss=0.242153 lr=0.000967004 elapsed=16:36 eta=02:51:48 val_mrr=0.701467
[TRAIN] 2026-04-22 16:22:02 step=5920/67071 (8.83%) epoch=1/3 epoch_step=5920/22357 (26.48%) loss=0.224015 lr=0.000967818 elapsed=16:37 eta=02:51:42 val_mrr=0.701467
[TRAIN] 2026-04-22 16:22:03 step=5930/67071 (8.84%) epoch=1/3 epoch_step=5930/22357 (26.52%) loss=0.248969 lr=0.000968623 elapsed=16:39 eta=02:51:36 val_mrr=0.701467
[TRAIN] 2026-04-22 16:22:05 step=5940/67071 (8.86%) epoch=1/3 epoch_step=5940/22357 (26.57%) loss=0.206943 lr=0.000969417 elapsed=16:40 eta=02:51:31 val_mrr=0.701467
[TRAIN] 2026-04-22 16:22:06 step=5950/67071 (8.87%) epoch=1/3 epoch_step=5950/22357 (26.61%) loss=0.225302 lr=0.000970202 elapsed=16:42 eta=02:51:30 val_mrr=0.701467
[TRAIN] 2026-04-22 16:22:08 step=5960/67071 (8.89%) epoch=1/3 epoch_step=5960/22357 (26.66%) loss=0.211325 lr=0.000970977 elapsed=16:43 eta=02:51:24 val_mrr=0.701467
[TRAIN] 2026-04-22 16:22:09 step=5970/67071 (8.90%) epoch=1/3 epoch_step=5970/22357 (26.70%) loss=0.257765 lr=0.000971742 elapsed=16:44 eta=02:51:19 val_mrr=0.701467
[TRAIN] 2026-04-22 16:22:10 step=5980/67071 (8.92%) epoch=1/3 epoch_step=5980/22357 (26.75%) loss=0.231328 lr=0.000972497 elapsed=16:46 eta=02:51:13 val_mrr=0.701467
[TRAIN] 2026-04-22 16:22:12 step=5990/67071 (8.93%) epoch=1/3 epoch_step=5990/22357 (26.79%) loss=0.250699 lr=0.000973243 elapsed=16:47 eta=02:51:08 val_mrr=0.701467
[STAGE] 2026-04-22 16:22:13 val prep subsets global=50000 art_art=1986 art_any=50000
[STAGE] 2026-04-22 16:22:13 val prep negatives global=50000 art_art=1986 art_any=50000
[STAGE] 2026-04-22 16:22:13 val prep unique_entities=136385
[STAGE] 2026-04-22 16:22:17 val prep entity_bank_ready unique_entities=136385 emb_dim=512
[STAGE] 2026-04-22 16:22:17 val start step=6000 epoch=0 task=relation_ranking subset=global triples=50000 batches=98 eval_batch_size=512
[STAGE] 2026-04-22 16:22:19 val start step=6000 epoch=0 task=triple_scoring subset=global triples=50000 batches=98 eval_batch_size=512
[STAGE] 2026-04-22 16:22:19 val start step=6000 epoch=0 task=relation_ranking subset=art_art triples=1986 batches=4 eval_batch_size=512
[STAGE] 2026-04-22 16:22:19 val start step=6000 epoch=0 task=triple_scoring subset=art_art triples=1986 batches=4 eval_batch_size=512
[STAGE] 2026-04-22 16:22:19 val start step=6000 epoch=0 task=relation_ranking subset=art_any triples=50000 batches=98 eval_batch_size=512
[STAGE] 2026-04-22 16:22:21 val start step=6000 epoch=0 task=triple_scoring subset=art_any triples=50000 batches=98 eval_batch_size=512
[VAL] 2026-04-22 16:22:21 step=6000 epoch=0 mrr=0.675050 aucpr=0.952984 art_art_mrr=0.435811 art_art_aucpr=0.828697 art_any_mrr=0.675056 art_any_aucpr=0.855908
[TRAIN] 2026-04-22 16:22:22 step=6000/67071 (8.95%) epoch=1/3 epoch_step=6000/22357 (26.84%) loss=0.256413 lr=0.000973978 elapsed=16:57 eta=02:52:34 val_mrr=0.701467
[TRAIN] 2026-04-22 16:22:23 step=6010/67071 (8.96%) epoch=1/3 epoch_step=6010/22357 (26.88%) loss=0.236445 lr=0.000974703 elapsed=16:59 eta=02:52:29 val_mrr=0.701467
[TRAIN] 2026-04-22 16:22:25 step=6020/67071 (8.98%) epoch=1/3 epoch_step=6020/22357 (26.93%) loss=0.200411 lr=0.000975419 elapsed=17:00 eta=02:52:23 val_mrr=0.701467
[TRAIN] 2026-04-22 16:22:26 step=6030/67071 (8.99%) epoch=1/3 epoch_step=6030/22357 (26.97%) loss=0.202725 lr=0.000976124 elapsed=17:01 eta=02:52:18 val_mrr=0.701467
[TRAIN] 2026-04-22 16:22:28 step=6040/67071 (9.01%) epoch=1/3 epoch_step=6040/22357 (27.02%) loss=0.243053 lr=0.000976819 elapsed=17:03 eta=02:52:17 val_mrr=0.701467
[TRAIN] 2026-04-22 16:22:29 step=6050/67071 (9.02%) epoch=1/3 epoch_step=6050/22357 (27.06%) loss=0.206253 lr=0.000977505 elapsed=17:04 eta=02:52:12 val_mrr=0.701467
[TRAIN] 2026-04-22 16:22:30 step=6060/67071 (9.04%) epoch=1/3 epoch_step=6060/22357 (27.11%) loss=0.261365 lr=0.00097818 elapsed=17:06 eta=02:52:07 val_mrr=0.701467
[TRAIN] 2026-04-22 16:22:32 step=6070/67071 (9.05%) epoch=1/3 epoch_step=6070/22357 (27.15%) loss=0.221321 lr=0.000978845 elapsed=17:07 eta=02:52:02 val_mrr=0.701467
[TRAIN] 2026-04-22 16:22:33 step=6080/67071 (9.07%) epoch=1/3 epoch_step=6080/22357 (27.20%) loss=0.232661 lr=0.000979501 elapsed=17:08 eta=02:51:57 val_mrr=0.701467
[TRAIN] 2026-04-22 16:22:34 step=6090/67071 (9.08%) epoch=1/3 epoch_step=6090/22357 (27.24%) loss=0.250025 lr=0.000980146 elapsed=17:10 eta=02:51:52 val_mrr=0.701467
[TRAIN] 2026-04-22 16:22:37 step=6100/67071 (9.09%) epoch=1/3 epoch_step=6100/22357 (27.28%) loss=0.270930 lr=0.000980781 elapsed=17:12 eta=02:51:54 val_mrr=0.701467
[TRAIN] 2026-04-22 16:22:38 step=6110/67071 (9.11%) epoch=1/3 epoch_step=6110/22357 (27.33%) loss=0.225718 lr=0.000981405 elapsed=17:13 eta=02:51:48 val_mrr=0.701467
[TRAIN] 2026-04-22 16:22:39 step=6120/67071 (9.12%) epoch=1/3 epoch_step=6120/22357 (27.37%) loss=0.243675 lr=0.00098202 elapsed=17:14 eta=02:51:43 val_mrr=0.701467
[TRAIN] 2026-04-22 16:22:40 step=6130/67071 (9.14%) epoch=1/3 epoch_step=6130/22357 (27.42%) loss=0.231417 lr=0.000982625 elapsed=17:16 eta=02:51:38 val_mrr=0.701467
[TRAIN] 2026-04-22 16:22:42 step=6140/67071 (9.15%) epoch=1/3 epoch_step=6140/22357 (27.46%) loss=0.218788 lr=0.000983219 elapsed=17:18 eta=02:51:38 val_mrr=0.701467
[TRAIN] 2026-04-22 16:22:44 step=6150/67071 (9.17%) epoch=1/3 epoch_step=6150/22357 (27.51%) loss=0.247675 lr=0.000983804 elapsed=17:19 eta=02:51:32 val_mrr=0.701467
[TRAIN] 2026-04-22 16:22:45 step=6160/67071 (9.18%) epoch=1/3 epoch_step=6160/22357 (27.55%) loss=0.225658 lr=0.000984378 elapsed=17:20 eta=02:51:27 val_mrr=0.701467
[TRAIN] 2026-04-22 16:22:46 step=6170/67071 (9.20%) epoch=1/3 epoch_step=6170/22357 (27.60%) loss=0.225469 lr=0.000984942 elapsed=17:22 eta=02:51:21 val_mrr=0.701467
[TRAIN] 2026-04-22 16:22:47 step=6180/67071 (9.21%) epoch=1/3 epoch_step=6180/22357 (27.64%) loss=0.227589 lr=0.000985495 elapsed=17:23 eta=02:51:15 val_mrr=0.701467
[TRAIN] 2026-04-22 16:22:49 step=6190/67071 (9.23%) epoch=1/3 epoch_step=6190/22357 (27.69%) loss=0.221620 lr=0.000986039 elapsed=17:24 eta=02:51:10 val_mrr=0.701467
[TRAIN] 2026-04-22 16:22:51 step=6200/67071 (9.24%) epoch=1/3 epoch_step=6200/22357 (27.73%) loss=0.232449 lr=0.000986572 elapsed=17:26 eta=02:51:12 val_mrr=0.701467
[TRAIN] 2026-04-22 16:22:52 step=6210/67071 (9.26%) epoch=1/3 epoch_step=6210/22357 (27.78%) loss=0.254502 lr=0.000987095 elapsed=17:27 eta=02:51:06 val_mrr=0.701467
[TRAIN] 2026-04-22 16:22:53 step=6220/67071 (9.27%) epoch=1/3 epoch_step=6220/22357 (27.82%) loss=0.201023 lr=0.000987608 elapsed=17:29 eta=02:51:01 val_mrr=0.701467
[TRAIN] 2026-04-22 16:22:55 step=6230/67071 (9.29%) epoch=1/3 epoch_step=6230/22357 (27.87%) loss=0.238875 lr=0.00098811 elapsed=17:30 eta=02:50:56 val_mrr=0.701467
[TRAIN] 2026-04-22 16:22:56 step=6240/67071 (9.30%) epoch=1/3 epoch_step=6240/22357 (27.91%) loss=0.220542 lr=0.000988603 elapsed=17:31 eta=02:50:50 val_mrr=0.701467
[TRAIN] 2026-04-22 16:22:57 step=6250/67071 (9.32%) epoch=1/3 epoch_step=6250/22357 (27.96%) loss=0.241842 lr=0.000989085 elapsed=17:33 eta=02:50:45 val_mrr=0.701467
[TRAIN] 2026-04-22 16:22:59 step=6260/67071 (9.33%) epoch=1/3 epoch_step=6260/22357 (28.00%) loss=0.211079 lr=0.000989556 elapsed=17:35 eta=02:50:44 val_mrr=0.701467
[TRAIN] 2026-04-22 16:23:00 step=6270/67071 (9.35%) epoch=1/3 epoch_step=6270/22357 (28.04%) loss=0.230571 lr=0.000990018 elapsed=17:36 eta=02:50:39 val_mrr=0.701467
[TRAIN] 2026-04-22 16:23:02 step=6280/67071 (9.36%) epoch=1/3 epoch_step=6280/22357 (28.09%) loss=0.235296 lr=0.000990469 elapsed=17:37 eta=02:50:33 val_mrr=0.701467
[TRAIN] 2026-04-22 16:23:03 step=6290/67071 (9.38%) epoch=1/3 epoch_step=6290/22357 (28.13%) loss=0.249668 lr=0.000990909 elapsed=17:38 eta=02:50:28 val_mrr=0.701467
[TRAIN] 2026-04-22 16:23:05 step=6300/67071 (9.39%) epoch=1/3 epoch_step=6300/22357 (28.18%) loss=0.206003 lr=0.00099134 elapsed=17:40 eta=02:50:29 val_mrr=0.701467
[TRAIN] 2026-04-22 16:23:06 step=6310/67071 (9.41%) epoch=1/3 epoch_step=6310/22357 (28.22%) loss=0.253031 lr=0.00099176 elapsed=17:42 eta=02:50:25 val_mrr=0.701467
[TRAIN] 2026-04-22 16:23:08 step=6320/67071 (9.42%) epoch=1/3 epoch_step=6320/22357 (28.27%) loss=0.234897 lr=0.00099217 elapsed=17:43 eta=02:50:19 val_mrr=0.701467
[TRAIN] 2026-04-22 16:23:09 step=6330/67071 (9.44%) epoch=1/3 epoch_step=6330/22357 (28.31%) loss=0.236866 lr=0.000992569 elapsed=17:44 eta=02:50:13 val_mrr=0.701467
[TRAIN] 2026-04-22 16:23:10 step=6340/67071 (9.45%) epoch=1/3 epoch_step=6340/22357 (28.36%) loss=0.232330 lr=0.000992958 elapsed=17:46 eta=02:50:08 val_mrr=0.701467
[TRAIN] 2026-04-22 16:23:12 step=6350/67071 (9.47%) epoch=1/3 epoch_step=6350/22357 (28.40%) loss=0.221627 lr=0.000993336 elapsed=17:47 eta=02:50:02 val_mrr=0.701467
[TRAIN] 2026-04-22 16:23:13 step=6360/67071 (9.48%) epoch=1/3 epoch_step=6360/22357 (28.45%) loss=0.208675 lr=0.000993705 elapsed=17:49 eta=02:50:02 val_mrr=0.701467
[TRAIN] 2026-04-22 16:23:15 step=6370/67071 (9.50%) epoch=1/3 epoch_step=6370/22357 (28.49%) loss=0.199600 lr=0.000994062 elapsed=17:50 eta=02:49:56 val_mrr=0.701467
[TRAIN] 2026-04-22 16:23:16 step=6380/67071 (9.51%) epoch=1/3 epoch_step=6380/22357 (28.54%) loss=0.243349 lr=0.00099441 elapsed=17:51 eta=02:49:51 val_mrr=0.701467
[TRAIN] 2026-04-22 16:23:17 step=6390/67071 (9.53%) epoch=1/3 epoch_step=6390/22357 (28.58%) loss=0.239392 lr=0.000994747 elapsed=17:53 eta=02:49:46 val_mrr=0.701467
[TRAIN] 2026-04-22 16:23:19 step=6400/67071 (9.54%) epoch=1/3 epoch_step=6400/22357 (28.63%) loss=0.219069 lr=0.000995073 elapsed=17:55 eta=02:49:48 val_mrr=0.701467
[TRAIN] 2026-04-22 16:23:21 step=6410/67071 (9.56%) epoch=1/3 epoch_step=6410/22357 (28.67%) loss=0.233528 lr=0.000995389 elapsed=17:56 eta=02:49:43 val_mrr=0.701467
[TRAIN] 2026-04-22 16:23:22 step=6420/67071 (9.57%) epoch=1/3 epoch_step=6420/22357 (28.72%) loss=0.232532 lr=0.000995695 elapsed=17:57 eta=02:49:37 val_mrr=0.701467
[TRAIN] 2026-04-22 16:23:23 step=6430/67071 (9.59%) epoch=1/3 epoch_step=6430/22357 (28.76%) loss=0.227558 lr=0.00099599 elapsed=17:59 eta=02:49:32 val_mrr=0.701467
[TRAIN] 2026-04-22 16:23:25 step=6440/67071 (9.60%) epoch=1/3 epoch_step=6440/22357 (28.81%) loss=0.236983 lr=0.000996275 elapsed=18:00 eta=02:49:27 val_mrr=0.701467
[TRAIN] 2026-04-22 16:23:26 step=6450/67071 (9.62%) epoch=1/3 epoch_step=6450/22357 (28.85%) loss=0.214242 lr=0.00099655 elapsed=18:01 eta=02:49:22 val_mrr=0.701467
[TRAIN] 2026-04-22 16:23:27 step=6460/67071 (9.63%) epoch=1/3 epoch_step=6460/22357 (28.89%) loss=0.223227 lr=0.000996814 elapsed=18:03 eta=02:49:17 val_mrr=0.701467
[TRAIN] 2026-04-22 16:23:29 step=6470/67071 (9.65%) epoch=1/3 epoch_step=6470/22357 (28.94%) loss=0.254871 lr=0.000997067 elapsed=18:04 eta=02:49:17 val_mrr=0.701467
[TRAIN] 2026-04-22 16:23:30 step=6480/67071 (9.66%) epoch=1/3 epoch_step=6480/22357 (28.98%) loss=0.221619 lr=0.00099731 elapsed=18:06 eta=02:49:12 val_mrr=0.701467
[TRAIN] 2026-04-22 16:23:32 step=6490/67071 (9.68%) epoch=1/3 epoch_step=6490/22357 (29.03%) loss=0.255882 lr=0.000997542 elapsed=18:07 eta=02:49:06 val_mrr=0.701467
[STAGE] 2026-04-22 16:23:33 val prep subsets global=50000 art_art=1986 art_any=50000
[STAGE] 2026-04-22 16:23:33 val prep negatives global=50000 art_art=1986 art_any=50000
[STAGE] 2026-04-22 16:23:33 val prep unique_entities=136246
[STAGE] 2026-04-22 16:23:37 val prep entity_bank_ready unique_entities=136246 emb_dim=512
[STAGE] 2026-04-22 16:23:37 val start step=6500 epoch=0 task=relation_ranking subset=global triples=50000 batches=98 eval_batch_size=512
[STAGE] 2026-04-22 16:23:39 val start step=6500 epoch=0 task=triple_scoring subset=global triples=50000 batches=98 eval_batch_size=512
[STAGE] 2026-04-22 16:23:39 val start step=6500 epoch=0 task=relation_ranking subset=art_art triples=1986 batches=4 eval_batch_size=512
[STAGE] 2026-04-22 16:23:39 val start step=6500 epoch=0 task=triple_scoring subset=art_art triples=1986 batches=4 eval_batch_size=512
[STAGE] 2026-04-22 16:23:39 val start step=6500 epoch=0 task=relation_ranking subset=art_any triples=50000 batches=98 eval_batch_size=512
[STAGE] 2026-04-22 16:23:41 val start step=6500 epoch=0 task=triple_scoring subset=art_any triples=50000 batches=98 eval_batch_size=512
[VAL] 2026-04-22 16:23:41 step=6500 epoch=0 mrr=0.586708 aucpr=0.943431 art_art_mrr=0.375282 art_art_aucpr=0.802753 art_any_mrr=0.586728 art_any_aucpr=0.835584
[TRAIN] 2026-04-22 16:23:42 step=6500/67071 (9.69%) epoch=1/3 epoch_step=6500/22357 (29.07%) loss=0.195913 lr=0.000997764 elapsed=18:17 eta=02:50:25 val_mrr=0.701467
[TRAIN] 2026-04-22 16:23:43 step=6510/67071 (9.71%) epoch=1/3 epoch_step=6510/22357 (29.12%) loss=0.237451 lr=0.000997976 elapsed=18:19 eta=02:50:20 val_mrr=0.701467
[TRAIN] 2026-04-22 16:23:45 step=6520/67071 (9.72%) epoch=1/3 epoch_step=6520/22357 (29.16%) loss=0.223648 lr=0.000998177 elapsed=18:20 eta=02:50:16 val_mrr=0.701467
[TRAIN] 2026-04-22 16:23:46 step=6530/67071 (9.74%) epoch=1/3 epoch_step=6530/22357 (29.21%) loss=0.228828 lr=0.000998368 elapsed=18:21 eta=02:50:11 val_mrr=0.701467
[TRAIN] 2026-04-22 16:23:47 step=6540/67071 (9.75%) epoch=1/3 epoch_step=6540/22357 (29.25%) loss=0.226118 lr=0.000998548 elapsed=18:23 eta=02:50:07 val_mrr=0.701467
[TRAIN] 2026-04-22 16:23:49 step=6550/67071 (9.77%) epoch=1/3 epoch_step=6550/22357 (29.30%) loss=0.212271 lr=0.000998717 elapsed=18:24 eta=02:50:01 val_mrr=0.701467
[TRAIN] 2026-04-22 16:23:51 step=6560/67071 (9.78%) epoch=1/3 epoch_step=6560/22357 (29.34%) loss=0.211949 lr=0.000998876 elapsed=18:26 eta=02:50:02 val_mrr=0.701467
[TRAIN] 2026-04-22 16:23:52 step=6570/67071 (9.80%) epoch=1/3 epoch_step=6570/22357 (29.39%) loss=0.222102 lr=0.000999025 elapsed=18:27 eta=02:49:57 val_mrr=0.701467
[TRAIN] 2026-04-22 16:23:53 step=6580/67071 (9.81%) epoch=1/3 epoch_step=6580/22357 (29.43%) loss=0.232325 lr=0.000999163 elapsed=18:29 eta=02:49:52 val_mrr=0.701467
[TRAIN] 2026-04-22 16:23:55 step=6590/67071 (9.83%) epoch=1/3 epoch_step=6590/22357 (29.48%) loss=0.219456 lr=0.00099929 elapsed=18:30 eta=02:49:47 val_mrr=0.701467
[TRAIN] 2026-04-22 16:23:57 step=6600/67071 (9.84%) epoch=1/3 epoch_step=6600/22357 (29.52%) loss=0.223003 lr=0.000999407 elapsed=18:32 eta=02:49:49 val_mrr=0.701467
[TRAIN] 2026-04-22 16:23:58 step=6610/67071 (9.86%) epoch=1/3 epoch_step=6610/22357 (29.57%) loss=0.222929 lr=0.000999514 elapsed=18:33 eta=02:49:45 val_mrr=0.701467
[TRAIN] 2026-04-22 16:23:59 step=6620/67071 (9.87%) epoch=1/3 epoch_step=6620/22357 (29.61%) loss=0.206919 lr=0.00099961 elapsed=18:35 eta=02:49:40 val_mrr=0.701467
[TRAIN] 2026-04-22 16:24:01 step=6630/67071 (9.89%) epoch=1/3 epoch_step=6630/22357 (29.66%) loss=0.200221 lr=0.000999695 elapsed=18:36 eta=02:49:36 val_mrr=0.701467
[TRAIN] 2026-04-22 16:24:02 step=6640/67071 (9.90%) epoch=1/3 epoch_step=6640/22357 (29.70%) loss=0.250619 lr=0.00099977 elapsed=18:38 eta=02:49:32 val_mrr=0.701467
[TRAIN] 2026-04-22 16:24:04 step=6650/67071 (9.91%) epoch=1/3 epoch_step=6650/22357 (29.74%) loss=0.219015 lr=0.000999834 elapsed=18:39 eta=02:49:28 val_mrr=0.701467
[TRAIN] 2026-04-22 16:24:05 step=6660/67071 (9.93%) epoch=1/3 epoch_step=6660/22357 (29.79%) loss=0.181703 lr=0.000999888 elapsed=18:41 eta=02:49:24 val_mrr=0.701467
[TRAIN] 2026-04-22 16:24:07 step=6670/67071 (9.94%) epoch=1/3 epoch_step=6670/22357 (29.83%) loss=0.235182 lr=0.000999931 elapsed=18:43 eta=02:49:25 val_mrr=0.701467
[TRAIN] 2026-04-22 16:24:08 step=6680/67071 (9.96%) epoch=1/3 epoch_step=6680/22357 (29.88%) loss=0.245102 lr=0.000999964 elapsed=18:44 eta=02:49:20 val_mrr=0.701467
[TRAIN] 2026-04-22 16:24:10 step=6690/67071 (9.97%) epoch=1/3 epoch_step=6690/22357 (29.92%) loss=0.240746 lr=0.000999986 elapsed=18:45 eta=02:49:16 val_mrr=0.701467
[TRAIN] 2026-04-22 16:24:12 step=6700/67071 (9.99%) epoch=1/3 epoch_step=6700/22357 (29.97%) loss=0.223029 lr=0.000999998 elapsed=18:47 eta=02:49:15 val_mrr=0.701467
[TRAIN] 2026-04-22 16:24:13 step=6710/67071 (10.00%) epoch=1/3 epoch_step=6710/22357 (30.01%) loss=0.223433 lr=0.001 elapsed=18:48 eta=02:49:11 val_mrr=0.701467
[TRAIN] 2026-04-22 16:24:14 step=6720/67071 (10.02%) epoch=1/3 epoch_step=6720/22357 (30.06%) loss=0.195951 lr=0.001 elapsed=18:50 eta=02:49:06 val_mrr=0.701467
[TRAIN] 2026-04-22 16:24:16 step=6730/67071 (10.03%) epoch=1/3 epoch_step=6730/22357 (30.10%) loss=0.266805 lr=0.001 elapsed=18:51 eta=02:49:02 val_mrr=0.701467
[TRAIN] 2026-04-22 16:24:17 step=6740/67071 (10.05%) epoch=1/3 epoch_step=6740/22357 (30.15%) loss=0.206803 lr=0.000999999 elapsed=18:53 eta=02:48:59 val_mrr=0.701467
[TRAIN] 2026-04-22 16:24:19 step=6750/67071 (10.06%) epoch=1/3 epoch_step=6750/22357 (30.19%) loss=0.218646 lr=0.000999999 elapsed=18:54 eta=02:48:55 val_mrr=0.701467
[TRAIN] 2026-04-22 16:24:20 step=6760/67071 (10.08%) epoch=1/3 epoch_step=6760/22357 (30.24%) loss=0.255013 lr=0.000999998 elapsed=18:55 eta=02:48:50 val_mrr=0.701467
[TRAIN] 2026-04-22 16:24:21 step=6770/67071 (10.09%) epoch=1/3 epoch_step=6770/22357 (30.28%) loss=0.253551 lr=0.000999997 elapsed=18:57 eta=02:48:46 val_mrr=0.701467
[TRAIN] 2026-04-22 16:24:23 step=6780/67071 (10.11%) epoch=1/3 epoch_step=6780/22357 (30.33%) loss=0.251778 lr=0.000999996 elapsed=18:59 eta=02:48:46 val_mrr=0.701467
[TRAIN] 2026-04-22 16:24:25 step=6790/67071 (10.12%) epoch=1/3 epoch_step=6790/22357 (30.37%) loss=0.195635 lr=0.000999995 elapsed=19:00 eta=02:48:42 val_mrr=0.701467
[TRAIN] 2026-04-22 16:24:27 step=6800/67071 (10.14%) epoch=1/3 epoch_step=6800/22357 (30.42%) loss=0.236464 lr=0.000999994 elapsed=19:02 eta=02:48:44 val_mrr=0.701467
[TRAIN] 2026-04-22 16:24:28 step=6810/67071 (10.15%) epoch=1/3 epoch_step=6810/22357 (30.46%) loss=0.218162 lr=0.000999993 elapsed=19:04 eta=02:48:40 val_mrr=0.701467
[TRAIN] 2026-04-22 16:24:30 step=6820/67071 (10.17%) epoch=1/3 epoch_step=6820/22357 (30.50%) loss=0.234846 lr=0.000999991 elapsed=19:05 eta=02:48:35 val_mrr=0.701467
[TRAIN] 2026-04-22 16:24:31 step=6830/67071 (10.18%) epoch=1/3 epoch_step=6830/22357 (30.55%) loss=0.237709 lr=0.00099999 elapsed=19:06 eta=02:48:31 val_mrr=0.701467
[TRAIN] 2026-04-22 16:24:32 step=6840/67071 (10.20%) epoch=1/3 epoch_step=6840/22357 (30.59%) loss=0.214916 lr=0.000999988 elapsed=19:08 eta=02:48:27 val_mrr=0.701467
[TRAIN] 2026-04-22 16:24:34 step=6850/67071 (10.21%) epoch=1/3 epoch_step=6850/22357 (30.64%) loss=0.224654 lr=0.000999986 elapsed=19:09 eta=02:48:23 val_mrr=0.701467
[TRAIN] 2026-04-22 16:24:35 step=6860/67071 (10.23%) epoch=1/3 epoch_step=6860/22357 (30.68%) loss=0.197083 lr=0.000999984 elapsed=19:11 eta=02:48:19 val_mrr=0.701467
[TRAIN] 2026-04-22 16:24:37 step=6870/67071 (10.24%) epoch=1/3 epoch_step=6870/22357 (30.73%) loss=0.234049 lr=0.000999982 elapsed=19:12 eta=02:48:14 val_mrr=0.701467
[TRAIN] 2026-04-22 16:24:38 step=6880/67071 (10.26%) epoch=1/3 epoch_step=6880/22357 (30.77%) loss=0.215085 lr=0.00099998 elapsed=19:14 eta=02:48:14 val_mrr=0.701467
[TRAIN] 2026-04-22 16:24:40 step=6890/67071 (10.27%) epoch=1/3 epoch_step=6890/22357 (30.82%) loss=0.215455 lr=0.000999977 elapsed=19:15 eta=02:48:10 val_mrr=0.701467
[TRAIN] 2026-04-22 16:24:42 step=6900/67071 (10.29%) epoch=1/3 epoch_step=6900/22357 (30.86%) loss=0.225068 lr=0.000999975 elapsed=19:17 eta=02:48:12 val_mrr=0.701467
[TRAIN] 2026-04-22 16:24:43 step=6910/67071 (10.30%) epoch=1/3 epoch_step=6910/22357 (30.91%) loss=0.211400 lr=0.000999972 elapsed=19:19 eta=02:48:07 val_mrr=0.701467
[TRAIN] 2026-04-22 16:24:45 step=6920/67071 (10.32%) epoch=1/3 epoch_step=6920/22357 (30.95%) loss=0.217561 lr=0.000999969 elapsed=19:20 eta=02:48:02 val_mrr=0.701467
[TRAIN] 2026-04-22 16:24:46 step=6930/67071 (10.33%) epoch=1/3 epoch_step=6930/22357 (31.00%) loss=0.209893 lr=0.000999966 elapsed=19:21 eta=02:47:58 val_mrr=0.701467
[TRAIN] 2026-04-22 16:24:47 step=6940/67071 (10.35%) epoch=1/3 epoch_step=6940/22357 (31.04%) loss=0.241114 lr=0.000999963 elapsed=19:23 eta=02:47:53 val_mrr=0.701467
[TRAIN] 2026-04-22 16:24:49 step=6950/67071 (10.36%) epoch=1/3 epoch_step=6950/22357 (31.09%) loss=0.241575 lr=0.00099996 elapsed=19:24 eta=02:47:48 val_mrr=0.701467
[TRAIN] 2026-04-22 16:24:50 step=6960/67071 (10.38%) epoch=1/3 epoch_step=6960/22357 (31.13%) loss=0.217451 lr=0.000999956 elapsed=19:25 eta=02:47:44 val_mrr=0.701467
[TRAIN] 2026-04-22 16:24:51 step=6970/67071 (10.39%) epoch=1/3 epoch_step=6970/22357 (31.18%) loss=0.213183 lr=0.000999953 elapsed=19:27 eta=02:47:39 val_mrr=0.701467
[TRAIN] 2026-04-22 16:24:53 step=6980/67071 (10.41%) epoch=1/3 epoch_step=6980/22357 (31.22%) loss=0.231076 lr=0.000999949 elapsed=19:28 eta=02:47:35 val_mrr=0.701467
[TRAIN] 2026-04-22 16:24:54 step=6990/67071 (10.42%) epoch=1/3 epoch_step=6990/22357 (31.27%) loss=0.244322 lr=0.000999945 elapsed=19:30 eta=02:47:34 val_mrr=0.701467
[STAGE] 2026-04-22 16:24:56 val prep subsets global=50000 art_art=1986 art_any=50000
[STAGE] 2026-04-22 16:24:56 val prep negatives global=50000 art_art=1986 art_any=50000
[STAGE] 2026-04-22 16:24:56 val prep unique_entities=136169
[STAGE] 2026-04-22 16:25:00 val prep entity_bank_ready unique_entities=136169 emb_dim=512
[STAGE] 2026-04-22 16:25:00 val start step=7000 epoch=0 task=relation_ranking subset=global triples=50000 batches=98 eval_batch_size=512
[STAGE] 2026-04-22 16:25:02 val start step=7000 epoch=0 task=triple_scoring subset=global triples=50000 batches=98 eval_batch_size=512
[STAGE] 2026-04-22 16:25:02 val start step=7000 epoch=0 task=relation_ranking subset=art_art triples=1986 batches=4 eval_batch_size=512
[STAGE] 2026-04-22 16:25:02 val start step=7000 epoch=0 task=triple_scoring subset=art_art triples=1986 batches=4 eval_batch_size=512
[STAGE] 2026-04-22 16:25:02 val start step=7000 epoch=0 task=relation_ranking subset=art_any triples=50000 batches=98 eval_batch_size=512
[STAGE] 2026-04-22 16:25:04 val start step=7000 epoch=0 task=triple_scoring subset=art_any triples=50000 batches=98 eval_batch_size=512
[VAL] 2026-04-22 16:25:04 step=7000 epoch=0 mrr=0.659501 aucpr=0.955303 art_art_mrr=0.401717 art_art_aucpr=0.784569 art_any_mrr=0.659508 art_any_aucpr=0.870529
[TRAIN] 2026-04-22 16:25:05 step=7000/67071 (10.44%) epoch=1/3 epoch_step=7000/22357 (31.31%) loss=0.255374 lr=0.000999942 elapsed=19:40 eta=02:48:49 val_mrr=0.701467
[TRAIN] 2026-04-22 16:25:06 step=7010/67071 (10.45%) epoch=1/3 epoch_step=7010/22357 (31.35%) loss=0.223180 lr=0.000999937 elapsed=19:42 eta=02:48:44 val_mrr=0.701467
[TRAIN] 2026-04-22 16:25:08 step=7020/67071 (10.47%) epoch=1/3 epoch_step=7020/22357 (31.40%) loss=0.251440 lr=0.000999933 elapsed=19:43 eta=02:48:40 val_mrr=0.701467
[TRAIN] 2026-04-22 16:25:09 step=7030/67071 (10.48%) epoch=1/3 epoch_step=7030/22357 (31.44%) loss=0.250423 lr=0.000999929 elapsed=19:44 eta=02:48:35 val_mrr=0.701467
[TRAIN] 2026-04-22 16:25:10 step=7040/67071 (10.50%) epoch=1/3 epoch_step=7040/22357 (31.49%) loss=0.233734 lr=0.000999925 elapsed=19:46 eta=02:48:32 val_mrr=0.701467
[TRAIN] 2026-04-22 16:25:12 step=7050/67071 (10.51%) epoch=1/3 epoch_step=7050/22357 (31.53%) loss=0.231142 lr=0.00099992 elapsed=19:47 eta=02:48:27 val_mrr=0.701467
[TRAIN] 2026-04-22 16:25:13 step=7060/67071 (10.53%) epoch=1/3 epoch_step=7060/22357 (31.58%) loss=0.221037 lr=0.000999915 elapsed=19:49 eta=02:48:23 val_mrr=0.701467
[TRAIN] 2026-04-22 16:25:15 step=7070/67071 (10.54%) epoch=1/3 epoch_step=7070/22357 (31.62%) loss=0.264223 lr=0.00099991 elapsed=19:50 eta=02:48:18 val_mrr=0.701467
[TRAIN] 2026-04-22 16:25:16 step=7080/67071 (10.56%) epoch=1/3 epoch_step=7080/22357 (31.67%) loss=0.240434 lr=0.000999905 elapsed=19:52 eta=02:48:18 val_mrr=0.701467
[TRAIN] 2026-04-22 16:25:18 step=7090/67071 (10.57%) epoch=1/3 epoch_step=7090/22357 (31.71%) loss=0.224345 lr=0.0009999 elapsed=19:53 eta=02:48:13 val_mrr=0.701467
[TRAIN] 2026-04-22 16:25:20 step=7100/67071 (10.59%) epoch=1/3 epoch_step=7100/22357 (31.76%) loss=0.198966 lr=0.000999895 elapsed=19:55 eta=02:48:15 val_mrr=0.701467
[TRAIN] 2026-04-22 16:25:21 step=7110/67071 (10.60%) epoch=1/3 epoch_step=7110/22357 (31.80%) loss=0.228685 lr=0.00099989 elapsed=19:56 eta=02:48:10 val_mrr=0.701467
[TRAIN] 2026-04-22 16:25:22 step=7120/67071 (10.62%) epoch=1/3 epoch_step=7120/22357 (31.85%) loss=0.207938 lr=0.000999884 elapsed=19:58 eta=02:48:05 val_mrr=0.701467
[TRAIN] 2026-04-22 16:25:24 step=7130/67071 (10.63%) epoch=1/3 epoch_step=7130/22357 (31.89%) loss=0.205800 lr=0.000999878 elapsed=19:59 eta=02:48:00 val_mrr=0.701467
[TRAIN] 2026-04-22 16:25:25 step=7140/67071 (10.65%) epoch=1/3 epoch_step=7140/22357 (31.94%) loss=0.264542 lr=0.000999873 elapsed=20:00 eta=02:47:56 val_mrr=0.701467
[TRAIN] 2026-04-22 16:25:26 step=7150/67071 (10.66%) epoch=1/3 epoch_step=7150/22357 (31.98%) loss=0.238672 lr=0.000999867 elapsed=20:02 eta=02:47:52 val_mrr=0.701467
[TRAIN] 2026-04-22 16:25:28 step=7160/67071 (10.68%) epoch=1/3 epoch_step=7160/22357 (32.03%) loss=0.230498 lr=0.00099986 elapsed=20:03 eta=02:47:47 val_mrr=0.701467
[TRAIN] 2026-04-22 16:25:29 step=7170/67071 (10.69%) epoch=1/3 epoch_step=7170/22357 (32.07%) loss=0.233684 lr=0.000999854 elapsed=20:04 eta=02:47:42 val_mrr=0.701467
[TRAIN] 2026-04-22 16:25:31 step=7180/67071 (10.71%) epoch=1/3 epoch_step=7180/22357 (32.12%) loss=0.220727 lr=0.000999848 elapsed=20:06 eta=02:47:42 val_mrr=0.701467
[TRAIN] 2026-04-22 16:25:32 step=7190/67071 (10.72%) epoch=1/3 epoch_step=7190/22357 (32.16%) loss=0.217204 lr=0.000999841 elapsed=20:08 eta=02:47:38 val_mrr=0.701467
[TRAIN] 2026-04-22 16:25:34 step=7200/67071 (10.73%) epoch=1/3 epoch_step=7200/22357 (32.20%) loss=0.226835 lr=0.000999835 elapsed=20:10 eta=02:47:39 val_mrr=0.701467
[TRAIN] 2026-04-22 16:25:36 step=7210/67071 (10.75%) epoch=1/3 epoch_step=7210/22357 (32.25%) loss=0.247351 lr=0.000999828 elapsed=20:11 eta=02:47:33 val_mrr=0.701467
[TRAIN] 2026-04-22 16:25:37 step=7220/67071 (10.76%) epoch=1/3 epoch_step=7220/22357 (32.29%) loss=0.215957 lr=0.000999821 elapsed=20:12 eta=02:47:29 val_mrr=0.701467
[TRAIN] 2026-04-22 16:25:38 step=7230/67071 (10.78%) epoch=1/3 epoch_step=7230/22357 (32.34%) loss=0.200405 lr=0.000999814 elapsed=20:14 eta=02:47:24 val_mrr=0.701467
[TRAIN] 2026-04-22 16:25:39 step=7240/67071 (10.79%) epoch=1/3 epoch_step=7240/22357 (32.38%) loss=0.244869 lr=0.000999807 elapsed=20:15 eta=02:47:19 val_mrr=0.701467
[TRAIN] 2026-04-22 16:25:41 step=7250/67071 (10.81%) epoch=1/3 epoch_step=7250/22357 (32.43%) loss=0.231606 lr=0.0009998 elapsed=20:16 eta=02:47:14 val_mrr=0.701467
[TRAIN] 2026-04-22 16:25:42 step=7260/67071 (10.82%) epoch=1/3 epoch_step=7260/22357 (32.47%) loss=0.259264 lr=0.000999792 elapsed=20:17 eta=02:47:09 val_mrr=0.701467
[TRAIN] 2026-04-22 16:25:43 step=7270/67071 (10.84%) epoch=1/3 epoch_step=7270/22357 (32.52%) loss=0.199911 lr=0.000999785 elapsed=20:19 eta=02:47:05 val_mrr=0.701467
[TRAIN] 2026-04-22 16:25:45 step=7280/67071 (10.85%) epoch=1/3 epoch_step=7280/22357 (32.56%) loss=0.198333 lr=0.000999777 elapsed=20:20 eta=02:47:00 val_mrr=0.701467
[TRAIN] 2026-04-22 16:25:47 step=7290/67071 (10.87%) epoch=1/3 epoch_step=7290/22357 (32.61%) loss=0.238058 lr=0.000999769 elapsed=20:22 eta=02:47:00 val_mrr=0.701467
[TRAIN] 2026-04-22 16:25:49 step=7300/67071 (10.88%) epoch=1/3 epoch_step=7300/22357 (32.65%) loss=0.211187 lr=0.000999761 elapsed=20:24 eta=02:47:02 val_mrr=0.701467
[TRAIN] 2026-04-22 16:25:50 step=7310/67071 (10.90%) epoch=1/3 epoch_step=7310/22357 (32.70%) loss=0.190941 lr=0.000999753 elapsed=20:25 eta=02:46:58 val_mrr=0.701467
[TRAIN] 2026-04-22 16:25:51 step=7320/67071 (10.91%) epoch=1/3 epoch_step=7320/22357 (32.74%) loss=0.215148 lr=0.000999745 elapsed=20:27 eta=02:46:53 val_mrr=0.701467
[TRAIN] 2026-04-22 16:25:53 step=7330/67071 (10.93%) epoch=1/3 epoch_step=7330/22357 (32.79%) loss=0.208421 lr=0.000999736 elapsed=20:28 eta=02:46:49 val_mrr=0.701467
[TRAIN] 2026-04-22 16:25:54 step=7340/67071 (10.94%) epoch=1/3 epoch_step=7340/22357 (32.83%) loss=0.219413 lr=0.000999728 elapsed=20:29 eta=02:46:44 val_mrr=0.701467
[TRAIN] 2026-04-22 16:25:55 step=7350/67071 (10.96%) epoch=1/3 epoch_step=7350/22357 (32.88%) loss=0.214596 lr=0.000999719 elapsed=20:31 eta=02:46:40 val_mrr=0.701467
[TRAIN] 2026-04-22 16:25:57 step=7360/67071 (10.97%) epoch=1/3 epoch_step=7360/22357 (32.92%) loss=0.232381 lr=0.00099971 elapsed=20:32 eta=02:46:35 val_mrr=0.701467
[TRAIN] 2026-04-22 16:25:58 step=7370/67071 (10.99%) epoch=1/3 epoch_step=7370/22357 (32.97%) loss=0.240233 lr=0.000999702 elapsed=20:33 eta=02:46:31 val_mrr=0.701467
[TRAIN] 2026-04-22 16:25:59 step=7380/67071 (11.00%) epoch=1/3 epoch_step=7380/22357 (33.01%) loss=0.208793 lr=0.000999693 elapsed=20:35 eta=02:46:26 val_mrr=0.701467
[TRAIN] 2026-04-22 16:26:01 step=7390/67071 (11.02%) epoch=1/3 epoch_step=7390/22357 (33.05%) loss=0.238844 lr=0.000999683 elapsed=20:36 eta=02:46:21 val_mrr=0.701467
[TRAIN] 2026-04-22 16:26:03 step=7400/67071 (11.03%) epoch=1/3 epoch_step=7400/22357 (33.10%) loss=0.215259 lr=0.000999674 elapsed=20:39 eta=02:46:28 val_mrr=0.701467
[TRAIN] 2026-04-22 16:26:05 step=7410/67071 (11.05%) epoch=1/3 epoch_step=7410/22357 (33.14%) loss=0.215254 lr=0.000999665 elapsed=20:40 eta=02:46:23 val_mrr=0.701467
[TRAIN] 2026-04-22 16:26:06 step=7420/67071 (11.06%) epoch=1/3 epoch_step=7420/22357 (33.19%) loss=0.220204 lr=0.000999655 elapsed=20:41 eta=02:46:19 val_mrr=0.701467
[TRAIN] 2026-04-22 16:26:07 step=7430/67071 (11.08%) epoch=1/3 epoch_step=7430/22357 (33.23%) loss=0.231617 lr=0.000999645 elapsed=20:43 eta=02:46:15 val_mrr=0.701467
[TRAIN] 2026-04-22 16:26:09 step=7440/67071 (11.09%) epoch=1/3 epoch_step=7440/22357 (33.28%) loss=0.219283 lr=0.000999635 elapsed=20:44 eta=02:46:10 val_mrr=0.701467
[TRAIN] 2026-04-22 16:26:10 step=7450/67071 (11.11%) epoch=1/3 epoch_step=7450/22357 (33.32%) loss=0.199230 lr=0.000999625 elapsed=20:45 eta=02:46:06 val_mrr=0.701467
[TRAIN] 2026-04-22 16:26:11 step=7460/67071 (11.12%) epoch=1/3 epoch_step=7460/22357 (33.37%) loss=0.228180 lr=0.000999615 elapsed=20:47 eta=02:46:01 val_mrr=0.701467
[TRAIN] 2026-04-22 16:26:13 step=7470/67071 (11.14%) epoch=1/3 epoch_step=7470/22357 (33.41%) loss=0.198956 lr=0.000999605 elapsed=20:48 eta=02:45:57 val_mrr=0.701467
[TRAIN] 2026-04-22 16:26:14 step=7480/67071 (11.15%) epoch=1/3 epoch_step=7480/22357 (33.46%) loss=0.240102 lr=0.000999594 elapsed=20:49 eta=02:45:52 val_mrr=0.701467
[TRAIN] 2026-04-22 16:26:15 step=7490/67071 (11.17%) epoch=1/3 epoch_step=7490/22357 (33.50%) loss=0.187497 lr=0.000999584 elapsed=20:51 eta=02:45:49 val_mrr=0.701467
[STAGE] 2026-04-22 16:26:17 val prep subsets global=50000 art_art=1986 art_any=50000
[STAGE] 2026-04-22 16:26:18 val prep negatives global=50000 art_art=1986 art_any=50000
[STAGE] 2026-04-22 16:26:18 val prep unique_entities=136183
[STAGE] 2026-04-22 16:26:21 val prep entity_bank_ready unique_entities=136183 emb_dim=512
[STAGE] 2026-04-22 16:26:21 val start step=7500 epoch=0 task=relation_ranking subset=global triples=50000 batches=98 eval_batch_size=512
[STAGE] 2026-04-22 16:26:23 val start step=7500 epoch=0 task=triple_scoring subset=global triples=50000 batches=98 eval_batch_size=512
[STAGE] 2026-04-22 16:26:23 val start step=7500 epoch=0 task=relation_ranking subset=art_art triples=1986 batches=4 eval_batch_size=512
[STAGE] 2026-04-22 16:26:23 val start step=7500 epoch=0 task=triple_scoring subset=art_art triples=1986 batches=4 eval_batch_size=512
[STAGE] 2026-04-22 16:26:23 val start step=7500 epoch=0 task=relation_ranking subset=art_any triples=50000 batches=98 eval_batch_size=512
[STAGE] 2026-04-22 16:26:25 val start step=7500 epoch=0 task=triple_scoring subset=art_any triples=50000 batches=98 eval_batch_size=512
[VAL] 2026-04-22 16:26:25 step=7500 epoch=0 mrr=0.651926 aucpr=0.959619 art_art_mrr=0.286810 art_art_aucpr=0.848548 art_any_mrr=0.651945 art_any_aucpr=0.873196
[TRAIN] 2026-04-22 16:26:26 step=7500/67071 (11.18%) epoch=1/3 epoch_step=7500/22357 (33.55%) loss=0.277970 lr=0.000999573 elapsed=21:01 eta=02:46:58 val_mrr=0.701467
[TRAIN] 2026-04-22 16:26:27 step=7510/67071 (11.20%) epoch=1/3 epoch_step=7510/22357 (33.59%) loss=0.261476 lr=0.000999562 elapsed=21:03 eta=02:46:53 val_mrr=0.701467
[TRAIN] 2026-04-22 16:26:28 step=7520/67071 (11.21%) epoch=1/3 epoch_step=7520/22357 (33.64%) loss=0.222723 lr=0.000999552 elapsed=21:04 eta=02:46:48 val_mrr=0.701467
[TRAIN] 2026-04-22 16:26:30 step=7530/67071 (11.23%) epoch=1/3 epoch_step=7530/22357 (33.68%) loss=0.208265 lr=0.00099954 elapsed=21:05 eta=02:46:43 val_mrr=0.701467
[TRAIN] 2026-04-22 16:26:31 step=7540/67071 (11.24%) epoch=1/3 epoch_step=7540/22357 (33.73%) loss=0.198418 lr=0.000999529 elapsed=21:06 eta=02:46:38 val_mrr=0.701467
[TRAIN] 2026-04-22 16:26:32 step=7550/67071 (11.26%) epoch=1/3 epoch_step=7550/22357 (33.77%) loss=0.252134 lr=0.000999518 elapsed=21:08 eta=02:46:34 val_mrr=0.701467
[TRAIN] 2026-04-22 16:26:34 step=7560/67071 (11.27%) epoch=1/3 epoch_step=7560/22357 (33.81%) loss=0.206314 lr=0.000999506 elapsed=21:09 eta=02:46:29 val_mrr=0.701467
[TRAIN] 2026-04-22 16:26:35 step=7570/67071 (11.29%) epoch=1/3 epoch_step=7570/22357 (33.86%) loss=0.186076 lr=0.000999495 elapsed=21:10 eta=02:46:24 val_mrr=0.701467
[TRAIN] 2026-04-22 16:26:36 step=7580/67071 (11.30%) epoch=1/3 epoch_step=7580/22357 (33.90%) loss=0.225084 lr=0.000999483 elapsed=21:12 eta=02:46:20 val_mrr=0.701467
[TRAIN] 2026-04-22 16:26:38 step=7590/67071 (11.32%) epoch=1/3 epoch_step=7590/22357 (33.95%) loss=0.208717 lr=0.000999471 elapsed=21:13 eta=02:46:18 val_mrr=0.701467
[TRAIN] 2026-04-22 16:26:40 step=7600/67071 (11.33%) epoch=1/3 epoch_step=7600/22357 (33.99%) loss=0.202543 lr=0.000999459 elapsed=21:15 eta=02:46:19 val_mrr=0.701467
[TRAIN] 2026-04-22 16:26:41 step=7610/67071 (11.35%) epoch=1/3 epoch_step=7610/22357 (34.04%) loss=0.216867 lr=0.000999447 elapsed=21:17 eta=02:46:14 val_mrr=0.701467
[TRAIN] 2026-04-22 16:26:42 step=7620/67071 (11.36%) epoch=1/3 epoch_step=7620/22357 (34.08%) loss=0.207150 lr=0.000999435 elapsed=21:18 eta=02:46:10 val_mrr=0.701467
[TRAIN] 2026-04-22 16:26:44 step=7630/67071 (11.38%) epoch=1/3 epoch_step=7630/22357 (34.13%) loss=0.217721 lr=0.000999422 elapsed=21:19 eta=02:46:06 val_mrr=0.701467
[TRAIN] 2026-04-22 16:26:45 step=7640/67071 (11.39%) epoch=1/3 epoch_step=7640/22357 (34.17%) loss=0.247932 lr=0.00099941 elapsed=21:20 eta=02:46:01 val_mrr=0.701467
[TRAIN] 2026-04-22 16:26:46 step=7650/67071 (11.41%) epoch=1/3 epoch_step=7650/22357 (34.22%) loss=0.199415 lr=0.000999397 elapsed=21:22 eta=02:45:56 val_mrr=0.701467
[TRAIN] 2026-04-22 16:26:48 step=7660/67071 (11.42%) epoch=1/3 epoch_step=7660/22357 (34.26%) loss=0.224428 lr=0.000999384 elapsed=21:23 eta=02:45:51 val_mrr=0.701467
[TRAIN] 2026-04-22 16:26:49 step=7670/67071 (11.44%) epoch=1/3 epoch_step=7670/22357 (34.31%) loss=0.242818 lr=0.000999371 elapsed=21:24 eta=02:45:46 val_mrr=0.701467
[TRAIN] 2026-04-22 16:26:50 step=7680/67071 (11.45%) epoch=1/3 epoch_step=7680/22357 (34.35%) loss=0.199889 lr=0.000999358 elapsed=21:26 eta=02:45:43 val_mrr=0.701467
[TRAIN] 2026-04-22 16:26:52 step=7690/67071 (11.47%) epoch=1/3 epoch_step=7690/22357 (34.40%) loss=0.252607 lr=0.000999345 elapsed=21:27 eta=02:45:38 val_mrr=0.701467
[TRAIN] 2026-04-22 16:26:54 step=7700/67071 (11.48%) epoch=1/3 epoch_step=7700/22357 (34.44%) loss=0.216628 lr=0.000999331 elapsed=21:29 eta=02:45:42 val_mrr=0.701467
[TRAIN] 2026-04-22 16:26:55 step=7710/67071 (11.50%) epoch=1/3 epoch_step=7710/22357 (34.49%) loss=0.210716 lr=0.000999318 elapsed=21:31 eta=02:45:37 val_mrr=0.701467
[TRAIN] 2026-04-22 16:26:57 step=7720/67071 (11.51%) epoch=1/3 epoch_step=7720/22357 (34.53%) loss=0.205973 lr=0.000999304 elapsed=21:32 eta=02:45:33 val_mrr=0.701467
[TRAIN] 2026-04-22 16:26:58 step=7730/67071 (11.53%) epoch=1/3 epoch_step=7730/22357 (34.58%) loss=0.208075 lr=0.00099929 elapsed=21:33 eta=02:45:28 val_mrr=0.701467
[TRAIN] 2026-04-22 16:26:59 step=7740/67071 (11.54%) epoch=1/3 epoch_step=7740/22357 (34.62%) loss=0.212344 lr=0.000999276 elapsed=21:35 eta=02:45:23 val_mrr=0.701467
[TRAIN] 2026-04-22 16:27:00 step=7750/67071 (11.55%) epoch=1/3 epoch_step=7750/22357 (34.66%) loss=0.206142 lr=0.000999262 elapsed=21:36 eta=02:45:18 val_mrr=0.701467
[TRAIN] 2026-04-22 16:27:02 step=7760/67071 (11.57%) epoch=1/3 epoch_step=7760/22357 (34.71%) loss=0.226335 lr=0.000999248 elapsed=21:37 eta=02:45:13 val_mrr=0.701467
[TRAIN] 2026-04-22 16:27:03 step=7770/67071 (11.58%) epoch=1/3 epoch_step=7770/22357 (34.75%) loss=0.246010 lr=0.000999234 elapsed=21:38 eta=02:45:09 val_mrr=0.701467
[TRAIN] 2026-04-22 16:27:04 step=7780/67071 (11.60%) epoch=1/3 epoch_step=7780/22357 (34.80%) loss=0.211983 lr=0.000999219 elapsed=21:40 eta=02:45:04 val_mrr=0.701467
[TRAIN] 2026-04-22 16:27:06 step=7790/67071 (11.61%) epoch=1/3 epoch_step=7790/22357 (34.84%) loss=0.208667 lr=0.000999205 elapsed=21:41 eta=02:45:00 val_mrr=0.701467
[TRAIN] 2026-04-22 16:27:08 step=7800/67071 (11.63%) epoch=1/3 epoch_step=7800/22357 (34.89%) loss=0.221947 lr=0.00099919 elapsed=21:43 eta=02:45:04 val_mrr=0.701467
[TRAIN] 2026-04-22 16:27:09 step=7810/67071 (11.64%) epoch=1/3 epoch_step=7810/22357 (34.93%) loss=0.214140 lr=0.000999175 elapsed=21:45 eta=02:45:00 val_mrr=0.701467
[TRAIN] 2026-04-22 16:27:11 step=7820/67071 (11.66%) epoch=1/3 epoch_step=7820/22357 (34.98%) loss=0.250656 lr=0.00099916 elapsed=21:46 eta=02:44:56 val_mrr=0.701467
[TRAIN] 2026-04-22 16:27:12 step=7830/67071 (11.67%) epoch=1/3 epoch_step=7830/22357 (35.02%) loss=0.205414 lr=0.000999145 elapsed=21:47 eta=02:44:51 val_mrr=0.701467
[TRAIN] 2026-04-22 16:27:13 step=7840/67071 (11.69%) epoch=1/3 epoch_step=7840/22357 (35.07%) loss=0.212587 lr=0.00099913 elapsed=21:49 eta=02:44:48 val_mrr=0.701467
[TRAIN] 2026-04-22 16:27:15 step=7850/67071 (11.70%) epoch=1/3 epoch_step=7850/22357 (35.11%) loss=0.214745 lr=0.000999114 elapsed=21:50 eta=02:44:43 val_mrr=0.701467
[TRAIN] 2026-04-22 16:27:16 step=7860/67071 (11.72%) epoch=1/3 epoch_step=7860/22357 (35.16%) loss=0.222192 lr=0.000999099 elapsed=21:51 eta=02:44:39 val_mrr=0.701467
[TRAIN] 2026-04-22 16:27:17 step=7870/67071 (11.73%) epoch=1/3 epoch_step=7870/22357 (35.20%) loss=0.211900 lr=0.000999083 elapsed=21:53 eta=02:44:34 val_mrr=0.701467
[TRAIN] 2026-04-22 16:27:19 step=7880/67071 (11.75%) epoch=1/3 epoch_step=7880/22357 (35.25%) loss=0.210030 lr=0.000999067 elapsed=21:54 eta=02:44:30 val_mrr=0.701467
[TRAIN] 2026-04-22 16:27:20 step=7890/67071 (11.76%) epoch=1/3 epoch_step=7890/22357 (35.29%) loss=0.190998 lr=0.000999051 elapsed=21:55 eta=02:44:25 val_mrr=0.701467
[TRAIN] 2026-04-22 16:27:22 step=7900/67071 (11.78%) epoch=1/3 epoch_step=7900/22357 (35.34%) loss=0.204201 lr=0.000999035 elapsed=21:58 eta=02:44:29 val_mrr=0.701467
[TRAIN] 2026-04-22 16:27:23 step=7910/67071 (11.79%) epoch=1/3 epoch_step=7910/22357 (35.38%) loss=0.194376 lr=0.000999019 elapsed=21:59 eta=02:44:24 val_mrr=0.701467
[TRAIN] 2026-04-22 16:27:25 step=7920/67071 (11.81%) epoch=1/3 epoch_step=7920/22357 (35.43%) loss=0.218882 lr=0.000999003 elapsed=22:00 eta=02:44:20 val_mrr=0.701467
[TRAIN] 2026-04-22 16:27:26 step=7930/67071 (11.82%) epoch=1/3 epoch_step=7930/22357 (35.47%) loss=0.215689 lr=0.000998986 elapsed=22:02 eta=02:44:16 val_mrr=0.701467
[TRAIN] 2026-04-22 16:27:27 step=7940/67071 (11.84%) epoch=1/3 epoch_step=7940/22357 (35.51%) loss=0.236989 lr=0.000998969 elapsed=22:03 eta=02:44:12 val_mrr=0.701467
[TRAIN] 2026-04-22 16:27:29 step=7950/67071 (11.85%) epoch=1/3 epoch_step=7950/22357 (35.56%) loss=0.193375 lr=0.000998953 elapsed=22:04 eta=02:44:07 val_mrr=0.701467
[TRAIN] 2026-04-22 16:27:30 step=7960/67071 (11.87%) epoch=1/3 epoch_step=7960/22357 (35.60%) loss=0.224475 lr=0.000998936 elapsed=22:05 eta=02:44:03 val_mrr=0.701467
[TRAIN] 2026-04-22 16:27:31 step=7970/67071 (11.88%) epoch=1/3 epoch_step=7970/22357 (35.65%) loss=0.219350 lr=0.000998919 elapsed=22:07 eta=02:43:59 val_mrr=0.701467
[TRAIN] 2026-04-22 16:27:33 step=7980/67071 (11.90%) epoch=1/3 epoch_step=7980/22357 (35.69%) loss=0.209655 lr=0.000998902 elapsed=22:08 eta=02:43:55 val_mrr=0.701467
[TRAIN] 2026-04-22 16:27:34 step=7990/67071 (11.91%) epoch=1/3 epoch_step=7990/22357 (35.74%) loss=0.216271 lr=0.000998884 elapsed=22:10 eta=02:43:51 val_mrr=0.701467
[STAGE] 2026-04-22 16:27:36 val prep subsets global=50000 art_art=1986 art_any=50000
[STAGE] 2026-04-22 16:27:36 val prep negatives global=50000 art_art=1986 art_any=50000
[STAGE] 2026-04-22 16:27:36 val prep unique_entities=136092
[STAGE] 2026-04-22 16:27:41 val prep entity_bank_ready unique_entities=136092 emb_dim=512
[STAGE] 2026-04-22 16:27:41 val start step=8000 epoch=0 task=relation_ranking subset=global triples=50000 batches=98 eval_batch_size=512
[STAGE] 2026-04-22 16:27:42 val start step=8000 epoch=0 task=triple_scoring subset=global triples=50000 batches=98 eval_batch_size=512
[STAGE] 2026-04-22 16:27:43 val start step=8000 epoch=0 task=relation_ranking subset=art_art triples=1986 batches=4 eval_batch_size=512
[STAGE] 2026-04-22 16:27:43 val start step=8000 epoch=0 task=triple_scoring subset=art_art triples=1986 batches=4 eval_batch_size=512
[STAGE] 2026-04-22 16:27:43 val start step=8000 epoch=0 task=relation_ranking subset=art_any triples=50000 batches=98 eval_batch_size=512
[STAGE] 2026-04-22 16:27:44 val start step=8000 epoch=0 task=triple_scoring subset=art_any triples=50000 batches=98 eval_batch_size=512
[VAL] 2026-04-22 16:27:45 step=8000 epoch=0 mrr=0.697167 aucpr=0.959980 art_art_mrr=0.488501 art_art_aucpr=0.826212 art_any_mrr=0.697187 art_any_aucpr=0.872746
[STAGE] 2026-04-22 16:27:45 early stopping triggered at step=8000 epoch=0 no_improve_evals=5
[TRAIN] 2026-04-22 16:27:45 step=8000/67071 (11.93%) epoch=1/3 epoch_step=8000/22357 (35.78%) loss=0.193520 lr=0.000998867 elapsed=22:21 eta=02:45:00 val_mrr=0.701467
[STAGE] 2026-04-22 16:27:45 epoch completed epoch=1/3
[STAGE] 2026-04-22 16:27:47 test prep subsets global=1425681 art_art=2083 art_any=357035
[STAGE] 2026-04-22 16:27:52 test prep negatives global=1425681 art_art=2083 art_any=357035
[STAGE] 2026-04-22 16:27:52 test prep unique_entities=1442154
[STAGE] 2026-04-22 16:28:26 test prep entity_bank_ready unique_entities=1442154 emb_dim=512
[STAGE] 2026-04-22 16:28:26 test start step=8000 epoch=1 task=relation_ranking subset=global triples=1425681 batches=2785 eval_batch_size=512
[STAGE] 2026-04-22 16:29:10 test start step=8000 epoch=1 task=triple_scoring subset=global triples=1425681 batches=2785 eval_batch_size=512
[STAGE] 2026-04-22 16:29:20 test start step=8000 epoch=1 task=relation_ranking subset=art_art triples=2083 batches=5 eval_batch_size=512
[STAGE] 2026-04-22 16:29:20 test start step=8000 epoch=1 task=triple_scoring subset=art_art triples=2083 batches=5 eval_batch_size=512
[STAGE] 2026-04-22 16:29:20 test start step=8000 epoch=1 task=relation_ranking subset=art_any triples=357035 batches=698 eval_batch_size=512
[STAGE] 2026-04-22 16:29:31 test start step=8000 epoch=1 task=triple_scoring subset=art_any triples=357035 batches=698 eval_batch_size=512
[TEST] 2026-04-22 16:29:34 step=8000 epoch=1 mrr=0.510447 aucpr=0.960064 art_art_mrr=0.500234 art_art_aucpr=0.826840 art_any_mrr=0.704560 art_any_aucpr=0.874747
[STAGE] 2026-04-22 16:29:34 DONE train (1449.18s)
[RESULT] 2026-04-22 16:29:34 {"best_metric": 0.7014674449838985, "early_stopped": true, "stopped_epoch": 1, "stopped_step": 8000, "val_mrr": 0.6971671324325336, "val_hits1": 0.5442, "val_hits3": 0.81916, "val_hits10": 0.97178, "val_top1_acc": 0.5442, "val_auc": 0.9693937942, "val_aucpr": 0.9599796459689207, "val_art_art_mrr": 0.48850115595849747, "val_art_art_hits1": 0.32124874118831825, "val_art_art_hits3": 0.6027190332326284, "val_art_art_hits10": 0.7724068479355488, "val_art_art_top1_acc": 0.32124874118831825, "val_art_art_auc": 0.831571250515948, "val_art_art_aucpr": 0.8262123811309645, "val_art_any_mrr": 0.6971866879880891, "val_art_any_hits1": 0.54422, "val_art_any_hits3": 0.81918, "val_art_any_hits10": 0.9718, "val_art_any_top1_acc": 0.54422, "val_art_any_auc": 0.8965313688000001, "val_art_any_aucpr": 0.8727456637233626, "test_mrr": 0.5104466611544446, "test_hits1": 0.3560915800940042, "test_hits3": 0.5950370384398754, "test_hits10": 0.8258558541497011, "test_top1_acc": 0.3560915800940042, "test_auc": 0.9696765065522249, "test_aucpr": 0.9600639501004609, "test_art_art_mrr": 0.5002339951395914, "test_art_art_hits1": 0.34133461353816613, "test_art_art_hits3": 0.6087373979836774, "test_art_art_hits10": 0.7700432069131061, "test_art_art_top1_acc": 0.34133461353816613, "test_art_art_auc": 0.8335018480537298, "test_art_art_aucpr": 0.8268396267455262, "test_art_any_mrr": 0.7045598534383586, "test_art_any_hits1": 0.5541389499628888, "test_art_any_hits3": 0.8259946503844161, "test_art_any_hits10": 0.9731762992423711, "test_art_any_top1_acc": 0.5541389499628888, "test_art_any_auc": 0.8977731410676633, "test_art_any_aucpr": 0.8747474763771953}
